date,platform,campaign_type,industry,country,impressions,clicks,CTR,CPC,ad_spend,conversions,CPA,revenue,ROAS,conversion_rate,spend_efficiency,ctr_cpc_ratio,log_impressions,cost_per_impression,high_roas,platform_enc,campaign_type_enc,industry_enc,country_enc
2024-01-21,Google Ads,Search,Fintech,UAE,59886,2113,0.0353,1.26,2662.38,159,16.74,4803.43,1.8,0.07524846190250828,1.8041864797662241,0.028015850781070807,11.000214732168839,0.04445746919146378,0,0,1,2,4
2024-01-22,TikTok Ads,Search,EdTech,UK,135608,5220,0.0385,1.18,6159.6,411,14.99,64126.68,10.41,0.07873563218390804,10.410851353984024,0.032627090993990686,11.817531023967346,0.04542209899120996,1,2,1,1,5
2024-06-15,TikTok Ads,Video,Healthcare,USA,92313,5991,0.0649,0.85,5092.35,267,19.07,10489.07,2.06,0.04456685027541312,2.0597700472277043,0.07635285134958665,11.43295108829541,0.05516395307269832,0,2,3,3,6
2024-01-02,TikTok Ads,Shopping,SaaS,Germany,83953,5935,0.0707,1.32,7834.2,296,26.47,50505.07,6.45,0.04987363100252738,6.4467424880651505,0.053560565484420085,11.338024308779758,0.09331649851702738,1,2,2,4,2
2024-02-22,TikTok Ads,Search,Healthcare,UK,91807,4489,0.0489,1.93,8663.77,107,80.97,3369.53,0.39,0.02383604366228559,0.3889219127469912,0.02533677443690444,11.42745471878109,0.09436938359820057,0,2,1,3,5
2024-10-15,TikTok Ads,Search,Fintech,Canada,17666,724,0.041,0.37,267.88,23,11.65,5220.85,19.49,0.031767955801104975,19.489510228460507,0.11081051132294238,9.77945377161268,0.015163591078908637,1,2,1,2,1
2024-08-14,Meta Ads,Video,Fintech,USA,118252,3748,0.0317,0.42,1574.16,152,10.36,12838.56,8.16,0.04055496264674493,8.15581643543223,0.07547601077140292,11.680581676011226,0.01331191015796773,1,1,3,2,6
2024-04-05,TikTok Ads,Search,EdTech,UAE,92939,5176,0.0557,0.66,3416.16,388,8.8,96298.69,28.19,0.07496136012364761,28.1891626855885,0.08439381152452799,11.43970940263897,0.036757012664220615,1,2,1,1,4
2024-04-17,Meta Ads,Display,EdTech,Germany,30939,937,0.0303,0.59,552.83,63,8.78,16531.03,29.9,0.0672358591248666,29.902555939438884,0.051355845159584475,10.339805124127057,0.017868386179255957,1,1,0,1,2
2024-11-13,Google Ads,Shopping,Fintech,USA,8748,362,0.0414,1.21,438.02,10,43.8,966.57,2.21,0.027624309392265192,2.206680060271221,0.03421484775632417,9.076694687106265,0.05007087334247828,0,0,2,2,6
2024-04-22,Meta Ads,Video,E-commerce,UAE,98264,3144,0.032,1.56,4904.64,129,38.02,23127.27,4.72,0.04103053435114504,4.715385838715991,0.020512807363585024,11.495423189834087,0.049912887731010346,1,1,3,0,4
2024-09-11,Meta Ads,Video,Fintech,Canada,173229,5092,0.0294,1.72,8758.24,65,134.74,12320.17,1.41,0.012765121759622938,1.4066947240541479,0.017093013318015514,12.062375470272986,0.050558740164753015,0,1,3,2,1
2024-05-26,Meta Ads,Video,SaaS,Canada,147483,2138,0.0145,0.57,1218.66,159,7.66,42434.18,34.82,0.07436856875584659,34.82036006761525,0.02543855186218972,11.901474974301948,0.008263054046907102,1,1,3,4,1
2024-02-29,Google Ads,Shopping,SaaS,USA,116472,4006,0.0344,2.68,10736.08,291,36.89,78428.38,7.31,0.07264103844233649,7.305122540070491,0.012835816106038764,11.665414765470821,0.0921773473452847,1,0,2,4,6
2024-04-22,TikTok Ads,Shopping,EdTech,Canada,37711,2111,0.056,0.68,1435.48,92,15.6,13898.86,9.68,0.04358124111795358,9.682378019895785,0.08235282006938224,10.537733625175912,0.03806528599082496,1,2,2,1,1
2024-10-15,TikTok Ads,Shopping,E-commerce,Germany,96412,7047,0.0731,1.11,7822.17,194,40.32,36717.43,4.69,0.02752944515396623,4.694020968605899,0.06585579652630943,11.476396326278334,0.08113274281209808,1,2,2,0,2
2024-08-13,TikTok Ads,Video,Fintech,Canada,184476,8854,0.048,0.35,3098.9,198,15.65,56216.92,18.14,0.022362773887508472,18.140927425860788,0.137142465307242,12.125280073445248,0.0167983911186279,1,2,3,2,1
2024-08-20,TikTok Ads,Search,Fintech,Germany,38828,3607,0.0929,0.97,3498.79,116,30.16,8788.51,2.51,0.03215968949265317,2.511871246916791,0.09577309714113696,10.566922669110548,0.09010997218502112,0,2,1,2,2
2024-12-25,Meta Ads,Video,SaaS,Canada,187957,4586,0.0244,2.1,9630.6,271,35.54,34433.97,3.58,0.059092891408634975,3.575475048283596,0.011619042086170435,12.143973812598318,0.05123831514654948,0,1,3,4,1
2024-11-01,Google Ads,Video,SaaS,Canada,34592,1615,0.0467,1.15,1857.25,116,16.01,4344.96,2.34,0.0718266253869969,2.339458877372459,0.04060866034029536,10.451406628439226,0.053690159574468085,0,0,3,4,1
2024-07-04,Meta Ads,Shopping,Fintech,USA,185798,5889,0.0317,0.9,5300.1,400,13.25,41326.63,7.8,0.06792324673119375,7.797330239052092,0.03522218308646324,12.132420723216068,0.028526141293232436,1,1,2,2,6
2024-12-30,TikTok Ads,Video,EdTech,India,194407,13122,0.0675,0.85,11153.7,379,29.43,56289.95,5.05,0.028882792257277853,5.046751302258443,0.07941167128038673,12.17771432242512,0.05737293410216711,1,2,3,1,3
2024-11-13,Google Ads,Search,SaaS,UAE,188062,8143,0.0433,1.8,14657.4,614,23.87,124232.5,8.48,0.0754021859265627,8.47575286203556,0.02405554219136545,12.144532292059461,0.07793919026703959,1,0,1,4,4
2024-12-14,Meta Ads,Shopping,Healthcare,India,195710,4481,0.0229,0.53,2374.93,352,6.75,27223.39,11.46,0.07855389422004017,11.462817851473517,0.04320746564629123,12.184394360286902,0.0121349445608298,1,1,2,3,3
2024-04-09,Google Ads,Display,Healthcare,Australia,198824,9046,0.0455,3.61,32656.06,407,80.24,71482.19,2.19,0.04499226177315941,2.1889410418770665,0.012603874624965478,12.200180319825336,0.1642460668732145,0,0,0,3,0
2024-06-08,Meta Ads,Shopping,SaaS,USA,196962,5081,0.0258,2.06,10466.86,282,37.12,24196.95,2.31,0.05550088565243062,2.3117678081105506,0.01252426576491953,12.190771172821373,0.05314151968399996,0,1,2,4,6
2024-08-29,Google Ads,Shopping,SaaS,UAE,105386,3783,0.0359,1.82,6885.06,130,52.96,36776.35,5.34,0.03436426116838488,5.341471243533099,0.019725263887217646,11.565394567823994,0.06533182775700758,1,0,2,4,4
2024-09-05,Google Ads,Search,Healthcare,UAE,49425,1996,0.0404,1.27,2534.92,98,25.87,9253.27,3.65,0.04909819639278557,3.6503203256907515,0.03181099857401687,10.808231880509911,0.051288214466363176,0,0,1,3,4
2024-12-26,Meta Ads,Video,E-commerce,Canada,191141,4453,0.0233,1.23,5477.19,72,76.07,8367.46,1.53,0.01616887491578711,1.5276921194992321,0.018943074030021115,12.16077188630001,0.028655233571028716,0,1,3,0,1
2024-05-23,TikTok Ads,Shopping,EdTech,Canada,91900,4696,0.0511,0.53,2488.88,367,6.78,109696.83,44.07,0.07815161839863714,44.07477660634502,0.09641491242469352,11.428467189677395,0.02708248095756257,1,2,2,1,1
2024-11-26,Google Ads,Video,Healthcare,Canada,11801,795,0.0674,2.97,2361.15,57,41.42,3966.25,1.68,0.07169811320754717,1.6797958621857991,0.022693595052661598,9.376024287617113,0.20008050165240235,0,0,3,3,1
2024-11-16,Meta Ads,Display,Fintech,UAE,193926,5837,0.0301,1.0,5837.0,193,30.24,28429.29,4.87,0.033064930615041975,4.870531094740449,0.0300999699000301,12.175237078571328,0.030099109969782288,1,1,0,2,4
2024-02-27,Google Ads,Display,EdTech,India,35355,961,0.0272,2.22,2133.42,68,31.37,6145.22,2.88,0.07075962539021852,2.880454856521454,0.01225224673322219,10.47322338818084,0.06034280865507,0,0,0,1,3
2024-11-12,TikTok Ads,Shopping,Healthcare,UAE,133148,9120,0.0685,0.5,4560.0,279,16.34,83385.98,18.29,0.030592105263157896,18.286399122807016,0.136999726000548,11.799224080887177,0.03424760416979602,1,2,2,3,4
2024-01-12,Meta Ads,Video,E-commerce,Canada,104657,4029,0.0385,0.71,2860.59,204,14.02,10401.62,3.64,0.05063291139240506,3.6361799488916624,0.054225275739048256,11.55845317024619,0.02733300209254995,0,1,3,0,1
2024-05-24,TikTok Ads,Shopping,Fintech,India,174160,9683,0.0556,1.84,17816.72,512,34.8,73177.92,4.11,0.05287617473923371,4.107261044681625,0.030217374881861474,12.067735437738522,0.10230087276067984,0,2,2,2,3
2024-01-05,TikTok Ads,Display,Fintech,UAE,6015,410,0.0683,1.93,791.3,28,28.26,4383.32,5.54,0.06829268292682927,5.539390875774043,0.03538858270021622,8.702177865629675,0.13155444721529508,1,2,0,2,4
2024-01-06,Meta Ads,Search,Healthcare,Australia,17763,726,0.0409,1.94,1408.44,30,46.95,1946.19,1.38,0.04132231404958678,1.381805401721053,0.021082463359554972,9.784929216411992,0.07929066036142544,0,1,1,3,0
2024-10-14,TikTok Ads,Search,EdTech,India,97193,6230,0.0641,1.6,9968.0,306,32.58,81609.12,8.19,0.04911717495987159,8.187110754414125,0.04006247496095315,11.484464260148194,0.10255882625291945,1,2,1,1,3
2024-03-06,Meta Ads,Shopping,Healthcare,UAE,58682,1748,0.0298,1.49,2604.52,84,31.01,12746.65,4.89,0.04805491990846682,4.894049575353616,0.019999986577190217,10.97990535569447,0.044383627006577824,1,1,2,3,4
2024-03-21,TikTok Ads,Display,SaaS,Canada,108196,5334,0.0493,0.99,5280.66,289,18.27,27408.56,5.19,0.05418072740907386,5.190366355720687,0.049797929497040906,11.591708918577602,0.04880642537616917,1,2,0,4,1
2024-01-08,Google Ads,Search,Fintech,India,63243,1707,0.027,2.24,3823.68,37,103.34,3893.12,1.02,0.021675454012888107,1.0181605155243116,0.012053566047515155,11.054755540430035,0.060460129974858876,0,0,1,2,3
2024-08-20,Google Ads,Search,E-commerce,UAE,152979,4650,0.0304,0.79,3673.5,330,11.13,91949.73,25.03,0.07096774193548387,25.030551245406286,0.0384809639481469,11.938062472875856,0.02401309983723256,1,0,1,0,4
2024-01-08,Google Ads,Display,EdTech,USA,132600,6802,0.0513,1.53,10407.06,97,107.29,6779.29,0.65,0.014260511614231109,0.651412598755076,0.03352938985007199,11.795099898183592,0.07848461538461537,0,0,0,1,6
2024-09-30,Google Ads,Video,Fintech,Australia,110977,4150,0.0374,1.13,4689.5,197,23.8,18314.78,3.91,0.047469879518072286,3.9054867256637165,0.033097315843083334,11.617087262452415,0.042256503599845015,0,0,3,2,0
2024-03-07,Google Ads,Search,EdTech,UK,87152,3599,0.0413,2.63,9465.37,127,74.53,25958.5,2.74,0.03528757988330092,2.742470711657336,0.0157034160823513,11.375420473763612,0.10860760510372683,0,0,1,1,5
2024-08-16,Meta Ads,Shopping,Fintech,UAE,164096,1919,0.0117,0.66,1266.54,139,9.11,7181.17,5.67,0.07243355914538822,5.669911728014907,0.01772724586780929,12.008212995375423,0.007718286856474259,1,1,2,2,4
2024-08-10,Meta Ads,Shopping,Healthcare,Germany,21389,941,0.044,0.8,752.8,46,16.37,8479.43,11.26,0.048884165781083955,11.263854941551543,0.054999931250085926,9.970678802076451,0.035195661321239885,1,1,2,3,2
2024-04-27,Google Ads,Shopping,Healthcare,India,69323,2169,0.0313,2.19,4750.11,94,50.53,16337.12,3.44,0.04333794375288151,3.4393140369380926,0.014292230916789536,11.146546445569266,0.06852141424923906,0,0,2,3,3
2024-05-17,Google Ads,Display,SaaS,UAE,138291,3318,0.024,0.83,2753.94,217,12.69,12761.51,4.63,0.06540084388185655,4.633909961727562,0.02891562781249661,11.837122670715829,0.019914094192680653,1,0,0,4,4
2024-11-29,TikTok Ads,Shopping,EdTech,UK,72444,2339,0.0323,1.39,3251.21,153,21.25,12919.22,3.97,0.06541256947413425,3.9736651892679955,0.023237393354393274,11.190582932254822,0.04487894097509801,0,2,2,1,5
2024-12-04,Google Ads,Search,Healthcare,UAE,160002,7520,0.047,2.96,22259.2,403,55.23,70823.58,3.18,0.05359042553191489,3.1817666403105234,0.015878373014063172,11.982947844040185,0.13911826102173724,0,0,1,3,4
2024-08-12,Meta Ads,Search,E-commerce,USA,16246,448,0.0276,1.99,891.52,8,111.44,1955.09,2.19,0.017857142857142856,2.1929850143575016,0.013869339764150872,9.69566355532975,0.05487627723747384,0,1,1,0,6
2024-06-05,Meta Ads,Shopping,Fintech,Germany,15789,423,0.0268,1.81,765.63,7,109.38,1223.95,1.6,0.016548463356973995,1.5986181314734271,0.014806621653800192,9.667132107249687,0.04849135474064222,0,1,2,2,2
2024-06-05,Google Ads,Search,EdTech,Australia,25103,710,0.0283,2.34,1661.4,24,69.23,1896.75,1.14,0.03380281690140845,1.1416576381365113,0.012094011925635929,10.130782474972813,0.06618332470222683,0,0,1,1,0
2024-12-28,TikTok Ads,Display,SaaS,India,138515,4377,0.0316,0.51,2232.27,285,7.83,10321.59,4.62,0.06511309115832763,4.623808947842331,0.06196066282222976,11.838741121402913,0.01611572753853373,1,2,0,4,3
2024-02-20,Meta Ads,Search,EdTech,Australia,180399,6025,0.0334,0.7,4217.5,191,22.08,17456.79,4.14,0.03170124481327801,4.13913218731476,0.04771421755111779,12.10293188661066,0.023378732698074823,0,1,1,1,0
2024-05-16,Meta Ads,Video,E-commerce,UAE,62545,606,0.0097,1.96,1187.76,37,32.1,5627.66,4.74,0.06105610561056106,4.738044722839631,0.004948977066848436,11.043657565009315,0.018990486849468382,1,1,3,0,4
2024-06-30,Google Ads,Shopping,Fintech,Canada,72526,2146,0.0296,1.56,3347.76,168,19.93,25859.74,7.72,0.0782851817334576,7.724490405524889,0.01897434681131615,11.191714185307065,0.04615944626754544,1,0,2,2,1
2024-07-07,Meta Ads,Display,EdTech,Australia,67823,2075,0.0306,1.83,3797.25,26,146.05,4093.91,1.08,0.01253012048192771,1.0781249588518007,0.016721302338086153,11.124671393592418,0.05598764430945254,0,1,0,1,0
2024-06-23,Meta Ads,Display,E-commerce,India,164937,4453,0.027,1.08,4809.24,129,37.28,35127.5,7.3,0.02896923422411857,7.304168642030758,0.024999976851873284,12.013324924692393,0.029158042161552593,1,1,0,0,3
2024-12-14,Meta Ads,Search,EdTech,UK,114575,2039,0.0178,0.53,1080.67,113,9.56,10656.96,9.86,0.055419323197645906,9.861437811727908,0.03358484229275039,11.64899363724672,0.009431987780929523,1,1,1,1,5
2024-06-13,Google Ads,Shopping,Fintech,Germany,132157,2999,0.0227,0.93,2789.07,152,18.35,21855.26,7.84,0.050683561187062354,7.836038536142871,0.02440857590475709,11.791753455468385,0.021104216954077347,1,0,2,2,2
2024-01-11,TikTok Ads,Video,Healthcare,Germany,108145,3882,0.0359,0.94,3649.08,98,37.24,28726.52,7.87,0.025244719216898505,7.872263693862563,0.038191448732501354,11.591237445029165,0.03374247538027648,1,2,3,3,2
2024-04-29,TikTok Ads,Search,SaaS,India,72642,3014,0.0415,1.16,3496.24,59,59.26,15070.44,4.31,0.019575315195753153,4.310470677070224,0.03577583122773171,11.193312311981844,0.04812973211090003,1,2,1,4,3
2024-04-07,TikTok Ads,Display,Healthcare,UAE,131678,8374,0.0636,0.91,7620.34,505,15.09,29682.01,3.9,0.06030570814425603,3.895103105635706,0.06989003308787572,11.788122421714382,0.057871018697124806,0,2,0,3,4
2024-05-13,Google Ads,Video,E-commerce,Australia,34402,1314,0.0382,3.29,4323.06,17,254.3,1273.24,0.29,0.01293759512937595,0.2945228611215204,0.011610938720079416,10.445899048861305,0.12566304284634616,0,0,3,0,0
2024-10-08,Meta Ads,Video,Healthcare,Germany,58276,1183,0.0203,1.49,1762.67,89,19.81,20273.71,11.5,0.07523245984784446,11.501704800104386,0.013624151930099375,10.97296278334936,0.0302469284096369,1,1,3,3,2
2024-08-14,Google Ads,Shopping,EdTech,Canada,168059,3462,0.0206,3.08,10662.96,154,69.24,33243.77,3.12,0.04448295782784518,3.117686833674702,0.006688309516782624,12.03207633748221,0.06344771776578463,0,0,2,1,1
2024-08-16,Meta Ads,Video,Fintech,Canada,91123,1567,0.0172,2.33,3651.11,64,57.05,5119.1,1.4,0.0408423739629866,1.402066768736083,0.0073819710806991064,11.419976495313845,0.04006793016033274,0,1,3,2,1
2024-05-28,Meta Ads,Shopping,Fintech,Australia,16344,452,0.0277,0.9,406.8,5,81.36,1102.53,2.71,0.011061946902654867,2.710250737463127,0.030777743580284907,9.70167731915831,0.02488986784140969,0,1,2,2,0
2024-03-26,TikTok Ads,Video,SaaS,UAE,99457,5808,0.0584,1.6,9292.8,80,116.16,12231.1,1.32,0.013774104683195593,1.316191029614325,0.03649997718751426,11.507490723480183,0.09343535397206833,0,2,3,4,4
2024-06-07,Meta Ads,Video,E-commerce,India,57375,843,0.0147,1.61,1357.23,40,33.93,9739.81,7.18,0.04744958481613286,7.17624131503135,0.009130429111534713,10.957381376404859,0.023655424836601307,1,1,3,0,3
2024-04-17,Google Ads,Display,E-commerce,UAE,115017,2771,0.0241,2.56,7093.76,95,74.67,22528.38,3.18,0.03428365211115121,3.175802395344641,0.009414058822633272,11.652843916836268,0.06167575228009772,0,0,0,0,4
2024-09-28,Meta Ads,Search,EdTech,USA,90431,1853,0.0205,1.7,3150.1,57,55.26,14834.93,4.71,0.03076092822450081,4.709352084060824,0.012058816435990332,11.4123534660442,0.03483429354977828,1,1,1,1,6
2024-03-13,Meta Ads,Search,E-commerce,USA,140566,5046,0.0359,0.62,3128.52,384,8.15,59980.19,19.17,0.07609988109393578,19.17206538554972,0.05790313241430256,11.853439522417773,0.022256591209823144,1,1,1,0,6
2024-02-28,Meta Ads,Search,EdTech,Germany,133583,3954,0.0296,0.65,2570.1,255,10.08,31756.12,12.36,0.06449165402124431,12.355986148398895,0.04553839147939772,11.802485772433782,0.019239723617526183,1,1,1,1,2
2024-04-08,Google Ads,Video,E-commerce,USA,198555,13104,0.066,2.46,32235.84,336,95.94,58794.32,1.82,0.02564102564102564,1.823880500709769,0.02682925738648074,12.1988264551912,0.16235219460602857,0,0,3,0,6
2024-09-23,Meta Ads,Display,Healthcare,UK,88560,1319,0.0149,0.52,685.88,81,8.47,8584.02,12.52,0.06141015921152388,12.515337959993003,0.028653791050401823,11.391446859098352,0.0077448057813911475,1,1,0,3,5
2024-06-24,Google Ads,Display,Fintech,UAE,117217,5602,0.0478,3.49,19550.98,411,47.57,75729.26,3.87,0.07336665476615495,3.873425270753691,0.013696271147200243,11.67179072795004,0.1667930419649027,0,0,0,2,4
2024-08-24,Meta Ads,Shopping,Fintech,UAE,104616,4048,0.0387,1.77,7164.96,233,30.75,45906.84,6.41,0.05755928853754941,6.407131372680377,0.021864394426895802,11.558061341307955,0.0684881853636155,1,1,2,2,4
2024-02-14,TikTok Ads,Video,Healthcare,Canada,79553,2712,0.0341,0.31,840.72,170,4.95,16973.79,20.19,0.06268436578171091,20.18958749643163,0.10999964516243496,11.284191315342774,0.010568048973640215,1,2,3,3,1
2024-08-20,Google Ads,Search,Fintech,USA,170904,4751,0.0278,1.12,5321.12,326,16.32,44297.15,8.32,0.0686171332351084,8.324779369756744,0.02482140640945856,12.048863125551074,0.031135140195665403,1,0,1,2,6
2024-07-14,Google Ads,Search,Healthcare,India,88807,4999,0.0563,2.37,11847.63,348,34.04,103474.34,8.73,0.06961392278455691,8.733758566059203,0.02375526423828513,11.394232015012483,0.1334087403020032,1,0,1,3,3
2024-08-14,Meta Ads,Shopping,EdTech,Canada,157499,1574,0.01,1.76,2770.24,45,61.56,13465.06,4.86,0.028589580686149935,4.860611354972854,0.005681814953514231,11.967180737247824,0.017588937072616332,1,1,2,1,1
2024-09-27,Meta Ads,Search,E-commerce,Australia,46846,983,0.021,0.72,707.76,11,64.34,2501.87,3.53,0.011190233977619531,3.5349129648468405,0.02916662615746367,10.754642251464746,0.015108226956410366,0,1,1,0,0
2024-09-18,TikTok Ads,Search,Fintech,Germany,104986,6131,0.0584,0.36,2207.16,219,10.08,57679.5,26.13,0.03572011091175991,26.132903822106236,0.16222177160619,11.56159181195082,0.02102337454517745,1,2,1,2,2
2024-05-24,Meta Ads,Shopping,EdTech,India,172516,6314,0.0366,0.72,4546.08,335,13.57,82096.8,18.06,0.053056699398162814,18.058811107591595,0.05083326273157954,12.058251061322386,0.026351642746180064,1,1,2,1,3
2024-08-23,Meta Ads,Display,E-commerce,India,187099,2469,0.0132,0.83,2049.27,103,19.9,3413.17,1.67,0.04171729445119481,1.6655540753536626,0.015903595296873137,12.139398512262181,0.010952864526266842,0,1,0,0,3
2024-04-04,Google Ads,Shopping,SaaS,India,111661,3930,0.0352,0.84,3301.2,310,10.65,21226.88,6.43,0.07888040712468193,6.430049678904641,0.04190471201819998,11.623231730221047,0.02956448536194374,1,0,2,4,3
2024-06-09,Meta Ads,Display,EdTech,Germany,79441,3082,0.0388,0.53,1633.46,100,16.33,29391.59,17.99,0.03244646333549643,17.993455609564972,0.07320740904262445,11.282782474635773,0.020561926461147267,1,1,0,1,2
2024-04-15,Google Ads,Display,SaaS,Australia,14078,763,0.0542,2.26,1724.38,57,30.25,16289.72,9.45,0.07470511140235911,9.446711281736043,0.02398229027332289,9.552439604462528,0.12248756925699673,1,0,0,4,0
2024-01-07,Meta Ads,Shopping,Fintech,Australia,182235,5047,0.0277,0.74,3734.78,260,14.36,53450.65,14.31,0.0515157519318407,14.311592650704995,0.037432381848132634,12.113057829361987,0.020494306801657203,1,1,2,2,0
2024-02-24,Meta Ads,Video,SaaS,Canada,128629,2109,0.0164,1.29,2720.61,168,16.19,49256.62,18.1,0.07965860597439545,18.10499116007072,0.012713168439404312,11.764695345072761,0.021150829128734578,1,1,3,4,1
2024-04-02,Meta Ads,Display,Fintech,Canada,21309,432,0.0203,1.66,717.12,15,47.81,4449.98,6.21,0.034722222222222224,6.20534917447568,0.012228908295838377,9.966931725092662,0.03365338589328453,1,1,0,2,1
2024-09-06,Google Ads,Search,Fintech,USA,167932,6717,0.04,2.46,16523.82,247,66.9,38475.06,2.33,0.03677236861694209,2.3284603681231095,0.016260155991806507,12.03132036931592,0.09839589833980421,0,0,1,2,6
2024-01-08,TikTok Ads,Search,Fintech,UK,162795,8107,0.0498,0.96,7782.72,575,13.54,86383.64,11.1,0.0709263599358579,11.099415114510094,0.05187494596359795,12.000253162224158,0.047806873675481434,1,2,1,2,5
2024-08-18,Meta Ads,Search,EdTech,UK,50893,1124,0.0221,1.41,1584.84,29,54.65,2707.5,1.71,0.025800711743772242,1.7083743469372303,0.015673747749115074,10.8375003173979,0.0311406283771835,0,1,1,1,5
2024-09-22,TikTok Ads,Display,SaaS,UAE,81619,3623,0.0444,0.47,1702.81,222,7.67,46448.44,27.28,0.061275186309688104,27.277523622717744,0.09446788411088489,11.309829608959797,0.020862911822002228,1,2,0,4,4
2024-07-25,Meta Ads,Search,EdTech,Germany,154381,1698,0.011,1.85,3141.3,70,44.88,19750.24,6.29,0.04122497055359246,6.2872823353388725,0.005945942731922847,11.947185329465919,0.020347711182075515,1,1,1,1,2
2024-01-12,Google Ads,Search,Fintech,India,124273,3603,0.029,1.55,5584.65,167,33.44,20460.25,3.66,0.04635026366916459,3.663658420850009,0.018709665348603,11.730244084259809,0.044938562680550076,0,0,1,2,3
2024-12-01,Meta Ads,Video,Healthcare,Germany,6969,176,0.0253,1.08,190.08,10,19.01,2562.91,13.48,0.056818181818181816,13.48332281144781,0.023425904235273857,8.84937050375457,0.02727507533362032,1,1,3,3,2
2024-05-24,TikTok Ads,Display,SaaS,UK,29089,1076,0.037,0.65,699.4,40,17.48,8233.32,11.77,0.03717472118959108,11.771975979410923,0.056922989349247145,10.278149751489247,0.024043452851593386,1,2,0,4,5
2024-07-10,Google Ads,Shopping,SaaS,UK,10704,489,0.0457,1.71,836.19,36,23.23,5339.04,6.38,0.0736196319018405,6.384960355899975,0.026725130570099082,9.278466201023782,0.07811939461883409,1,0,2,4,5
2024-12-04,TikTok Ads,Search,E-commerce,Australia,22772,1045,0.0459,0.95,992.75,38,26.12,5743.6,5.79,0.03636363636363636,5.785545202719718,0.04831573861501199,10.033330902684877,0.04359520463727384,1,2,1,0,0
2024-04-11,Google Ads,Search,Fintech,Germany,68449,3285,0.048,2.38,7818.3,243,32.17,60681.21,7.76,0.07397260273972603,7.7614327922949995,0.020168058752916492,11.133858830716594,0.11422080673201947,1,0,1,2,2
2024-10-26,Google Ads,Search,SaaS,UAE,51819,2497,0.0482,2.88,7191.36,138,52.11,37600.62,5.23,0.0552663195835002,5.228582632492325,0.016736105299963437,10.8555314541161,0.13877844034041567,1,0,1,4,4
2024-11-19,Google Ads,Video,Fintech,Australia,173722,3821,0.022,1.54,5884.34,201,29.28,44895.5,7.63,0.052604030358544884,7.62965770162839,0.014285705009282461,12.065217355668425,0.033872163571683496,1,0,3,2,0
2024-12-15,Google Ads,Shopping,SaaS,USA,119014,5938,0.0499,2.88,17101.44,95,180.02,23773.95,1.39,0.015998652745031997,1.3901724065341867,0.017326382872783725,11.687004814570148,0.14369267481136672,0,0,2,4,6
2024-05-20,Google Ads,Search,SaaS,Australia,159741,6868,0.043,1.37,9409.16,336,28.0,33272.11,3.54,0.0489225393127548,3.5361403143319916,0.03138683840376758,11.981315292738563,0.058902598581453726,0,0,1,4,0
2024-02-29,Google Ads,Shopping,Fintech,Germany,167982,7693,0.0458,2.64,20309.52,193,105.23,10777.69,0.53,0.02508774210321071,0.5306718228692752,0.01734847827709156,12.031618062789104,0.12090295388791657,0,0,2,2,2
2024-06-08,Google Ads,Video,Fintech,Germany,96658,2822,0.0292,3.37,9510.14,112,84.91,25060.16,2.64,0.039688164422395464,2.6350989575337485,0.008664685856176304,11.478944599804487,0.09838957975542634,0,0,3,2,2
2024-01-19,Meta Ads,Video,EdTech,India,43467,991,0.0228,1.9,1882.9,25,75.32,3146.23,1.67,0.025227043390514632,1.6709490679271337,0.011999993684213853,10.679780314182743,0.04331791934110935,0,1,3,1,3
2024-01-05,Google Ads,Search,EdTech,UK,41378,2023,0.0489,1.23,2488.29,73,34.09,9343.63,3.76,0.03608502224419179,3.755040610218262,0.03975606523897135,10.63052878474363,0.06013557929334429,0,0,1,1,5
2024-10-26,TikTok Ads,Video,EdTech,India,100673,5718,0.0568,1.05,6003.9,196,30.63,41067.13,6.84,0.03427771948233648,6.840075617515282,0.05409518657601279,11.519642852717753,0.059637638691605495,1,2,3,1,3
2024-12-13,TikTok Ads,Shopping,Healthcare,Australia,191994,14898,0.0776,1.08,16089.84,936,17.19,60355.75,3.75,0.06282722513089005,3.751171546764915,0.071851785322421,12.165224609004161,0.08380386887090222,0,2,2,3,0
2024-05-21,TikTok Ads,Display,EdTech,UK,152235,6104,0.0401,0.73,4455.92,252,17.68,48424.44,10.87,0.04128440366972477,10.867439271800212,0.054931431600778624,11.933187227321124,0.02927001018162709,1,2,0,1,5
2024-12-07,Meta Ads,Video,Fintech,Australia,66929,1539,0.023,1.21,1862.19,38,49.01,9540.22,5.12,0.024691358024691357,5.12311847878036,0.019008248753513427,11.111402576094688,0.027823365058494823,1,1,3,2,0
2024-05-09,Google Ads,Video,SaaS,Canada,188202,7189,0.0382,1.15,8267.35,376,21.99,88923.49,10.76,0.05230212825149534,10.755984686749684,0.03321736241968486,12.14527644649521,0.043928066651789034,1,0,3,4,1
2024-01-25,Google Ads,Video,Fintech,USA,184316,4091,0.0222,1.04,4254.64,309,13.77,82363.46,19.36,0.0755316548521144,19.358502717033637,0.021346133321025654,12.12441238031554,0.023083400247401204,1,0,3,2,6
2024-09-10,Google Ads,Video,Healthcare,Canada,65545,3355,0.0512,1.77,5938.35,196,30.3,57936.29,9.76,0.058420268256333834,9.75629425682218,0.02892653732963993,11.090507465209402,0.0905995880692654,1,0,3,3,1
2024-06-04,Google Ads,Video,Healthcare,USA,33141,798,0.0241,3.29,2625.42,42,62.51,7236.65,2.76,0.05263157894736842,2.756378027134706,0.007325225737013453,10.408556639189738,0.07921969765547207,0,0,3,3,6
2024-07-09,Meta Ads,Video,Healthcare,Germany,76229,1562,0.0205,1.01,1577.62,30,52.59,4290.5,2.72,0.019206145966709345,2.7196029462101143,0.020297009606921185,11.24151036498232,0.020695798187041675,0,1,3,3,2
2024-11-09,TikTok Ads,Search,SaaS,Australia,141614,10677,0.0754,0.35,3736.95,305,12.25,62355.52,16.69,0.028566076613280884,16.686206665863875,0.21542795592012595,11.860867386834727,0.026388280819692966,1,2,1,4,0
2024-07-14,Meta Ads,Shopping,Healthcare,UK,161193,4916,0.0305,1.37,6734.92,377,17.86,91408.9,13.57,0.07668836452400325,13.572380963693703,0.0222627574724398,11.99036388751828,0.04178171508688343,1,1,2,3,5
2024-02-17,Google Ads,Search,SaaS,Germany,142244,4935,0.0347,2.98,14706.3,127,115.8,34307.21,2.33,0.025734549138804456,2.3328240277976104,0.01164429139453309,11.865306201985938,0.1033878406119063,0,0,1,4,2
2024-03-27,Meta Ads,Search,Fintech,UAE,178063,1851,0.0104,0.45,832.95,64,13.01,7044.13,8.46,0.03457590491626148,8.456846149228644,0.023111059753200547,12.089898315213206,0.004677838742467554,1,1,1,2,4
2024-01-28,Google Ads,Video,Fintech,Australia,193978,5780,0.0298,1.73,9999.4,177,56.49,42071.17,4.21,0.030622837370242215,4.20736944216653,0.017225423569119325,12.17550518476361,0.05154914474837353,0,0,3,2,0
2024-02-18,Meta Ads,Display,SaaS,Canada,187051,6284,0.0336,2.01,12630.84,493,25.62,94906.46,7.51,0.07845321451304901,7.513867644590542,0.016716409593826073,12.139141932047384,0.06752618269883615,1,1,0,4,1
2024-01-11,Meta Ads,Video,EdTech,UK,152977,5491,0.0359,1.35,7412.85,147,50.43,9232.39,1.25,0.026771079949007466,1.2454575500650895,0.02659257289439045,11.938049399186005,0.04845728442837813,0,1,3,1,5
2024-05-01,Google Ads,Display,E-commerce,UAE,129447,4310,0.0333,2.7,11637.0,211,55.15,16618.47,1.43,0.048955916473317866,1.4280716679556589,0.01233332876543379,11.771034535079645,0.08989779600917751,0,0,0,0,4
2024-01-22,Google Ads,Shopping,Fintech,USA,28387,672,0.0237,3.32,2231.04,41,54.42,7232.57,3.24,0.06101190476190476,3.2417930651176134,0.007138552066701185,10.253721799644874,0.07859372247859936,0,0,2,2,6
2024-04-27,Meta Ads,Shopping,Fintech,Australia,88986,1308,0.0147,0.75,981.0,80,12.26,21439.34,21.85,0.06116207951070336,21.854576962283385,0.01959997386670151,11.396245570629663,0.011024206054885037,1,1,2,2,0
2024-01-10,Google Ads,Video,SaaS,UK,170268,7917,0.0465,3.14,24859.38,98,253.67,22672.12,0.91,0.01237842617152962,0.9120147002861696,0.014808912481238062,12.045134818372247,0.1460014800197336,0,0,3,4,5
2024-01-20,Google Ads,Display,Healthcare,USA,122322,6152,0.0503,1.23,7566.96,155,48.82,10417.89,1.38,0.025195058517555265,1.3767602841828157,0.040894275695710816,11.71442036613607,0.06186098984647079,0,0,0,3,6
2024-02-07,Meta Ads,Display,Healthcare,UK,69429,2430,0.035,1.59,3863.7,119,32.47,21584.01,5.59,0.04897119341563786,5.586357636462458,0.022012564771971842,11.148074329747319,0.05564965648360195,1,1,0,3,5
2024-06-07,Meta Ads,Display,SaaS,Canada,196675,4031,0.0205,1.97,7941.07,186,42.69,27686.79,3.49,0.04614239642768544,3.4865314120137465,0.010406086088281174,12.189312983714833,0.04037661116054404,0,1,0,4,1
2024-05-25,Google Ads,Video,E-commerce,Australia,104134,3603,0.0346,3.46,12466.38,234,53.28,14496.48,1.16,0.0649458784346378,1.162845990576254,0.009999997109827425,11.553443413273117,0.11971479055831909,0,0,3,0,0
2024-12-24,Meta Ads,Display,EdTech,Canada,150544,2890,0.0192,1.7,4913.0,170,28.9,47769.42,9.72,0.058823529411764705,9.723065336861389,0.011294111003464115,11.922017321800741,0.032634977149537676,1,1,0,1,1
2024-10-28,TikTok Ads,Video,SaaS,Canada,75553,3331,0.0441,0.44,1465.64,203,7.22,33301.04,22.72,0.06094265986190333,22.72115935700445,0.10022704493853424,11.232602911368835,0.019398832607573493,1,2,3,4,1
2024-10-23,Meta Ads,Search,EdTech,India,149565,2437,0.0163,0.37,901.69,30,30.06,3133.33,3.47,0.012310217480508822,3.4749525890272706,0.04405393498936489,11.915493045964881,0.006028750041787852,0,1,1,1,3
2024-04-15,Google Ads,Display,SaaS,India,12896,535,0.0415,0.98,524.3,20,26.21,2475.65,4.72,0.037383177570093455,4.721819568949075,0.042346895564392285,9.464750005164392,0.04065601736972704,1,0,0,4,3
2024-05-22,TikTok Ads,Display,Fintech,Germany,70428,3310,0.047,1.17,3872.7,164,23.61,25462.93,6.57,0.04954682779456193,6.574981279210887,0.040170905836832624,11.162360389143696,0.054988072925540976,1,2,0,2,2
2024-06-09,TikTok Ads,Shopping,EdTech,USA,12345,456,0.037,0.62,282.72,21,13.46,5118.94,18.11,0.046052631578947366,18.106041312959817,0.059677323101091764,9.421087402953841,0.02290157958687728,1,2,2,1,6
2024-11-25,Meta Ads,Display,SaaS,USA,18140,455,0.0251,1.15,523.25,29,18.04,1746.46,3.34,0.06373626373626373,3.337716196846632,0.0218260679773322,9.805929848941323,0.028845093715545757,0,1,0,4,6
2024-02-18,Google Ads,Video,Fintech,Australia,42823,1588,0.0371,2.97,4716.36,33,142.92,3266.45,0.69,0.020780856423173802,0.6925785987498834,0.012491578285663876,10.664853972073217,0.11013614179296172,0,0,3,2,0
2024-01-26,TikTok Ads,Shopping,SaaS,Germany,34118,1470,0.0431,0.85,1249.5,55,22.72,3037.11,2.43,0.03741496598639456,2.4306602641056423,0.050705822699032115,10.437609692852554,0.036622897004513745,0,2,2,4,2
2024-01-08,Meta Ads,Video,EdTech,UK,127775,3871,0.0303,0.76,2941.96,159,18.5,28717.22,9.76,0.04107465771118574,9.761254401827353,0.03986836859425185,11.758034009862948,0.02302453531598513,1,1,3,1,5
2024-09-15,Google Ads,Shopping,Fintech,UAE,136354,3736,0.0274,1.16,4333.76,152,28.51,29811.83,6.88,0.04068522483940043,6.878975762386473,0.023620669292526476,11.823017057935095,0.031783152676122445,1,0,2,2,4
2024-10-28,Google Ads,Shopping,E-commerce,Germany,115454,7227,0.0626,2.46,17778.42,154,115.44,5144.22,0.29,0.0213089802130898,0.28935192216181194,0.025447144127177183,11.656636122636527,0.15398704245846828,0,0,2,0,2
2024-06-02,Meta Ads,Search,EdTech,USA,37994,1379,0.0363,1.06,1461.74,58,25.2,7343.12,5.02,0.04205946337926034,5.023547279269911,0.03424525071202763,10.545209851103886,0.038472916776333105,1,1,1,1,6
2024-10-12,Meta Ads,Video,EdTech,Germany,74615,2327,0.0312,1.1,2559.7,129,19.84,25496.94,9.96,0.05543618392780404,9.960909481579872,0.028363610578535835,11.220110240406699,0.03430543456409569,1,1,3,1,2
2024-12-15,Google Ads,Search,EdTech,Canada,176790,4490,0.0254,1.49,6690.1,250,26.76,74442.63,11.13,0.0556792873051225,11.127282103406527,0.017046968424853405,12.082723522912602,0.03784207251541377,1,0,1,1,1
2024-10-29,Google Ads,Shopping,Fintech,Germany,60077,1994,0.0332,3.11,6201.34,28,221.48,7635.29,1.23,0.014042126379137413,1.2312322820551687,0.010675237725003946,11.003398996935857,0.10322319689731511,0,0,2,2,2
2024-03-31,Meta Ads,Display,Fintech,Canada,151295,2163,0.0143,1.58,3417.54,85,40.21,3173.67,0.93,0.039297272306981046,0.9286416545234292,0.009050627183147352,11.92699346188566,0.022588585214316403,0,1,0,2,1
2024-04-19,TikTok Ads,Display,E-commerce,Canada,20282,1740,0.0858,1.25,2175.0,94,23.14,14237.0,6.55,0.054022988505747126,6.5457471264367815,0.06863994508804394,9.917538375758788,0.10723794497584065,1,2,0,0,1
2024-10-12,Google Ads,Search,Healthcare,Germany,185488,3950,0.0213,1.39,5490.5,289,19.0,75172.15,13.69,0.07316455696202531,13.691312266642381,0.015323729982928072,12.130750860079985,0.029600297593375312,1,0,1,3,2
2024-09-11,Meta Ads,Display,E-commerce,Australia,28567,999,0.035,1.69,1688.31,68,24.83,13037.25,7.72,0.06806806806806807,7.722071183609645,0.020710046917132005,10.260042489274284,0.05910001050162775,1,1,0,0,0
2024-11-19,Google Ads,Search,E-commerce,UAE,96170,5145,0.0535,2.12,10907.4,268,40.7,72622.99,6.66,0.05208940719144801,6.658139428278051,0.025235837152907,11.47388313590556,0.11341790579182696,1,0,1,0,4
2024-02-07,Meta Ads,Shopping,Healthcare,Canada,101019,2515,0.0249,1.69,4250.35,72,59.03,11353.12,2.67,0.028628230616302187,2.671102379804016,0.01473371909247391,11.523073796022043,0.04207475821380137,0,1,2,3,1
2024-03-01,TikTok Ads,Shopping,E-commerce,UK,91795,3800,0.0414,1.22,4636.0,157,29.53,24815.09,5.35,0.04131578947368421,5.352694132873166,0.03393439841442753,11.427324002674503,0.05050384007843565,1,2,2,0,5
2024-07-08,Meta Ads,Search,E-commerce,India,22543,333,0.0148,1.49,496.17,12,41.35,642.18,1.29,0.036036036036036036,1.2942741399117237,0.009932879239678364,10.023224234138462,0.02200993656567449,0,1,1,0,3
2024-02-28,Meta Ads,Shopping,Healthcare,Canada,119598,1064,0.0089,2.0,2128.0,64,33.25,17165.43,8.07,0.06015037593984962,8.066461466165414,0.004449997775001113,11.6918997592597,0.017792939681265572,1,1,2,3,1
2024-08-27,Meta Ads,Search,EdTech,UAE,158504,4897,0.0309,0.43,2105.71,255,8.26,54921.72,26.08,0.05207269756994078,26.08228103585014,0.07186029799930699,11.97354141754324,0.013284901327411296,1,1,1,1,4
2024-03-22,Google Ads,Display,E-commerce,Australia,39542,1209,0.0306,1.85,2236.65,42,53.25,7992.11,3.57,0.034739454094292806,3.573250173250173,0.01654053159971265,10.585143966380576,0.05656390673208234,0,0,0,0,0
2024-07-19,Google Ads,Display,Fintech,India,110848,3181,0.0287,2.45,7793.45,186,41.9,32321.78,4.15,0.0584721785602012,4.147300617826508,0.011714280932946556,11.615924193803947,0.07030753825057737,0,0,0,2,3
2024-12-22,Meta Ads,Video,Healthcare,Australia,79964,1487,0.0186,1.07,1591.09,22,72.32,3882.65,2.44,0.014794889038332213,2.4402453663840515,0.017383161324148293,11.289344317924972,0.01989757891050973,0,1,3,3,0
2024-12-19,TikTok Ads,Display,EdTech,Germany,105127,7747,0.0737,0.88,6817.36,460,14.82,99299.9,14.57,0.059377823673680136,14.565740990647406,0.0837499048296536,11.562933934323475,0.06484880192529036,1,2,0,1,2
2024-01-07,Google Ads,Shopping,EdTech,UAE,73803,1505,0.0204,2.12,3190.6,98,32.56,18709.86,5.86,0.06511627906976744,5.864056917194259,0.009622636970454259,11.209168209661772,0.04323130496050296,1,0,2,1,4
2024-06-24,Google Ads,Shopping,Healthcare,UK,96575,4925,0.051,2.4,11820.0,181,65.3,7335.74,0.62,0.036751269035532996,0.6206209813874788,0.021249991145837022,11.47808554212752,0.1223919233756148,0,0,2,3,5
2024-02-20,Google Ads,Shopping,Fintech,UK,162489,4500,0.0277,3.03,13635.0,184,74.1,54944.54,4.03,0.04088888888888889,4.029669233590026,0.00914191117428674,11.998371740396822,0.08391337259752968,0,0,2,2,5
2024-05-05,Meta Ads,Search,Healthcare,Canada,76155,3548,0.0466,1.25,4435.0,243,18.25,30659.34,6.91,0.06848928974069898,6.913041713641488,0.037279970176023865,11.240539147077568,0.05823649136629243,1,1,1,3,1
2024-12-06,TikTok Ads,Search,Fintech,UK,180021,13105,0.0728,1.61,21099.05,880,23.98,75656.62,3.59,0.06714994276993513,3.5857832461651116,0.045217363219029055,12.100834344626042,0.117203270729526,0,2,1,2,5
2024-04-13,TikTok Ads,Video,EdTech,UK,79965,3070,0.0384,1.02,3131.4,237,13.21,65306.0,20.86,0.0771986970684039,20.85520853292457,0.03764702191468439,11.289356823317922,0.039159632339148376,1,2,3,1,5
2024-05-28,Meta Ads,Search,EdTech,India,49789,622,0.0125,2.08,1293.76,48,26.95,7704.96,5.96,0.07717041800643087,5.95547860499629,0.006009612495378608,10.815569439636228,0.025984856092711242,1,1,1,1,3
2024-04-11,TikTok Ads,Video,SaaS,Germany,195026,9653,0.0495,1.83,17664.99,371,47.61,94022.57,5.32,0.03843364757070341,5.322537403078066,0.027049165546904074,12.180893289499432,0.09057761529232,1,2,3,4,2
2024-02-17,TikTok Ads,Shopping,Healthcare,Canada,130438,7721,0.0592,1.6,12353.6,353,35.0,70310.53,5.69,0.04571946639036394,5.691501262789794,0.036999976875014454,11.778660963513856,0.09470859718793603,1,2,2,3,1
2024-12-14,TikTok Ads,Shopping,SaaS,India,141917,4796,0.0338,0.66,3165.36,369,8.58,11953.05,3.78,0.07693911592994161,3.7762055500796112,0.05121204361811572,11.863004704997659,0.022304304628761883,0,2,2,4,3
2024-11-22,TikTok Ads,Shopping,SaaS,USA,146958,7494,0.051,1.68,12589.92,538,23.4,117826.98,9.36,0.0717907659460902,9.358834686797056,0.03035712478742572,11.897908915293183,0.08567019148328094,1,2,2,4,6
2024-09-16,Google Ads,Video,E-commerce,UK,13605,300,0.0221,2.08,624.0,21,29.71,4495.51,7.2,0.07,7.204342948717949,0.010624994891829378,9.518266150905006,0.04586549062844542,1,0,3,0,5
2024-05-23,Google Ads,Display,SaaS,Germany,116041,6428,0.0554,1.75,11249.0,74,152.01,13873.48,1.23,0.011512134411947728,1.2333078495866299,0.03165712476735728,11.661707473522869,0.09693987469945968,0,0,0,4,2
2024-09-25,TikTok Ads,Search,E-commerce,India,170396,10138,0.0595,1.08,10949.04,494,22.16,99795.18,9.11,0.048727559676464784,9.11451414918568,0.055092541580980016,12.04588628758857,0.0642564379445527,1,2,1,0,3
2024-02-22,Meta Ads,Display,EdTech,India,19743,619,0.0314,1.25,773.75,41,18.87,9219.46,11.92,0.06623586429725363,11.91529563812601,0.025119979904016078,9.890604926705114,0.039191105708352325,1,1,0,1,3
2024-08-28,Google Ads,Search,E-commerce,Australia,94081,5588,0.0594,2.69,15031.72,88,170.81,24757.88,1.65,0.015748031496062992,1.6470423876974825,0.022081776177778373,11.451922021409896,0.1597742370935683,0,0,1,0,0
2024-06-10,TikTok Ads,Video,Fintech,USA,141643,8526,0.0602,0.46,3921.96,379,10.35,51038.1,13.01,0.044452263664086326,13.013416761007251,0.13086928071895496,11.86107214643708,0.027689049229400676,1,2,3,2,6
2024-01-23,Meta Ads,Shopping,SaaS,Australia,90716,3002,0.0331,1.47,4412.94,194,22.75,39560.54,8.96,0.06462358427714857,8.964667545899108,0.022516991485039807,11.415500049631726,0.048645663389038314,1,1,2,4,0
2024-12-20,Google Ads,Search,EdTech,USA,72055,1678,0.0233,3.17,5319.26,41,129.74,8506.9,1.6,0.02443384982121573,1.599263807371702,0.007350155410045613,11.185198873463579,0.07382221913815835,0,0,1,1,6
2024-04-18,Meta Ads,Shopping,E-commerce,Germany,112692,2096,0.0186,2.27,4757.92,89,53.46,16587.58,3.49,0.042461832061068704,3.486309143491274,0.008193828989502647,11.632422586297608,0.042220565789940726,0,1,2,0,2
2024-11-08,Google Ads,Video,Fintech,UAE,31672,877,0.0277,0.72,631.44,16,39.47,2266.94,3.59,0.018244013683010263,3.590111491194729,0.038472168788654455,10.363219861917235,0.01993685274059106,0,0,3,2,4
2024-06-30,Meta Ads,Video,E-commerce,Germany,59131,1425,0.0241,1.04,1482.0,66,22.45,19372.57,13.07,0.04631578947368421,13.071909581646423,0.023173054641293614,10.98752751202098,0.025062995721364428,1,1,3,0,2
2024-06-23,Google Ads,Search,SaaS,Canada,119397,3868,0.0324,1.8,6962.4,193,36.07,35393.3,5.08,0.049896587383660804,5.0834913248305185,0.017999990000005555,11.690217729381589,0.05831302294027488,1,0,1,4,1
2024-11-02,Meta Ads,Search,EdTech,Australia,157008,5024,0.032,0.72,3617.28,379,9.54,73104.85,20.21,0.07543789808917198,20.209895280431706,0.044444382716135114,11.964058407528203,0.023038826047080404,1,1,1,1,0
2024-01-04,Meta Ads,Shopping,EdTech,UK,117217,2133,0.0182,1.29,2751.57,129,21.33,25455.36,9.25,0.06047819971870605,9.251212943882946,0.014108516194948687,11.67179072795004,0.023474154772771868,1,1,2,1,5
2024-10-27,TikTok Ads,Search,SaaS,Canada,111956,5911,0.0528,1.57,9280.27,253,36.68,68395.54,7.37,0.042801556420233464,7.369994623001269,0.03363055182767399,11.62587014798636,0.08289211833220195,1,2,1,4,1
2024-01-05,Meta Ads,Display,SaaS,USA,10939,113,0.0104,1.18,133.34,6,22.22,1684.43,12.63,0.05309734513274336,12.632593370331483,0.00881355185292216,9.300181075975972,0.012189414023219674,1,1,0,4,6
2024-08-10,TikTok Ads,Display,SaaS,India,72293,4532,0.0627,1.81,8202.92,169,48.54,35145.36,4.28,0.03729037952338923,4.2844938143978,0.0346408648393012,11.188496417151331,0.11346769396760406,0,2,0,4,3
2024-02-17,Google Ads,Shopping,Fintech,Germany,78402,4531,0.0578,2.75,12460.25,105,118.67,25620.07,2.06,0.023173692341646436,2.0561441383599846,0.02101817417520939,11.269617470912523,0.15892770592586924,0,0,2,2,2
2024-10-25,TikTok Ads,Display,E-commerce,Canada,160892,9122,0.0567,0.64,5838.08,590,9.9,170654.73,29.23,0.06467879850909888,29.231310636373603,0.08859361157248191,11.988494826751309,0.0362857071824578,1,2,0,0,1
2024-03-14,TikTok Ads,Search,EdTech,USA,154092,8860,0.0575,1.17,10366.2,246,42.14,23706.53,2.29,0.02776523702031603,2.286906484536281,0.04914525714080587,11.945311595227789,0.06727279806868625,0,2,1,1,6
2024-01-10,Meta Ads,Shopping,Healthcare,UAE,73323,1928,0.0263,1.71,3296.88,121,27.25,33634.99,10.2,0.06275933609958506,10.202066802552716,0.015380107964849146,11.202643255839256,0.04496379035227691,1,1,2,3,4
2024-01-17,TikTok Ads,Video,SaaS,India,58521,3318,0.0567,1.85,6138.3,39,157.39,10013.26,1.63,0.011754068716094032,1.6312757603896844,0.030648632081820497,10.977158030900029,0.10489055210949916,0,2,3,4,3
2024-10-04,TikTok Ads,Search,SaaS,USA,48361,2713,0.0561,0.87,2360.31,54,43.71,7890.9,3.34,0.019904165130851456,3.343162550681902,0.06448268450266148,10.786469660366542,0.04880606273650255,0,2,1,4,6
2024-05-11,TikTok Ads,Display,Healthcare,UAE,179870,7500,0.0417,1.44,10800.0,112,96.43,5446.79,0.5,0.014933333333333333,0.5043324074074074,0.028958313223393598,12.099995206277363,0.06004336465224885,0,2,0,3,4
2024-10-06,TikTok Ads,Search,E-commerce,Canada,114850,8234,0.0717,1.63,13421.42,245,54.78,35478.84,2.64,0.029754675734758318,2.643449053825899,0.04398770307502879,11.65139091508848,0.11686042664344798,0,2,1,0,1
2024-06-17,Google Ads,Display,Healthcare,India,54976,2611,0.0475,1.32,3446.52,187,18.43,8230.48,2.39,0.07162006893910379,2.388055197706672,0.03598482122362029,10.914670194934025,0.06269135622817229,0,0,0,3,3
2024-08-26,Google Ads,Shopping,Fintech,Australia,162636,9237,0.0568,1.41,13024.17,738,17.65,102989.98,7.91,0.07989607015264696,7.907604093005542,0.04028365937329123,11.999276002485278,0.08008171622518999,1,0,2,2,0
2024-05-28,Google Ads,Display,Healthcare,India,23375,1175,0.0503,1.42,1668.5,15,111.23,1524.57,0.91,0.01276595744680851,0.9137368894216361,0.03542251026583784,10.05946513399048,0.07137967914438503,0,0,0,3,3
2024-12-22,Meta Ads,Shopping,E-commerce,Canada,167917,6246,0.0372,0.6,3747.6,413,9.07,25997.62,6.94,0.06612231828370158,6.937138435265236,0.06199989666683888,12.031231043990045,0.022318169095445962,1,1,2,0,1
2024-09-07,Google Ads,Search,E-commerce,USA,71216,2357,0.0331,3.17,7471.69,179,41.74,29354.19,3.93,0.0759439966058549,3.928721614520945,0.01044163708465707,11.173486832945413,0.10491588968771062,0,0,1,0,6
2024-12-04,Google Ads,Video,EdTech,Germany,29618,1883,0.0636,2.17,4086.11,90,45.4,26198.96,6.41,0.04779607010090282,6.411711872661284,0.02930874225403583,10.296171326279559,0.13796036194206227,1,0,3,1,2
2024-12-01,Google Ads,Search,Healthcare,Canada,136461,3984,0.0292,1.49,5936.16,214,27.74,24710.24,4.16,0.053714859437751006,4.162664079135333,0.019597302283689742,11.823801466571553,0.04350078044276386,0,0,1,3,1
2024-07-24,TikTok Ads,Search,Healthcare,Australia,132426,7309,0.0552,0.32,2338.88,171,13.68,24136.13,10.32,0.023395813380763443,10.319524729785197,0.17249946093918458,11.793786829187107,0.01766178847054204,1,2,1,3,0
2024-11-29,TikTok Ads,Search,E-commerce,Germany,159692,6882,0.0431,0.37,2546.34,523,4.87,106309.31,41.75,0.07599535018889858,41.749848802595096,0.11648617165899552,11.981008501057097,0.015945319740500466,1,2,1,0,2
2024-09-04,Meta Ads,Video,Fintech,India,27931,608,0.0218,1.52,924.16,10,92.42,1389.72,1.5,0.01644736842105263,1.5037655817174516,0.014342095827568535,10.237528263965926,0.03308725072500089,0,1,3,2,3
2024-08-06,Meta Ads,Display,EdTech,USA,131155,4052,0.0309,1.24,5024.48,209,24.04,15982.2,3.18,0.05157946692991115,3.1808664777250586,0.024919334742471985,11.784142733390762,0.03830948114825969,0,1,0,1,6
2024-05-27,TikTok Ads,Shopping,Fintech,USA,66842,2339,0.035,1.4,3274.6,123,26.62,14081.65,4.3,0.05258657545959812,4.3002656813045865,0.024999982142869904,11.110101865005516,0.048990155890009275,1,2,2,2,6
2024-03-05,Google Ads,Shopping,SaaS,UAE,7642,202,0.0265,3.38,682.76,11,62.07,1542.21,2.26,0.054455445544554455,2.2587878610346244,0.007840234366794565,8.941545475242885,0.08934310389950274,0,0,2,4,4
2024-06-12,Google Ads,Shopping,E-commerce,USA,70618,3601,0.051,2.23,8030.23,145,55.38,7976.29,0.99,0.04026659261316301,0.9932828823084769,0.022869944901369996,11.165054509087586,0.11371364241411537,0,0,2,0,6
2024-09-27,Meta Ads,Video,E-commerce,Germany,74212,1528,0.0206,1.46,2230.88,85,26.25,21331.58,9.56,0.055628272251308904,9.56195761313921,0.014109579377000428,11.214694615965701,0.030060906591925837,1,1,3,0,2
2024-03-09,Google Ads,Shopping,E-commerce,USA,10039,501,0.05,2.29,1147.29,36,31.87,4805.52,4.19,0.0718562874251497,4.188583531626703,0.021834051600850828,9.21433239324572,0.11428329514891922,0,0,2,0,6
2024-12-23,Meta Ads,Video,Healthcare,India,102088,4481,0.0439,0.73,3271.13,316,10.35,87569.74,26.77,0.07051997322026334,26.770486039992296,0.06013690392204942,11.533600260836412,0.03204225766005799,1,1,3,3,3
2024-09-14,TikTok Ads,Display,Fintech,UAE,25025,1256,0.0502,0.43,540.08,38,14.21,5694.61,10.54,0.030254777070063694,10.544011998222484,0.11674391454903595,10.127670563425001,0.021581618381618383,1,2,0,2,4
2024-11-05,Google Ads,Shopping,Healthcare,Canada,36707,943,0.0257,1.31,1235.33,21,58.83,4396.12,3.56,0.022269353128313893,3.5586604389110605,0.019618305634881195,10.510749993938903,0.03365379900291497,0,0,2,3,1
2024-10-17,TikTok Ads,Search,EdTech,Canada,17356,925,0.0533,0.46,425.5,62,6.86,5476.85,12.87,0.06702702702702702,12.871562867215042,0.11586931332757973,9.761751162220882,0.02451601751555658,1,2,1,1,1
2024-06-25,TikTok Ads,Search,EdTech,India,86257,4597,0.0533,0.83,3815.51,301,12.68,80903.28,21.2,0.06547748531651076,21.203791891516467,0.0642167901002529,11.365098084215443,0.044234207078845775,1,2,1,1,3
2024-11-08,Google Ads,Shopping,Fintech,India,32518,1258,0.0387,2.41,3031.78,12,252.65,2688.72,0.89,0.009538950715421303,0.8868453515756419,0.016058084623201397,10.389579812881443,0.09323390122393752,0,0,2,2,3
2024-07-27,Meta Ads,Display,E-commerce,India,75269,2604,0.0346,0.83,2161.32,70,30.88,3191.14,1.48,0.026881720430107527,1.4764773379231209,0.041686696763015944,11.228836928028578,0.02871461026451793,0,1,0,0,3
2024-05-16,Google Ads,Video,EdTech,Canada,20534,993,0.0484,2.87,2849.91,49,58.16,1762.93,0.62,0.04934541792547835,0.6185914642918549,0.016864105622262846,9.929886026390658,0.13878981201909027,0,0,3,1,1
2024-11-15,TikTok Ads,Shopping,E-commerce,UAE,98500,5614,0.057,0.61,3424.54,220,15.57,7676.57,2.24,0.03918774492340577,2.2416353729259986,0.093442469766443,11.49782197939291,0.03476690355329949,0,2,2,0,4
2024-07-25,TikTok Ads,Search,Fintech,UAE,41468,3354,0.0809,1.11,3722.94,81,45.96,5215.94,1.4,0.024150268336314847,1.4010271452131915,0.07288281722268719,10.632701439132466,0.08977862448152793,0,2,1,2,4
2024-05-26,Google Ads,Video,Healthcare,Canada,123696,6531,0.0528,2.58,16849.98,466,36.16,62974.93,3.74,0.07135201347419996,3.7373890058029744,0.02046510834685723,11.725590305863369,0.1362208963911525,0,0,3,3,1
2024-11-08,Meta Ads,Shopping,EdTech,Germany,81848,1694,0.0207,1.29,2185.26,58,37.68,7573.87,3.47,0.03423848878394333,3.4658896424224115,0.01604649918876032,11.312631365253663,0.026699003030006843,0,1,2,1,2
2024-02-29,Google Ads,Display,EdTech,Canada,92923,1932,0.0208,3.17,6124.44,32,191.39,1855.78,0.3,0.016563146997929608,0.30301219376792005,0.006561512125705954,11.439537233740856,0.06590876316950593,0,0,0,1,1
2024-11-09,Google Ads,Shopping,E-commerce,UK,170732,7700,0.0451,0.81,6237.0,434,14.37,53677.08,8.61,0.056363636363636366,8.606233766233766,0.05567894360624246,12.047856211715187,0.03653093737553593,1,0,2,0,5
2024-10-03,Google Ads,Display,E-commerce,Australia,86471,4859,0.0562,1.57,7628.63,248,30.76,19852.56,2.6,0.051039308499691294,2.6023755248321128,0.035796155543849975,11.367575941096039,0.08822183159672028,0,0,0,0,0
2024-10-26,Meta Ads,Display,EdTech,UK,115986,1357,0.0117,1.48,2008.36,79,25.42,8002.44,3.98,0.05821665438467207,3.9845645203051245,0.007905400063918877,11.661233394842789,0.017315538082182332,0,1,0,1,5
2024-06-21,TikTok Ads,Display,Healthcare,USA,42019,2979,0.0709,1.51,4498.29,234,19.22,56724.23,12.61,0.07854984894259819,12.610176311442794,0.04695361128899915,10.645900974398991,0.10705371379613984,1,2,0,3,6
2024-01-28,TikTok Ads,Shopping,EdTech,USA,34063,1243,0.0365,0.38,472.34,40,11.81,10897.53,23.07,0.032180209171359615,23.07136808231359,0.09605237880952945,10.43599638713326,0.013866658838035404,1,2,2,1,6
2024-04-13,TikTok Ads,Shopping,Healthcare,Australia,107476,4707,0.0438,1.7,8001.9,293,27.31,72605.27,9.07,0.06224771616741024,9.073503792849198,0.025764690726652516,11.58503215017017,0.07445290111280657,1,2,2,3,0
2024-12-16,TikTok Ads,Search,Fintech,Canada,33302,3007,0.0903,0.28,841.96,95,8.86,3253.81,3.86,0.03159294978383771,3.8645660126371797,0.32249884821839925,10.413402762000757,0.025282565611674974,0,2,1,2,1
2024-12-21,Google Ads,Shopping,SaaS,USA,70206,3945,0.0562,3.6,14202.0,248,57.27,37055.99,2.61,0.06286438529784537,2.609209266300521,0.015611106774692561,11.159203300142398,0.20229040252969832,0,0,2,4,6
2024-02-17,Meta Ads,Video,E-commerce,Germany,16094,616,0.0383,2.29,1410.64,40,35.27,8923.08,6.33,0.06493506493506493,6.32555435830545,0.016724883526251733,9.686263943732909,0.08765005592146143,1,1,3,0,2
2024-06-03,Meta Ads,Video,Fintech,UAE,182718,2558,0.014,1.36,3478.88,124,28.06,28756.15,8.27,0.04847537138389367,8.265921790921217,0.010294110077860238,12.115704732580165,0.019039612955483315,1,1,3,2,4
2024-08-01,TikTok Ads,Search,EdTech,India,66169,2057,0.0311,1.49,3064.93,136,22.54,39364.99,12.84,0.06611570247933884,12.843683216256162,0.02087246921310791,11.099982467006106,0.04631972676026538,1,2,1,1,3
2024-01-13,Meta Ads,Shopping,SaaS,India,24404,710,0.0291,0.61,433.1,10,43.31,923.15,2.13,0.014084507042253521,2.131493881320711,0.04770483982813143,10.102543308321248,0.017747090640878545,0,1,2,4,3
2024-05-23,TikTok Ads,Shopping,EdTech,Australia,30517,2575,0.0844,0.8,2060.0,205,10.05,7811.94,3.79,0.07961165048543689,3.7922038834951453,0.10549986812516483,10.32607195245168,0.0675033587836288,0,2,2,1,0
2024-04-04,TikTok Ads,Video,E-commerce,Australia,145148,5762,0.0397,1.49,8585.38,213,40.31,10475.22,1.22,0.03696633113502256,1.2201230463881623,0.026644277419948043,11.885516080004312,0.05914914432165789,0,2,3,0,0
2024-02-19,Google Ads,Display,Fintech,Germany,37101,2166,0.0584,2.95,6389.7,45,141.99,3868.37,0.61,0.02077562326869806,0.6054071396153184,0.019796603458778487,10.521426155498318,0.17222446834317134,0,0,0,2,2
2024-02-08,Meta Ads,Search,EdTech,UK,151480,2514,0.0166,2.06,5178.84,72,71.93,4076.45,0.79,0.028639618138424822,0.787135729236663,0.008058248515413341,11.928215483525497,0.034188275679957754,0,1,1,1,5
2024-04-05,TikTok Ads,Video,EdTech,India,159813,7575,0.0474,0.9,6817.5,319,21.37,35965.7,5.28,0.04211221122112211,5.275496883021635,0.05266660814821316,11.981765917988712,0.042659232978543675,1,2,3,1,3
2024-09-21,TikTok Ads,Display,Healthcare,UK,135956,11529,0.0848,0.5,5764.5,732,7.88,207824.45,36.05,0.06349206349206349,36.05246769017261,0.1695996608006784,11.820093938253283,0.04239974697696314,1,2,0,3,5
2024-07-26,Google Ads,Search,SaaS,UAE,70982,2548,0.0359,2.88,7338.24,117,62.72,32045.18,4.37,0.04591836734693878,4.366875436071865,0.012465273449557831,11.17019569073421,0.10338170240342621,1,0,1,4,4
2024-03-17,TikTok Ads,Search,Healthcare,India,132992,7926,0.0596,0.64,5072.64,553,9.17,41271.28,8.14,0.0697703759777946,8.136055387332828,0.09312485449241485,11.798051774239854,0.038142444658325315,1,2,1,3,3
2024-08-13,TikTok Ads,Video,Healthcare,India,13597,747,0.055,1.91,1426.77,25,57.07,5673.88,3.98,0.03346720214190094,3.97673065735893,0.028795796441991393,9.517678002086406,0.1049327057439141,0,2,3,3,3
2024-05-06,Meta Ads,Search,EdTech,USA,199472,5286,0.0265,1.32,6977.52,192,36.34,17789.77,2.55,0.036322360953461974,2.5495835196459486,0.020075742366861844,12.20343416780713,0.03497994706023903,0,1,1,1,6
2024-02-27,Google Ads,Search,Healthcare,USA,108751,5459,0.0502,1.43,7806.37,345,22.63,24740.95,3.17,0.0631983879831471,3.1693283818215128,0.03510487055603458,11.59682533958642,0.07178205257882686,0,0,1,3,6
2024-12-24,Meta Ads,Display,E-commerce,India,175591,5864,0.0334,0.44,2580.16,333,7.75,52097.57,20.19,0.05678717598908595,20.191604396626566,0.07590891838882184,12.075918401058791,0.014694147194332282,1,1,0,0,3
2024-11-08,TikTok Ads,Search,EdTech,India,36027,2770,0.0769,1.08,2991.6,205,14.59,16618.85,5.56,0.0740072202166065,5.555171145875117,0.07120363777440947,10.492051692903633,0.08303772170871845,1,2,1,1,3
2024-08-19,TikTok Ads,Shopping,E-commerce,Canada,57265,2302,0.0402,1.3,2992.6,85,35.21,4068.49,1.36,0.0369244135534318,1.3595168081267126,0.030923053136112974,10.95546235835288,0.052258796821793414,0,2,2,0,1
2024-07-18,Google Ads,Shopping,Fintech,India,161904,4727,0.0292,1.64,7752.28,263,29.48,21545.93,2.78,0.055637825259149565,2.7793023471804426,0.017804867192154152,11.994765022450121,0.04788195473861053,0,0,2,2,3
2024-08-31,Google Ads,Display,Healthcare,Canada,49757,1243,0.025,3.14,3903.02,39,100.08,4749.9,1.22,0.031375703942075624,1.2169806969987342,0.007961780903891432,10.814926533679259,0.07844162630383665,0,0,0,3,1
2024-07-28,Google Ads,Video,EdTech,USA,168623,6896,0.0409,1.42,9792.32,200,48.96,24436.96,2.5,0.029002320185614848,2.49552302212346,0.028802796617748865,12.035426663173718,0.0580722677214852,0,0,3,1,6
2024-09-06,Meta Ads,Video,SaaS,Canada,98079,3226,0.0329,2.18,7032.68,44,159.83,1401.71,0.2,0.013639181649101054,0.19931377511844703,0.015091736196451284,11.493538751170039,0.07170423842004915,0,1,3,4,1
2024-06-23,Google Ads,Search,EdTech,UK,11305,562,0.0498,1.72,966.64,42,23.02,8107.06,8.39,0.07473309608540925,8.386845154349086,0.02895347153867934,9.333088837235236,0.08550552852720035,1,0,1,1,5
2024-10-20,TikTok Ads,Shopping,Healthcare,India,109188,6354,0.0582,1.26,8006.04,216,37.06,49228.57,6.15,0.0339943342776204,6.148928808749394,0.046190439531397204,11.60083560461834,0.07332344213649851,1,2,2,3,3
2024-08-14,Meta Ads,Display,Healthcare,Germany,73309,2323,0.0317,0.6,1393.8,39,35.74,1966.71,1.41,0.016788635385277657,1.411041756349548,0.05283324527792453,11.202452304217632,0.01901267238674651,0,1,0,3,2
2024-12-14,Google Ads,Video,Healthcare,India,81996,1508,0.0184,2.33,3513.64,75,46.85,8251.24,2.35,0.04973474801061008,2.34834530572284,0.007896992318887417,11.314437940211276,0.04285135860285867,0,0,3,3,3
2024-04-03,TikTok Ads,Display,EdTech,UK,122192,4398,0.036,0.99,4354.02,348,12.51,64414.08,14.79,0.0791268758526603,14.794162635908883,0.03636359963272764,11.7133570409365,0.03563261097289512,1,2,0,1,5
2024-11-30,Google Ads,Display,SaaS,UAE,79960,1591,0.0199,1.03,1638.73,55,29.8,15206.45,9.28,0.034569453174104335,9.27941149548736,0.019320369591874186,11.28929429478926,0.020494372186093048,1,0,0,4,4
2024-11-05,Meta Ads,Display,Healthcare,Australia,188804,5267,0.0279,2.1,11060.7,64,172.82,10138.3,0.92,0.012151129675337003,0.9166056397877167,0.013285707959186686,12.148470015393714,0.05858297493697168,0,1,0,3,0
2024-05-25,Meta Ads,Display,Fintech,UK,80139,2436,0.0304,1.58,3848.88,37,104.02,4653.12,1.21,0.015188834154351396,1.2089542931969819,0.01924049415158598,11.291530384190136,0.048027552128177296,0,1,0,2,5
2024-12-25,Meta Ads,Shopping,SaaS,Germany,51999,930,0.0179,1.2,1116.0,13,85.85,1777.36,1.59,0.013978494623655914,1.5926164874551971,0.014916654236121471,10.858998997563564,0.021461951191369066,0,1,2,4,2
2024-12-11,Google Ads,Video,EdTech,India,119527,6597,0.0552,3.1,20450.7,497,41.15,137884.47,6.74,0.07533727451872063,6.7422860831169595,0.017806445868888427,11.69130593253092,0.1710969069749931,1,0,3,1,3
2024-08-17,Meta Ads,Search,Fintech,India,194073,6346,0.0327,1.8,11422.8,168,67.99,9921.38,0.87,0.026473369051370942,0.868559372483104,0.018166656574079683,12.175994808613433,0.058858264673602195,0,1,1,2,3
2024-09-27,TikTok Ads,Display,SaaS,UK,55599,3697,0.0665,1.64,6063.08,217,27.94,25513.42,4.21,0.0586962401947525,4.207996595789599,0.04054875576295381,10.925938480238674,0.10905016277271173,0,2,0,4,5
2024-10-17,Google Ads,Video,Healthcare,India,176541,4378,0.0248,2.87,12564.86,175,71.8,19637.27,1.56,0.039972590223846506,1.5628721688900633,0.008641111971737989,12.08131408738736,0.07117247551560262,0,0,3,3,3
2024-06-23,Google Ads,Display,Fintech,UAE,118710,4036,0.034,2.48,10009.28,235,42.59,28657.57,2.86,0.058225966303270565,2.8631000431599474,0.013709671891261335,11.684447246902252,0.08431707522533907,0,0,0,2,4
2024-02-17,TikTok Ads,Search,Fintech,Germany,113297,9675,0.0854,1.81,17511.75,380,46.08,16593.87,0.95,0.03927648578811369,0.9475849072765429,0.047182294374423,11.637776794609634,0.15456499289478098,0,2,1,2,2
2024-07-05,Google Ads,Search,Fintech,UK,6881,357,0.052,2.29,817.53,5,163.51,872.75,1.07,0.014005602240896359,1.0675449218988906,0.022707413664884858,8.836664586357426,0.11880976602238047,0,0,1,2,5
2024-05-20,Meta Ads,Shopping,EdTech,Germany,121477,1834,0.0151,0.49,898.66,98,9.17,10542.66,11.73,0.05343511450381679,11.731533616718226,0.03081626364027829,11.707488455408749,0.007397779003432748,1,1,2,1,2
2024-06-28,Google Ads,Display,SaaS,Australia,188419,10231,0.0543,2.15,21996.65,754,29.17,134062.71,6.09,0.07369758576874205,6.094687600157296,0.025255802206603624,12.14642879260266,0.11674326899091918,1,0,0,4,0
2024-08-11,Meta Ads,Video,EdTech,UK,46743,1523,0.0326,0.8,1218.4,51,23.89,5825.03,4.78,0.0334865397242285,4.780884766907419,0.04074994906256366,10.752441184234273,0.026065935006311106,1,1,3,1,5
2024-03-10,Google Ads,Video,Fintech,India,93302,4058,0.0435,0.81,3286.98,50,65.74,14861.71,4.52,0.01232134056185313,4.521387413370327,0.053703637402916775,11.44360754065933,0.03522946989346423,1,0,3,2,3
2024-05-14,Google Ads,Search,SaaS,Australia,140747,8571,0.0609,3.25,27855.75,332,83.9,48279.89,1.73,0.03873527009683818,1.7332109169561043,0.01873845577278284,11.854726336309506,0.19791363226214412,0,0,1,4,0
2024-04-16,Google Ads,Search,Healthcare,Australia,36831,1572,0.0427,3.45,5423.4,48,112.99,4165.73,0.77,0.030534351145038167,0.7681030349964967,0.012376808006722317,10.514122311521609,0.1472509570742038,0,0,1,3,0
2024-04-17,TikTok Ads,Display,SaaS,Germany,146842,10646,0.0725,1.23,13094.58,615,21.29,113988.39,8.71,0.05776817584069134,8.705005429727414,0.05894304150972235,11.897119267802509,0.08917462306424592,1,2,0,4,2
2024-04-05,Meta Ads,Display,EdTech,USA,69892,2851,0.0408,0.78,2223.78,52,42.77,11407.42,5.13,0.01823921431076815,5.129743050121864,0.0523076252466343,11.154720780145734,0.031817375379156417,1,1,0,1,6
2024-03-29,Google Ads,Shopping,SaaS,UK,118985,4545,0.0382,3.23,14680.35,259,56.68,58417.12,3.98,0.05698569856985698,3.979272973737002,0.011826621725504109,11.686761118113886,0.12337983779468001,0,0,2,4,5
2024-07-12,Meta Ads,Display,E-commerce,India,12452,280,0.0225,1.23,344.4,18,19.13,4734.22,13.75,0.06428571428571428,13.746283391405344,0.01829266805474142,9.429716836721148,0.02765820751686476,1,1,0,0,3
2024-01-22,Google Ads,Display,EdTech,UAE,85077,4032,0.0474,2.84,11450.88,253,45.26,13168.69,1.15,0.06274801587301587,1.15001554465683,0.016690134968262334,11.351323761750614,0.13459430868507352,0,0,0,1,4
2024-08-18,TikTok Ads,Search,Fintech,India,39782,3393,0.0853,1.71,5802.03,143,40.57,23555.27,4.06,0.0421455938697318,4.059832506898448,0.04988301176432061,10.591194964345709,0.14584560856668843,0,2,1,2,3
2024-04-13,Google Ads,Video,EdTech,Australia,192135,10663,0.0555,1.78,18980.14,741,25.61,213823.36,11.27,0.06949263809434493,11.265636607527657,0.031179757764181033,12.165958733593598,0.0987854373227158,1,0,3,1,0
2024-04-04,Meta Ads,Search,Healthcare,India,156317,5924,0.0379,0.71,4206.04,464,9.06,64623.96,15.36,0.07832545577312626,15.36456144021455,0.053380206506751404,11.959647672926595,0.02690711822770396,1,1,1,3,3
2024-02-15,Google Ads,Shopping,Fintech,Germany,39754,2007,0.0505,2.33,4676.31,108,43.3,6981.98,1.49,0.053811659192825115,1.493053283464954,0.021673810440424702,10.590490898335585,0.11763118176787242,0,0,2,2,2
2024-10-02,Meta Ads,Shopping,EdTech,UAE,84526,2214,0.0262,0.44,974.16,117,8.33,30360.22,31.17,0.052845528455284556,31.16553748870822,0.059545319215183606,11.344826288934723,0.011524974564039467,1,1,2,1,4
2024-08-27,Google Ads,Shopping,SaaS,UK,159226,5206,0.0327,0.97,5049.82,137,36.86,27701.27,5.49,0.02631578947368421,5.485595526177171,0.03371130545226242,11.978086136002256,0.03171479532237197,1,0,2,4,5
2024-10-01,TikTok Ads,Display,SaaS,Canada,178503,9639,0.054,0.56,5397.84,146,36.97,40162.93,7.44,0.01514679946052495,7.440555851970418,0.09642839923500135,12.09236628891434,0.030239491773247508,1,2,0,4,1
2024-05-19,TikTok Ads,Shopping,SaaS,India,176946,13784,0.0779,0.86,11854.24,743,15.95,208986.19,17.63,0.053903076030179915,17.629657405282835,0.09058129002175579,12.083605531688098,0.06699354605359827,1,2,2,4,3
2024-08-02,Meta Ads,Display,Fintech,Germany,163124,4273,0.0262,0.91,3888.43,239,16.27,71554.77,18.4,0.055932600046805524,18.401969432393024,0.02879117715255258,12.002272057059095,0.02383726490277335,1,1,0,2,2
2024-06-21,Meta Ads,Display,EdTech,UAE,150486,6230,0.0414,1.21,7538.3,243,31.02,55217.61,7.32,0.03900481540930979,7.324941963042065,0.03421484775632417,11.921631980702667,0.050093031909945115,1,1,0,1,4
2024-05-17,Google Ads,Search,E-commerce,UK,88384,3641,0.0412,1.22,4442.02,89,49.91,4077.32,0.92,0.02444383411150783,0.917897713202552,0.03377046412257039,11.389457550969983,0.05025819152787835,0,0,1,0,5
2024-07-07,Meta Ads,Display,SaaS,USA,74922,1333,0.0178,1.32,1759.56,95,18.52,17171.74,9.76,0.07126781695423856,9.759110232103481,0.013484838269061918,11.224216198468563,0.023485224633618962,1,1,0,4,6
2024-01-17,TikTok Ads,Video,EdTech,UAE,188846,12671,0.0671,1.37,17359.27,821,21.14,86047.94,4.96,0.06479362323415673,4.956887011953843,0.048978066439367564,12.148692442390914,0.09192288955021552,1,2,3,1,4
2024-03-27,TikTok Ads,Search,SaaS,UK,10209,314,0.0308,1.79,562.06,13,43.24,3231.96,5.75,0.041401273885350316,5.750204604490625,0.017206694297936146,9.231122911158712,0.05505534332451758,1,2,1,4,5
2024-11-27,TikTok Ads,Video,E-commerce,India,31140,1712,0.055,1.34,2294.08,63,36.41,5569.82,2.43,0.036799065420560745,2.4279100990375224,0.04104474548899591,10.346280557910271,0.073669877970456,0,2,3,0,3
2024-03-08,Meta Ads,Video,SaaS,Canada,46850,983,0.021,1.58,1553.14,38,40.87,10968.52,7.06,0.038657171922685654,7.062157950989608,0.013291130828398211,10.754727632155955,0.033151334044823906,1,1,3,4,1
2024-04-28,Meta Ads,Shopping,EdTech,Canada,17720,287,0.0162,1.41,404.67,4,101.17,597.18,1.48,0.013937282229965157,1.4757209578174808,0.011489353553649963,9.782505655975346,0.022836907449209933,0,1,2,1,1
2024-01-29,Google Ads,Video,SaaS,Germany,16781,684,0.0408,1.3,889.2,8,111.15,1435.11,1.61,0.011695906432748537,1.6139338731443993,0.03138459124262213,9.728062162430014,0.05298849889756272,0,0,3,4,2
2024-11-29,Meta Ads,Video,E-commerce,Germany,61652,2614,0.0424,1.28,3345.92,133,25.16,20303.14,6.07,0.050879877582249426,6.0680291220351945,0.03312497412111397,11.02927716920903,0.05427106987607864,1,1,3,0,2
2024-07-06,Meta Ads,Display,EdTech,USA,194933,4054,0.0208,2.03,8229.62,197,41.77,9992.76,1.21,0.048593981253083375,1.2142431849830246,0.010246300371280605,12.180416318716388,0.04221768505076103,0,1,0,1,6
2024-02-25,Google Ads,Search,EdTech,Canada,100386,5250,0.0523,0.98,5145.0,254,20.26,73673.45,14.32,0.04838095238095238,14.319426627793975,0.05336729248235461,11.516787995784526,0.051252166636782025,1,0,1,1,1
2024-01-25,Google Ads,Search,Healthcare,UAE,50203,1390,0.0277,1.95,2710.5,47,57.67,11338.98,4.18,0.03381294964028777,4.183353624792473,0.014205120920450811,10.823849983780336,0.053990797362707406,0,0,1,3,4
2024-01-14,TikTok Ads,Search,SaaS,India,85428,5134,0.0601,0.86,4415.24,202,21.86,37603.74,8.52,0.03934553954031944,8.51680542847048,0.06988363967018643,11.35544090058728,0.05168375708198717,1,2,1,4,3
2024-05-05,TikTok Ads,Video,EdTech,UAE,192428,9967,0.0518,1.6,15947.2,570,27.98,78044.55,4.89,0.05718872278519113,4.893934358382663,0.03237497976563765,12.167482533506199,0.0828735942794188,1,2,3,1,4
2024-08-19,Google Ads,Shopping,Healthcare,UK,33756,2150,0.0637,2.17,4665.5,108,43.2,7948.11,1.7,0.05023255813953489,1.7035923266530917,0.02935482518210821,10.42694308220214,0.13821246593198247,0,0,2,3,5
2024-03-28,Meta Ads,Video,Fintech,UAE,103162,1485,0.0144,0.97,1440.45,35,41.16,5899.5,4.1,0.02356902356902357,4.095595126522961,0.01484534552026235,11.544065540611598,0.013962990248347261,0,1,3,2,4
2024-09-02,Google Ads,Search,EdTech,UAE,142844,2971,0.0208,1.69,5020.99,95,52.85,5534.94,1.1,0.03197576573544261,1.1023602914962984,0.012307685025038448,11.869515405296257,0.03515016381507099,0,0,1,1,4
2024-05-31,Google Ads,Search,Fintech,USA,50201,2198,0.0438,2.25,4945.5,112,44.16,12918.19,2.61,0.050955414012738856,2.6121099989889798,0.019466658014818658,10.823810145523654,0.0985139738252226,0,0,1,2,6
2024-01-16,Meta Ads,Video,Fintech,USA,143421,3542,0.0247,0.86,3046.12,181,16.83,26273.04,8.63,0.05110107284020327,8.625083713051358,0.02872089683616647,11.873546612395812,0.02123900962899436,1,1,3,2,6
2024-10-13,Meta Ads,Shopping,Fintech,Australia,71537,1809,0.0253,1.65,2984.85,57,52.37,6227.5,2.09,0.03150912106135987,2.0863694993048227,0.015333324040409674,11.177984056034187,0.041724562114709866,0,1,2,2,0
2024-11-03,Google Ads,Video,Fintech,USA,198604,8162,0.0411,3.1,25302.2,584,43.33,25281.15,1.0,0.07155109041901495,0.9991680565326335,0.013258060239335404,12.19907320650993,0.12740025377132386,0,0,3,2,6
2024-04-08,Google Ads,Search,Healthcare,Canada,114028,3112,0.0273,1.36,4232.32,120,35.27,10393.96,2.46,0.038560411311053984,2.4558539996975655,0.020073514651827464,11.644208080990921,0.03711649770231873,0,0,1,3,1
2024-06-05,TikTok Ads,Video,Healthcare,Australia,180309,5823,0.0323,0.65,3784.95,232,16.31,46549.68,12.3,0.039842005838914646,12.29862481670828,0.049692231242721166,12.102432870770414,0.020991464652346803,1,2,3,3,0
2024-03-22,Meta Ads,Video,SaaS,Canada,168402,5237,0.0311,0.85,4451.45,188,23.68,43774.92,9.83,0.035898415123162115,9.833856383874917,0.03658819224918559,12.034115195358524,0.026433474661821117,1,1,3,4,1
2024-12-23,TikTok Ads,Video,E-commerce,Canada,125419,4126,0.0329,0.85,3507.1,294,11.93,32829.78,9.36,0.07125545322346098,9.360947791622708,0.038705836816662564,11.739423384097012,0.02796306779674531,1,2,3,0,1
2024-02-05,TikTok Ads,Video,SaaS,UK,123680,8373,0.0677,0.6,5023.8,263,19.1,12412.26,2.47,0.031410486086229546,2.4706915084199212,0.1128331452780912,11.725460949170193,0.04061934023285899,0,2,3,4,5
2024-06-24,Google Ads,Search,Fintech,UK,117660,6388,0.0543,1.81,11562.28,331,34.93,17255.28,1.49,0.05181590482154039,1.4923769360368369,0.029999983425423524,11.675562887447432,0.09826857045724971,0,0,1,2,5
2024-09-02,Meta Ads,Video,Fintech,Canada,76916,2761,0.0359,0.71,1960.31,64,30.63,14368.24,7.33,0.023180007243752264,7.329575424295137,0.05056330906576188,11.250482197382073,0.025486374746476675,1,1,3,2,1
2024-02-17,Meta Ads,Video,E-commerce,Canada,150631,5648,0.0375,1.94,10957.12,111,98.71,21671.9,1.98,0.019652974504249292,1.9778828743319412,0.019329886943357247,11.922595055176265,0.07274146755979845,0,1,3,0,1
2024-02-19,Google Ads,Display,Fintech,Australia,126635,4254,0.0336,1.33,5657.82,313,18.08,28110.42,4.97,0.07357780912082745,4.96841893167333,0.025263138899895562,11.74907210845909,0.04467816954238559,1,0,0,2,0
2024-12-14,Google Ads,Video,EdTech,India,159721,3625,0.0227,1.91,6923.75,150,46.16,39701.58,5.73,0.041379310344827586,5.7341151832460735,0.011884810531512812,11.981190083012107,0.04334902736647028,1,0,3,1,3
2024-09-01,Meta Ads,Shopping,Healthcare,UAE,150698,4581,0.0304,0.51,2336.31,285,8.2,32525.45,13.92,0.06221349050425671,13.921718436337644,0.05960772625936027,11.923039748892505,0.015503258171973086,1,1,2,3,4
2024-04-14,TikTok Ads,Search,EdTech,Canada,98348,3225,0.0328,1.27,4095.75,59,69.42,2846.94,0.7,0.018294573643410854,0.6950961362387841,0.025826751317518652,11.496277655997337,0.04164548338552894,0,2,1,1,1
2024-08-03,Meta Ads,Search,E-commerce,USA,110603,2377,0.0215,0.69,1640.13,62,26.45,2761.12,1.68,0.026083298275136727,1.6834763098047105,0.03115937513134039,11.613711533781665,0.014828982938979956,0,1,1,0,6
2024-01-18,Google Ads,Shopping,E-commerce,UAE,76792,3317,0.0432,3.1,10282.7,262,39.25,42043.84,4.09,0.07898703647874586,4.088793799293959,0.013935479375651814,11.248868769148396,0.13390327117408063,0,0,2,0,4
2024-03-08,TikTok Ads,Shopping,SaaS,USA,44405,1953,0.044,1.53,2988.09,22,135.82,6030.56,2.02,0.011264720942140297,2.0181989163646343,0.028758151138463306,10.701129874425522,0.06729174642495214,0,2,2,4,6
2024-08-28,Google Ads,Shopping,E-commerce,India,49462,1206,0.0244,1.95,2351.7,74,31.78,12950.09,5.51,0.06135986733001658,5.506693030573628,0.012512814095992773,10.80898019431077,0.04754559055436496,1,0,2,0,3
2024-05-01,TikTok Ads,Display,SaaS,Australia,140440,11825,0.0842,0.68,8041.0,748,10.75,31071.69,3.86,0.06325581395348837,3.8641574431040913,0.12382334731860686,11.852542750735514,0.057255767587581885,0,2,0,4,0
2024-06-27,TikTok Ads,Display,Healthcare,USA,112392,4934,0.0439,1.64,8091.76,363,22.29,91221.43,11.27,0.0735711390352655,11.273373159856446,0.0267682763608071,11.629756936922327,0.07199587159228416,1,2,0,3,6
2024-04-17,TikTok Ads,Shopping,Healthcare,Australia,125654,8318,0.0662,0.58,4824.44,566,8.52,117035.13,24.26,0.06804520317383987,24.258801021465707,0.11413773424528578,11.74129533525602,0.0383946392474573,1,2,2,3,0
2024-07-16,Meta Ads,Search,Healthcare,UK,167002,3406,0.0204,1.83,6232.98,76,82.01,10328.31,1.66,0.022313564298297124,1.6570420569294302,0.011147534892057437,12.025767055309396,0.037322786553454446,0,1,1,3,5
2024-04-06,TikTok Ads,Search,SaaS,Australia,108247,6971,0.0644,0.59,4112.89,517,7.96,139391.79,33.89,0.07416439535217328,33.89144616072883,0.10915235736888582,11.59218016994348,0.037995417886869845,1,2,1,4,0
2024-04-14,Meta Ads,Display,Fintech,Australia,53128,1678,0.0316,1.51,2533.78,66,38.39,19225.18,7.59,0.03933253873659118,7.587549037406562,0.020927138458848707,10.880478197509905,0.0476919891582593,1,1,0,2,0
2024-02-01,Meta Ads,Video,EdTech,USA,65942,2044,0.031,1.05,2146.2,48,44.71,6784.27,3.16,0.023483365949119372,3.1610614108657167,0.02952378140592247,11.096546011496184,0.03254678353704771,0,1,3,1,6
2024-03-14,Google Ads,Display,E-commerce,Canada,32160,1186,0.0369,1.34,1589.24,12,132.44,1927.71,1.21,0.01011804384485666,1.2129760136920793,0.027537292882617255,10.378509817336841,0.049416666666666664,0,0,0,0,1
2024-09-29,Google Ads,Search,EdTech,USA,58364,2241,0.0384,2.22,4975.02,136,36.58,15149.72,3.05,0.0606871932173137,3.045157607406603,0.017297289505725445,10.974471674086764,0.08524124460283737,0,0,1,1,6
2024-06-05,Meta Ads,Search,E-commerce,India,79462,2058,0.0259,0.88,1811.04,146,12.4,7813.85,4.31,0.07094266277939747,4.31456511175899,0.029431784736608253,11.2830467835011,0.022791271299489064,1,1,1,0,3
2024-04-01,Meta Ads,Display,SaaS,India,151864,4358,0.0287,1.69,7365.02,175,42.09,45340.29,6.16,0.04015603487838458,6.156166582032363,0.01698223847204824,11.930747247287764,0.04849747142179845,1,1,0,4,3
2024-04-27,Google Ads,Shopping,EdTech,UAE,182926,6749,0.0369,1.94,13093.06,343,38.17,53279.93,4.07,0.05082234405097051,4.069326039902055,0.01902060875226353,12.116842445135129,0.07157571914326011,0,0,2,1,4
2024-10-25,Meta Ads,Shopping,E-commerce,India,107489,2515,0.0234,1.4,3521.0,166,21.21,18411.15,5.23,0.06600397614314116,5.228954842374326,0.016714273775518734,11.585153098967108,0.032756840234814726,1,1,2,0,3
2024-08-03,TikTok Ads,Search,Healthcare,India,40709,1314,0.0323,0.7,919.8,90,10.22,16081.05,17.48,0.0684931506849315,17.48320287018917,0.04614279122458397,10.614229041497024,0.022594512270014,1,2,1,3,3
2024-09-24,Google Ads,Video,Fintech,Australia,143561,9144,0.0637,1.93,17647.92,630,28.01,123364.05,6.99,0.0688976377952756,6.990288373927354,0.033005164246028895,11.874522276621732,0.12292976504761041,1,0,3,2,0
2024-03-24,Google Ads,Shopping,Fintech,India,94242,5466,0.058,1.67,9128.22,100,91.28,6794.77,0.74,0.018294914013904134,0.7443696580494337,0.03473051812543825,11.453631831995034,0.09685936206786783,0,0,2,2,3
2024-09-23,Google Ads,Display,Healthcare,UAE,111311,5765,0.0518,2.71,15623.15,389,40.16,22317.92,1.43,0.06747614917606244,1.4285160162963295,0.019114384090633176,11.620092348163423,0.14035584982616273,0,0,0,3,4
2024-09-24,TikTok Ads,Video,Fintech,USA,130865,9461,0.0723,1.48,14002.28,221,63.36,46411.13,3.31,0.023359052954233166,3.314540917621987,0.04885131834370383,11.781929177899908,0.10699789859779162,0,2,3,2,6
2024-01-02,Meta Ads,Video,EdTech,USA,138639,2204,0.0159,1.8,3967.2,154,25.76,35803.07,9.02,0.06987295825771325,9.024770619076428,0.008833328425928653,11.839635924389487,0.02861532469218618,1,1,3,1,6
2024-06-15,TikTok Ads,Shopping,SaaS,India,147355,7485,0.0508,0.91,6811.35,81,84.09,14520.06,2.13,0.010821643286573146,2.1317448082979142,0.055824114478995074,11.900606706712466,0.04622408469342744,0,2,2,4,3
2024-04-29,Meta Ads,Shopping,Fintech,UK,26751,489,0.0183,1.93,943.77,8,117.97,791.56,0.84,0.016359918200409,0.8387212986214861,0.009481860372093072,10.194364515884429,0.03527980262420096,0,1,2,2,5
2024-01-25,TikTok Ads,Display,SaaS,UK,42706,2084,0.0488,1.59,3313.56,35,94.67,4766.32,1.44,0.016794625719769675,1.4384287594007652,0.030691804596349313,10.662118120207166,0.07759003418723365,0,2,0,4,5
2024-09-02,Meta Ads,Video,SaaS,UAE,173337,3189,0.0184,2.03,6473.67,224,28.9,43055.91,6.65,0.07024145500156789,6.650927526426278,0.00906403494382515,12.062998724604004,0.03734730611467835,1,1,3,4,4
2024-07-28,Meta Ads,Shopping,SaaS,Canada,99948,1389,0.0139,1.04,1444.56,67,21.56,4987.6,3.45,0.0482361411087113,3.452677631943291,0.013365371764065612,11.512415334875994,0.014453115620122463,0,1,2,4,1
2024-03-30,Google Ads,Video,Healthcare,Canada,65282,1723,0.0264,1.91,3290.93,64,51.42,16624.45,5.05,0.0371445153801509,5.051596357260714,0.013821982292155869,11.086486944464403,0.05041098618302135,1,0,3,3,1
2024-02-01,Google Ads,Video,EdTech,USA,48790,2824,0.0579,1.3,3671.2,178,20.62,37847.71,10.31,0.06303116147308782,10.309356613641317,0.04453842727813286,10.795301148603121,0.07524492723918835,1,0,3,1,6
2024-07-16,Google Ads,Shopping,EdTech,UAE,163272,5551,0.034,2.23,12378.73,135,91.69,38753.89,3.13,0.02431994235272924,3.130683842365089,0.015246629934246667,12.003178925423136,0.07581661276887647,0,0,2,1,4
2024-11-04,Google Ads,Video,EdTech,Australia,149233,3686,0.0247,1.0,3686.0,250,14.74,16524.46,4.48,0.06782419967444384,4.483033098209441,0.024699975300024702,11.913270822828164,0.024699630778715162,1,0,3,1,0
2024-02-27,TikTok Ads,Search,SaaS,UAE,7637,415,0.0544,1.54,639.1,10,63.91,1137.83,1.78,0.024096385542168676,1.7803630104834922,0.035324652386589356,8.940891067785461,0.08368469294225482,0,2,1,4,4
2024-01-04,Google Ads,Display,Fintech,UK,20198,878,0.0435,2.68,2353.04,67,35.12,5967.58,2.54,0.07630979498861047,2.536114983170707,0.016231337227112973,9.91338837721339,0.11649866323398356,0,0,0,2,5
2024-09-11,Google Ads,Search,EdTech,UAE,32675,941,0.0288,1.09,1025.69,47,21.82,12632.32,12.32,0.04994686503719448,12.315923914633075,0.026421994108262285,10.39439614246176,0.031390665646518746,1,0,1,1,4
2024-02-28,Google Ads,Search,EdTech,USA,116560,4312,0.037,2.79,12030.48,198,60.76,51746.42,4.3,0.04591836734693878,4.301276424548314,0.013261643992242295,11.666170020104762,0.1032127659574468,1,0,1,1,6
2024-01-27,Meta Ads,Display,E-commerce,Australia,176459,3670,0.0208,1.91,7009.7,65,107.84,2483.8,0.35,0.017711171662125342,0.35433756080859385,0.010890046654425835,12.080849500776095,0.039724241891884234,0,1,0,0,0
2024-09-02,Meta Ads,Shopping,SaaS,Australia,49980,1664,0.0333,1.98,3294.72,37,89.05,6236.77,1.89,0.022235576923076924,1.8929590374902878,0.01681817332415489,10.819398212191988,0.06592076830732292,0,1,2,4,0
2024-01-07,Meta Ads,Video,Healthcare,Germany,98944,1850,0.0187,1.42,2627.0,78,33.68,17285.68,6.58,0.04216216216216216,6.58000761324705,0.013169004810559996,11.502319419183005,0.02655037192755498,1,1,3,3,2
2024-04-01,TikTok Ads,Video,Healthcare,USA,115310,3205,0.0278,1.04,3333.2,134,24.87,14521.43,4.36,0.04180967238689547,4.356603264130565,0.026730743528131224,11.655388105002295,0.028906426155580606,1,2,3,3,6
2024-08-08,Meta Ads,Search,E-commerce,India,8626,242,0.0281,1.13,273.46,18,15.19,3013.54,11.02,0.0743801652892562,11.020039493893075,0.024867234630765817,9.062652099076578,0.03170183167169024,1,1,1,0,3
2024-01-05,Meta Ads,Display,E-commerce,Germany,88732,1579,0.0178,0.44,694.76,32,21.71,4757.82,6.85,0.02026599113362888,6.848149001093903,0.040454453512605654,11.393387139693978,0.007829869720055898,1,1,0,0,2
2024-06-20,Meta Ads,Video,EdTech,Germany,29502,604,0.0205,1.61,972.44,30,32.41,5842.59,6.01,0.04966887417218543,6.0081753115873475,0.012732911346017797,10.292247232072588,0.03296183309606129,1,1,3,1,2
2024-09-14,TikTok Ads,Search,E-commerce,Canada,198085,14460,0.073,0.82,11857.2,1133,10.47,295028.26,24.88,0.07835408022130014,24.88178153358297,0.08902428167770526,12.19645655881121,0.05985915137440998,1,2,1,0,1
2024-07-14,Meta Ads,Shopping,Healthcare,USA,111802,2247,0.0201,1.65,3707.55,163,22.75,6163.84,1.66,0.07254116599910992,1.6625102830710308,0.012181810798902548,11.624493672974605,0.03316175023702617,0,1,2,3,6
2024-08-01,Google Ads,Shopping,EdTech,UAE,65186,1955,0.03,2.26,4418.3,89,49.64,13375.79,3.03,0.04552429667519182,3.0273612022723673,0.013274330409588314,11.085015341531545,0.0677798913877213,0,0,2,1,4
2024-06-15,TikTok Ads,Video,EdTech,UK,101176,6505,0.0643,0.96,6244.8,459,13.61,44008.34,7.05,0.07056110684089162,7.047197668460158,0.06697909689677406,11.52462673727787,0.061722147544872305,1,2,3,1,5
2024-08-07,TikTok Ads,Video,SaaS,UAE,41307,1367,0.0331,0.57,779.19,92,8.47,6211.99,7.97,0.06730065837600585,7.972368741898637,0.05807007356127445,10.628811464791294,0.01886338877187886,1,2,3,4,4
2024-05-12,Meta Ads,Video,EdTech,UK,174579,3247,0.0186,1.33,4318.51,187,23.09,41760.07,9.67,0.05759162303664921,9.670018131253602,0.013984951891013614,12.07013836828934,0.024736709455318223,1,1,3,1,5
2024-02-14,Meta Ads,Video,SaaS,India,83137,2045,0.0246,1.01,2065.45,37,55.82,1798.59,0.87,0.018092909535452322,0.8707981311578591,0.024356411528305418,11.328257156707805,0.024843932304509424,0,1,3,4,3
2024-01-04,Meta Ads,Search,Healthcare,UK,122897,2040,0.0166,0.77,1570.8,159,9.88,45753.83,29.13,0.07794117647058824,29.12772472625414,0.02155841356050187,11.71911002202871,0.012781434860086089,1,1,1,3,5
2024-10-17,TikTok Ads,Search,Healthcare,India,47462,1803,0.038,0.53,955.59,98,9.75,29213.28,30.57,0.05435385468663339,30.570935233729944,0.07169797792834352,10.767705739117174,0.020133791243521132,1,2,1,3,3
2024-06-19,TikTok Ads,Display,EdTech,Germany,99202,6428,0.0648,1.54,9899.12,165,59.99,34456.26,3.48,0.02566894835096453,3.4807397021149353,0.04207789475461379,11.50492353475117,0.09978750428418783,0,2,0,1,2
2024-02-26,Meta Ads,Shopping,SaaS,USA,125871,3083,0.0245,1.72,5302.76,185,28.66,27759.15,5.23,0.06000648718780409,5.234849399180804,0.014244177765012928,11.743020796569024,0.04212852841401117,1,1,2,4,6
2024-03-10,Google Ads,Search,Healthcare,UK,8880,216,0.0244,2.06,444.96,6,74.16,1186.19,2.67,0.027777777777777776,2.665835131247753,0.011844654444342502,9.091669442258505,0.050108108108108104,0,0,1,3,5
2024-11-30,Google Ads,Shopping,EdTech,USA,156388,7021,0.0449,1.64,11514.44,315,36.55,34670.52,3.01,0.0448654037886341,3.011046998377689,0.027378032086565807,11.960101772139085,0.07362738829066169,0,0,2,1,6
2024-03-27,Google Ads,Video,EdTech,UK,109672,2675,0.0244,2.55,6821.25,50,136.43,11521.03,1.69,0.018691588785046728,1.6889910207073484,0.009568623698578943,11.605258490171767,0.06219682325479612,0,0,3,1,5
2024-05-07,Meta Ads,Display,SaaS,UAE,70030,1470,0.021,1.68,2469.6,90,27.44,9384.9,3.8,0.061224489795918366,3.800170068027211,0.01249999255952824,11.15669328014207,0.03526488647722405,0,1,0,4,4
2024-01-03,Meta Ads,Video,EdTech,India,149375,6109,0.0409,2.18,13317.62,89,149.64,22418.8,1.68,0.014568669176624652,1.6833938796872112,0.01876145928373427,11.914221896206174,0.08915561506276151,0,1,3,1,3
2024-06-07,Meta Ads,Search,Fintech,Canada,123171,3756,0.0305,1.86,6986.16,52,134.35,7553.6,1.08,0.013844515441959531,1.0812234475019182,0.016397840646322232,11.721337031523923,0.056719195265119225,0,1,1,2,1
2024-03-16,Meta Ads,Search,SaaS,UK,52779,596,0.0113,1.09,649.64,35,18.56,3583.95,5.52,0.0587248322147651,5.516824702912382,0.010366962966089022,10.873887610057315,0.012308683377858618,1,1,1,4,5
2024-05-23,Google Ads,Display,Fintech,USA,117036,3569,0.0305,2.13,7601.97,178,42.71,11935.14,1.57,0.04987391426169795,1.570006195762414,0.014319242103642204,11.670245403103019,0.06495411668204655,0,0,0,2,6
2024-07-17,TikTok Ads,Shopping,E-commerce,UAE,177517,13917,0.0784,0.91,12664.47,671,18.87,36680.47,2.9,0.04821441402601135,2.8963288633476174,0.08615375147939397,12.086827291206822,0.07134229397747821,0,2,2,0,4
2024-12-30,TikTok Ads,Search,EdTech,Germany,196349,8325,0.0424,0.69,5744.25,398,14.43,42464.91,7.39,0.04780780780780781,7.392594333463899,0.06144918630552709,12.187654060006155,0.02925530560379732,1,2,1,1,2
2024-10-31,TikTok Ads,Search,SaaS,UAE,174898,13029,0.0745,1.26,16416.54,822,19.97,162206.84,9.88,0.06309002993322588,9.880695932273182,0.05912693720084349,12.07196394343746,0.09386350901668401,1,2,1,4,4
2024-06-30,Google Ads,Display,EdTech,USA,83972,4903,0.0584,2.9,14218.7,341,41.7,36574.45,2.57,0.06954925555782174,2.5722780563623955,0.020137924090371004,11.338250597584787,0.16932668032201212,0,0,0,1,6
2024-04-26,Meta Ads,Search,Fintech,USA,165371,2993,0.0181,1.51,4519.43,32,141.23,8918.68,1.97,0.010691613765452723,1.9734081510278951,0.011986747028644353,12.015952760663145,0.027329035925283154,0,1,1,2,6
2024-08-30,TikTok Ads,Shopping,Fintech,USA,133949,7219,0.0539,1.52,10972.88,73,150.31,21583.28,1.97,0.010112203906358221,1.9669658284789409,0.0354605029865112,11.805221874972755,0.08191834205555845,0,2,2,2,6
2024-09-15,TikTok Ads,Display,Fintech,Australia,105400,7704,0.0731,1.11,8551.44,442,19.35,49251.38,5.76,0.05737279335410177,5.75942531316363,0.06585579652630943,11.565527402710426,0.08113320683111955,1,2,0,2,0
2024-08-04,Google Ads,Shopping,EdTech,USA,63959,2014,0.0315,2.28,4591.92,150,30.61,37769.59,8.23,0.07447864945382324,8.225228226972595,0.013815783414130083,11.06601316694789,0.07179474350755953,1,0,2,1,6
2024-03-06,Google Ads,Search,SaaS,India,6044,146,0.0242,1.13,164.98,5,33.0,611.36,3.71,0.03424657534246575,3.7056612922778522,0.02141591025140686,8.706986763048892,0.02729649238914626,0,0,1,4,3
2024-04-08,Google Ads,Shopping,Fintech,USA,90945,3637,0.04,3.02,10983.74,145,75.75,21488.5,1.96,0.03986802309595821,1.9563919029401644,0.01324502872681168,11.418021202770205,0.12077343449337512,0,0,2,2,6
2024-02-01,Google Ads,Search,SaaS,UK,73681,4457,0.0605,1.77,7888.89,95,83.04,11815.26,1.5,0.02131478573031187,1.497708803139605,0.03418077164928156,11.207513814969037,0.10706817225607687,0,0,1,4,5
2024-12-14,Google Ads,Display,Healthcare,Australia,195545,8799,0.045,2.98,26221.02,444,59.06,122723.09,4.68,0.05046027957722468,4.680332420325373,0.015100666073601988,12.183550924847886,0.13409199928405227,1,0,0,3,0
2024-07-14,Google Ads,Shopping,E-commerce,USA,46846,2183,0.0466,3.36,7334.88,46,159.45,5098.84,0.7,0.021071919377004124,0.695149750234496,0.013869043491356104,10.754642251464746,0.1565743073047859,0,0,2,0,6
2024-07-03,Google Ads,Shopping,Healthcare,Canada,183428,4549,0.0248,2.11,9598.39,135,71.1,6604.0,0.69,0.02967685205539679,0.6880320553759537,0.01175354893196733,12.119582950622599,0.05232783435462415,0,0,2,3,1
2024-05-09,Google Ads,Shopping,EdTech,Australia,173913,5860,0.0337,3.46,20275.6,111,182.66,20779.66,1.02,0.0189419795221843,1.0248604233660163,0.009739881578068908,12.06631620313989,0.11658472914618227,0,0,2,1,0
2024-05-05,Google Ads,Video,SaaS,USA,190541,9527,0.05,2.17,20673.59,157,131.68,5416.71,0.26,0.016479479374409575,0.26201109725016314,0.02304146403619169,12.157627921689361,0.10849943056874899,0,0,3,4,6
2024-09-11,TikTok Ads,Video,SaaS,Canada,122116,5507,0.0451,0.98,5396.86,110,49.06,3555.98,0.66,0.019974577810059922,0.6588979517719563,0.046020361203713056,11.71273488054641,0.04419453634249402,0,2,3,4,1
2024-03-23,Google Ads,Display,Fintech,India,47879,1149,0.024,3.06,3515.94,25,140.64,3124.11,0.89,0.02175805047867711,0.8885561187050974,0.007843134691786048,10.77645315967191,0.07343386453351156,0,0,0,2,3
2024-10-08,Meta Ads,Search,Healthcare,USA,164876,5820,0.0353,0.74,4306.8,463,9.3,73917.74,17.16,0.07955326460481099,17.163030556329527,0.047702638239678054,12.012955020347862,0.026121448846405784,1,1,1,3,6
2024-05-13,Meta Ads,Display,SaaS,USA,163253,1779,0.0109,0.51,907.29,121,7.5,18762.73,20.68,0.06801573917931422,20.67997002061083,0.02137250711273115,12.003062549135592,0.005557570151850195,1,1,0,4,6
2024-10-04,Meta Ads,Shopping,Fintech,India,120631,1532,0.0127,0.77,1179.64,114,10.35,25286.78,21.44,0.07441253263707572,21.43601437726764,0.016493485073396007,11.70049986804563,0.00977891255150003,1,1,2,2,3
2024-04-29,Meta Ads,Display,Fintech,Australia,12610,197,0.0157,0.66,130.02,11,11.82,2637.16,20.28,0.05583756345177665,20.28272573450238,0.023787842745692806,9.442324727955874,0.010310864393338622,1,1,0,2,0
2024-01-12,Meta Ads,Video,Healthcare,UK,62676,595,0.0095,2.42,1439.9,32,45.0,1319.08,0.92,0.05378151260504202,0.9160913952357802,0.003925618212554457,11.04574983316754,0.022973706043780715,0,1,3,3,5
2024-07-10,Google Ads,Search,Fintech,UK,59943,2163,0.0361,3.29,7116.27,114,62.42,4800.81,0.67,0.052704576976421634,0.6746244872665034,0.010972641041750443,11.001166072044146,0.11871728141734648,0,0,1,2,5
2024-10-20,Meta Ads,Display,SaaS,USA,78302,900,0.0115,0.49,441.0,52,8.48,6354.23,14.41,0.057777777777777775,14.408684807256234,0.023469339858490087,11.26834119542117,0.005632040050062578,1,1,0,4,6
2024-09-04,Google Ads,Video,EdTech,UK,154805,9535,0.0616,0.96,9153.6,525,17.44,18155.37,1.98,0.05506030414263241,1.9834130833770318,0.06416659982645852,11.949927999076548,0.05912987306611544,0,0,3,1,5
2024-05-09,TikTok Ads,Video,Fintech,Australia,41839,2991,0.0715,0.99,2961.09,45,65.8,9665.89,3.26,0.015045135406218655,3.2643013214728356,0.07222214927055629,10.641608098738805,0.0707734410478262,0,2,3,2,0
2024-06-17,Meta Ads,Shopping,SaaS,India,127872,2953,0.0231,0.59,1742.27,150,11.62,15282.38,8.77,0.05079580088046055,8.771533688808278,0.03915247601275252,11.758792862857913,0.013625109484484484,1,1,2,4,3
2024-11-04,Google Ads,Display,Fintech,Germany,146779,5019,0.0342,2.22,11142.18,349,31.93,91145.36,8.18,0.06953576409643356,8.180208899874172,0.015405398466036726,11.896690146099054,0.07591126796067557,1,0,0,2,2
2024-06-26,Google Ads,Shopping,EdTech,USA,133588,6545,0.049,1.68,10995.6,241,45.62,34421.71,3.13,0.03682200152788388,3.1304985630615882,0.029166649305565895,11.802523201365602,0.08230978830433872,0,0,2,1,6
2024-01-29,Google Ads,Video,Fintech,UK,82462,3916,0.0475,2.1,8223.6,199,41.32,48785.37,5.93,0.050817160367722165,5.932361739384211,0.02261903684807769,11.32010498687488,0.09972593436977033,1,0,3,2,5
2024-01-18,Google Ads,Display,E-commerce,Australia,55248,1646,0.0298,2.6,4279.6,43,99.53,12311.15,2.88,0.02612393681652491,2.876705766894102,0.011461534053256133,10.91960551966869,0.0774616275702288,0,0,0,0,0
2024-08-09,Google Ads,Display,Healthcare,UAE,90374,2349,0.026,0.97,2278.53,69,33.02,5506.03,2.42,0.02937420178799489,2.416483434495047,0.026804096078251464,11.411722959461066,0.02521222918095913,0,0,0,3,4
2024-03-06,Meta Ads,Video,EdTech,USA,104976,1238,0.0118,1.52,1881.76,16,117.61,4162.98,2.21,0.012924071082390954,2.212279993197857,0.007763152787399482,11.56149655752618,0.017925621094345374,0,1,3,1,6
2024-11-10,Google Ads,Display,SaaS,Australia,124774,3481,0.0279,1.21,4212.01,113,37.27,4447.19,1.06,0.032461936225222636,1.0558355749392807,0.02305783218360977,11.73426739433781,0.033757112860050974,0,0,0,4,0
2024-08-14,Google Ads,Search,SaaS,USA,109263,2829,0.0259,0.88,2489.52,129,19.3,14321.34,5.75,0.04559915164369035,5.752651113467657,0.029431784736608253,11.60152225120087,0.022784657203261855,1,0,1,4,6
2024-06-13,Google Ads,Video,Fintech,UAE,105814,6126,0.0579,2.79,17091.54,289,59.14,45447.24,2.66,0.04717597126999674,2.659048862770704,0.02075268073380619,11.569447565294555,0.16152437295631958,0,0,3,2,4
2024-08-16,TikTok Ads,Shopping,Healthcare,Canada,41113,2347,0.0571,0.96,2253.12,33,68.28,2659.26,1.18,0.01406050276949297,1.1802567106945039,0.05947910470926593,10.624103975085617,0.05480310364118405,0,2,2,3,1
2024-01-15,Google Ads,Search,SaaS,Canada,43098,1620,0.0376,2.73,4422.6,39,113.4,7135.44,1.61,0.024074074074074074,1.6134038800705466,0.013772888727879587,10.671255073966524,0.10261729082556036,0,0,1,4,1
2024-08-28,Meta Ads,Display,E-commerce,Canada,25991,309,0.0119,1.52,469.68,14,33.55,2306.63,4.91,0.045307443365695796,4.911067109521376,0.007828942217801173,10.165544077348937,0.018070870686006695,1,1,0,0,1
2024-11-21,Google Ads,Display,EdTech,India,150778,2985,0.0198,1.39,4149.15,59,70.32,16435.61,3.96,0.019765494137353432,3.961199281780606,0.014244594068637364,11.923570467564366,0.02751827189643051,0,0,0,1,3
2024-07-17,Google Ads,Video,EdTech,Germany,113500,7604,0.067,1.3,9885.2,340,29.07,21520.64,2.18,0.04471330878485008,2.1770566098814386,0.051538421893521626,11.63956692643747,0.08709427312775331,0,0,3,1,2
2024-10-31,Meta Ads,Video,EdTech,UAE,140453,4213,0.03,1.09,4592.17,56,82.0,4347.77,0.95,0.013292190837882745,0.9467789737749257,0.027522910529439882,11.852635312012925,0.03269542124411725,0,1,3,1,4
2024-04-21,TikTok Ads,Display,SaaS,Germany,27936,1402,0.0502,1.32,1850.64,99,18.69,26865.9,14.52,0.07061340941512126,14.51708598106601,0.03803027421948923,10.237707254104047,0.06624570446735395,1,2,0,4,2
2024-02-27,TikTok Ads,Display,SaaS,UK,133303,4225,0.0317,1.53,6464.25,139,46.51,8508.68,1.32,0.03289940828402367,1.316267161697026,0.020718940706574703,11.800387513218459,0.048492907136373525,0,2,0,4,5
2024-05-02,Google Ads,Video,EdTech,UAE,117333,2898,0.0247,3.93,11389.14,48,237.27,5367.73,0.47,0.016563146997929608,0.4713024864037144,0.006284985678120692,11.672779847714164,0.09706680984889161,0,0,3,1,4
2024-09-14,Meta Ads,Display,SaaS,USA,152680,6214,0.0407,2.1,13049.4,283,46.11,13261.37,1.02,0.04554232378500161,1.016243658712278,0.01938094315193183,11.936106056484036,0.08546895467644747,0,1,0,4,6
2024-09-20,Google Ads,Display,Healthcare,USA,168384,4681,0.0278,2.57,12030.17,267,45.06,58628.48,4.87,0.057039094210638755,4.873453991090733,0.010817116413573379,12.034008303188868,0.07144485224249335,1,0,0,3,6
2024-08-22,Google Ads,Display,Fintech,Australia,106026,5152,0.0486,1.72,8861.44,240,36.92,50663.13,5.72,0.046583850931677016,5.717257014661273,0.028255797525699112,11.571449057640473,0.08357799030426499,1,0,0,2,0
2024-04-22,Google Ads,Search,E-commerce,Germany,107364,4895,0.0456,2.65,12971.75,200,64.86,42108.23,3.25,0.04085801838610827,3.246148746314106,0.017207540676399746,11.583989523401232,0.12082029358071607,0,0,1,0,2
2024-06-25,Google Ads,Video,EdTech,UK,132152,7572,0.0573,1.14,8632.08,552,15.64,115644.47,13.4,0.07290015847860538,13.397057256188543,0.05026311380428614,11.791715621250356,0.06531932925721896,1,0,3,1,5
2024-07-14,Google Ads,Shopping,Fintech,Australia,116695,5799,0.0497,3.13,18150.87,372,48.79,56034.95,3.09,0.06414899120538024,3.087177088481158,0.01587858917616959,11.66732754176605,0.1555411114443635,0,0,2,2,0
2024-11-28,Meta Ads,Search,E-commerce,UK,116030,4177,0.036,0.9,3759.3,188,20.0,8691.11,2.31,0.04500837921953555,2.31189583167079,0.039999955555604934,11.661612675765195,0.03239937947082651,0,1,1,0,5
2024-08-11,TikTok Ads,Search,E-commerce,Australia,164599,11209,0.0681,0.41,4595.69,653,7.04,133415.01,29.03,0.058256757962351684,29.030463325420126,0.16609715586059548,12.011273567225107,0.027920521995880895,1,2,1,0,0
2024-04-18,TikTok Ads,Video,Fintech,India,188844,12860,0.0681,0.98,12602.8,892,14.13,133607.64,10.6,0.06936236391912909,10.601425080140922,0.06948972501048467,12.148681851750922,0.0667365656308911,1,2,3,2,3
2024-09-10,TikTok Ads,Search,E-commerce,Canada,90468,5753,0.0636,0.8,4602.4,141,32.64,12042.73,2.62,0.024508951851208067,2.616619589779246,0.07949990062512421,11.412762529570834,0.05087323694566034,0,2,1,0,1
2024-06-24,Google Ads,Video,E-commerce,Australia,117223,7935,0.0677,2.02,16028.7,166,96.56,47449.87,2.96,0.02091997479521109,2.960306824633314,0.03351483489364609,11.671841913317861,0.1367368178599763,0,0,3,0,0
2024-03-26,TikTok Ads,Shopping,SaaS,Germany,93478,5786,0.0619,0.42,2430.12,272,8.93,27905.19,11.48,0.04701002419633599,11.483050219742235,0.1473806014747584,11.44549209112018,0.025996705107084017,1,2,2,4,2
2024-11-29,Google Ads,Video,EdTech,Canada,9134,228,0.025,1.39,316.92,2,158.46,329.55,1.04,0.008771929824561403,1.0398523286633852,0.017985598571511822,9.119868468812108,0.034696737464418655,0,0,3,1,1
2024-05-10,Meta Ads,Display,E-commerce,UAE,29485,1341,0.0455,1.41,1890.81,46,41.1,4626.55,2.45,0.0343027591349739,2.446861398025185,0.0322694806599428,10.291670853409766,0.06412786162455486,0,1,0,0,4
2024-12-23,TikTok Ads,Video,SaaS,Canada,22221,1706,0.0768,0.5,853.0,74,11.53,14659.06,17.19,0.04337631887456037,17.18529894490035,0.1535996928006144,10.008838068143953,0.03838711129112101,1,2,3,4,1
2024-06-19,Google Ads,Display,SaaS,Germany,178567,8374,0.0469,1.33,11137.42,98,113.65,8808.29,0.79,0.01170288989730117,0.7908734697982118,0.03526313138110422,12.092724760038848,0.06237109880325032,0,0,0,4,2
2024-10-06,TikTok Ads,Display,E-commerce,Australia,93074,4225,0.0454,1.54,6506.5,300,21.69,11467.08,1.76,0.07100591715976332,1.7624037500960579,0.029480500337337446,11.441160898740918,0.06990674087285385,0,2,0,0,0
2024-12-24,Google Ads,Search,Healthcare,Australia,155840,4566,0.0293,1.12,5113.92,312,16.39,40138.5,7.85,0.0683311432325887,7.848871315937676,0.026160690927954526,11.956591535693557,0.032815195071868586,1,0,1,3,0
2024-07-21,TikTok Ads,Display,E-commerce,India,21956,1611,0.0734,1.41,2271.51,79,28.75,9545.28,4.2,0.04903786468032278,4.202173884332448,0.052056700669006625,9.996841274269336,0.1034573692840226,0,2,0,0,3
2024-05-06,Meta Ads,Search,E-commerce,USA,177224,2374,0.0134,1.57,3727.18,142,26.25,18303.42,4.91,0.05981465880370682,4.910795829554784,0.008535026410811204,12.085175390723219,0.02103089874960502,1,1,1,0,6
2024-11-04,Google Ads,Search,EdTech,UAE,93720,2661,0.0284,1.7,4523.7,104,43.5,18904.07,4.18,0.03908305148440436,4.178895594314389,0.01670587252595734,11.4480775626459,0.04826824583866837,0,0,1,1,4
2024-05-28,Google Ads,Display,EdTech,USA,169909,7781,0.0458,2.5,19452.5,124,156.88,26123.28,1.34,0.01593625498007968,1.3429266161161804,0.01831999267200293,12.043024164079805,0.1144877552101419,0,0,0,1,6
2024-08-05,Meta Ads,Video,Healthcare,USA,46548,1047,0.0225,1.55,1622.85,28,57.96,7800.92,4.81,0.026743075453677174,4.806926086822566,0.014516119667019569,10.748260800197345,0.03486401134312967,1,1,3,3,6
2024-12-08,Meta Ads,Search,Healthcare,USA,6875,158,0.0231,1.83,289.14,2,144.57,386.94,1.34,0.012658227848101266,1.3382444490558207,0.012622943921888567,8.83579236650274,0.04205672727272727,0,1,1,3,6
2024-12-26,Google Ads,Search,SaaS,India,106975,4300,0.0402,2.39,10277.0,335,30.68,35904.36,3.49,0.07790697674418605,3.4936615743894133,0.016820076644319393,11.580359789219825,0.0960691750408974,0,0,1,4,3
2024-02-08,Google Ads,Shopping,SaaS,UK,10574,389,0.0368,2.59,1007.51,6,167.92,908.68,0.9,0.015424164524421594,0.9019066808269892,0.014208488722591226,9.266248003914479,0.09528182334026858,0,0,2,4,5
2024-07-16,TikTok Ads,Video,Fintech,Australia,147658,6939,0.047,0.86,5967.54,282,21.16,39581.75,6.63,0.040639861651534805,6.632842008599859,0.054651099242907855,11.902660840275447,0.04041460672635414,1,2,3,2,0
2024-06-02,Meta Ads,Shopping,SaaS,Canada,52013,1565,0.0301,1.03,1611.95,23,70.08,6481.69,4.02,0.014696485623003195,4.021024225317162,0.029223272598764467,10.859268192096696,0.030991290638878743,0,1,2,4,1
2024-10-18,Google Ads,Search,E-commerce,India,49484,1118,0.0226,2.05,2291.9,79,29.01,18417.53,8.04,0.0706618962432916,8.035922160652733,0.011024384866153723,10.80942487233079,0.04631598092312667,1,0,1,0,3
2024-07-04,Google Ads,Search,Healthcare,USA,18877,545,0.0289,3.2,1744.0,26,67.08,5981.0,3.43,0.047706422018348627,3.42947247706422,0.009031247177735256,9.84575250188489,0.09238756158287864,0,0,1,3,6
2024-04-15,Meta Ads,Shopping,Healthcare,UK,106505,1022,0.0096,1.8,1839.6,27,68.13,2467.18,1.34,0.026418786692759294,1.3411502500543597,0.005333330370372016,11.575956600572859,0.01727242852448242,0,1,2,3,5
2024-05-25,Google Ads,Search,E-commerce,India,65107,1777,0.0273,1.63,2896.51,128,22.63,29612.56,10.22,0.07203151378728194,10.2235310770548,0.016748455982542345,11.083802708511389,0.044488457462331245,1,0,1,0,3
2024-03-02,Google Ads,Shopping,SaaS,India,69839,1620,0.0232,1.26,2041.2,80,25.52,22785.52,11.16,0.04938271604938271,11.162806192435822,0.0184126837994573,11.153962190513484,0.02922722261200762,1,0,2,4,3
2024-02-27,Google Ads,Video,SaaS,USA,104794,5920,0.0565,3.66,21667.2,359,60.35,21837.83,1.01,0.06064189189189189,1.007875036922168,0.015437154252143646,11.55976133980726,0.2067599290035689,0,0,3,4,6
2024-04-14,Meta Ads,Video,EdTech,USA,33549,1224,0.0365,0.76,930.24,89,10.45,26101.34,28.06,0.0727124183006536,28.058716030271757,0.04802625259703605,10.420792142399828,0.027727801126710184,1,1,3,1,6
2024-02-17,Google Ads,Video,SaaS,Germany,133027,7808,0.0587,1.26,9838.08,153,64.3,22193.12,2.26,0.0195952868852459,2.2558385376008325,0.04658726461328206,11.798314911362125,0.07395551279063649,0,0,3,4,2
2024-11-12,Meta Ads,Video,EdTech,Germany,27419,1192,0.0435,1.83,2181.36,38,57.4,5935.39,2.72,0.031879194630872486,2.7209584846151027,0.023770478813946002,10.219027953116305,0.07955651190780116,0,1,3,1,2
2024-05-24,Google Ads,Video,Healthcare,Canada,102648,2330,0.0227,2.55,5941.5,157,37.84,28653.63,4.82,0.06738197424892704,4.822625599596062,0.008901957293350082,11.53907068055842,0.057882277297170916,1,0,3,3,1
2024-01-20,Google Ads,Display,E-commerce,Canada,181687,8321,0.0458,3.14,26127.94,651,40.14,189283.47,7.24,0.07823578896767215,7.244485022546745,0.014585982615929102,12.11004620927543,0.1438074270586228,1,0,0,0,1
2024-07-22,Google Ads,Display,SaaS,UK,166792,6071,0.0364,3.15,19123.65,323,59.21,23590.83,1.23,0.05320375555921594,1.233594528241209,0.011555551887126385,12.02450880159931,0.11465567892944506,0,0,0,4,5
2024-06-26,TikTok Ads,Search,SaaS,USA,7889,416,0.0528,1.0,416.0,16,26.0,2147.95,5.16,0.038461538461538464,5.163341346153846,0.0527999472000528,8.97335141383992,0.05273165166687793,1,2,1,4,6
2024-11-14,Meta Ads,Video,E-commerce,India,129746,4891,0.0377,1.81,8852.71,117,75.66,26101.17,2.95,0.02392148844817011,2.9483819079129443,0.020828717774189074,11.773341679373548,0.06823108226843216,0,1,3,0,3
2024-03-17,Google Ads,Display,E-commerce,Germany,94506,3269,0.0346,1.56,5099.64,193,26.42,7342.38,1.44,0.05903946160905476,1.4397839847518648,0.022179472961876306,11.45642918481256,0.0539610183480414,0,0,0,0,2
2024-05-17,Google Ads,Display,EdTech,Canada,12086,594,0.0492,2.46,1461.24,21,69.58,3418.15,2.34,0.03535353535353535,2.339211902220032,0.019999991869922004,9.399885773859458,0.12090352473936787,0,0,0,1,1
2024-05-07,TikTok Ads,Display,SaaS,UK,145497,4743,0.0326,0.35,1660.05,313,5.3,81349.35,49.0,0.06599198819312671,49.004156501310206,0.09314259102116852,11.887917619794743,0.01140951359821852,1,2,0,4,5
2024-05-18,Meta Ads,Search,EdTech,UAE,14491,259,0.0179,1.7,440.3,3,146.77,260.32,0.59,0.011583011583011582,0.5912332500567794,0.0105294055709379,9.581352052014967,0.030384376509557658,0,1,1,1,4
2024-03-13,Meta Ads,Shopping,Fintech,UAE,156043,4478,0.0287,1.33,5955.74,193,30.86,22322.38,3.75,0.04309959803483698,3.7480447433904103,0.021578931143660794,11.95789329774474,0.03816730003909179,0,1,2,2,4
2024-07-19,TikTok Ads,Display,Healthcare,UK,115304,3551,0.0308,1.56,5539.56,232,23.88,22178.1,4.0,0.06533370881441847,4.00358512228408,0.019743577087450587,11.655336070451343,0.048043086102823845,0,2,0,3,5
2024-09-24,TikTok Ads,Shopping,Fintech,UAE,132571,9147,0.069,1.02,9329.94,502,18.59,55471.3,5.95,0.05488138187383842,5.945515190880113,0.06764699250294853,11.794881173048562,0.07037693009783437,1,2,2,2,4
2024-11-13,Google Ads,Display,E-commerce,UAE,92502,2960,0.032,2.06,6097.6,201,30.34,47885.36,7.85,0.0679054054054054,7.853148779847809,0.015533973041760659,11.434996355407028,0.06591857473351928,1,0,0,0,4
2024-11-23,Google Ads,Display,EdTech,USA,133792,6943,0.0519,2.35,16316.05,186,87.72,17630.23,1.08,0.02678957223102405,1.0805452300035854,0.02208509698506511,11.804049108416807,0.12195086402774455,0,0,0,1,6
2024-12-26,Google Ads,Display,EdTech,UK,77258,3963,0.0513,1.8,7133.4,135,52.84,34518.13,4.84,0.03406510219530658,4.838944963131185,0.028499984166675464,11.254918692828197,0.09233218566362059,1,0,0,1,5
2024-05-10,Google Ads,Display,EdTech,UAE,74672,2665,0.0357,1.56,4157.4,129,32.23,32318.91,7.77,0.048405253283302065,7.773827392120076,0.022884600714999544,11.220873860000506,0.055675487465181056,1,0,0,1,4
2024-04-18,TikTok Ads,Search,Healthcare,Australia,41558,1757,0.0423,1.21,2125.97,72,29.53,18414.15,8.66,0.040978941377347755,8.661528619877046,0.03495864879450513,10.634869383325988,0.05115669666490206,1,2,1,3,0
2024-12-05,Google Ads,Shopping,Healthcare,Australia,134560,5947,0.0442,2.84,16889.48,144,117.29,23257.77,1.38,0.024213889355977805,1.3770566056503812,0.015563374801628591,11.809772906808174,0.12551634958382876,0,0,2,3,0
2024-05-26,TikTok Ads,Search,E-commerce,Canada,143518,10491,0.0731,0.85,8917.35,313,28.49,46285.52,5.19,0.02983509674959489,5.1905016624894165,0.08599989882364845,11.874222709598337,0.062134018032581284,1,2,1,0,1
2024-10-09,Meta Ads,Video,Fintech,UK,7402,91,0.0124,2.08,189.28,6,31.55,1105.17,5.84,0.06593406593406594,5.838810228233306,0.005961535595415578,8.909640602443098,0.025571467171034857,1,1,3,2,5
2024-09-25,Google Ads,Shopping,EdTech,Australia,49225,2367,0.0481,1.84,4355.28,137,31.79,8811.53,2.02,0.05787917194761301,2.023183354457119,0.026141290140603183,10.804177218181632,0.08847699339766378,0,0,2,1,0
2024-07-28,Google Ads,Video,Healthcare,India,173678,11428,0.0658,2.11,24113.08,310,77.78,83080.36,3.45,0.027126356317815892,3.4454478648103017,0.031184819343687515,12.06496404682026,0.13883784935340113,0,0,3,3,3
2024-03-07,Meta Ads,Display,Healthcare,Australia,92793,1261,0.0136,0.37,466.57,80,5.83,13024.34,27.92,0.063441712926249,27.91508240992777,0.03675665741443942,11.438137261511642,0.00502807323828306,1,1,0,3,0
2024-08-09,TikTok Ads,Video,SaaS,UK,122408,6671,0.0545,1.17,7805.07,293,26.64,67215.82,8.61,0.04392145105681307,8.611815140671386,0.04658115676824209,11.715123175768973,0.06376274426508072,1,2,3,4,5
2024-07-04,TikTok Ads,Search,E-commerce,UAE,162826,7815,0.048,1.64,12816.6,120,106.81,13520.75,1.05,0.015355086372360844,1.0549404678307819,0.029268274836417786,12.00044356646522,0.07871347327822338,0,2,1,0,4
2024-07-10,Meta Ads,Shopping,Healthcare,India,134614,3190,0.0237,1.78,5678.2,188,30.2,41736.54,7.35,0.05893416927899686,7.3503117185023426,0.013314599261461089,11.810174131291221,0.04218134815100955,1,1,2,3,3
2024-03-18,Google Ads,Shopping,Fintech,India,116451,3388,0.0291,3.39,11485.32,188,61.09,28791.61,2.51,0.05548996458087367,2.5068182688858474,0.008584068264286647,11.665234449918115,0.09862792075636963,0,0,2,2,3
2024-02-13,Google Ads,Search,E-commerce,Germany,188276,11277,0.0599,2.48,27966.96,554,50.48,89376.47,3.2,0.04912654074665248,3.195787815336383,0.024153216067251584,12.145669561672394,0.14854235271622512,0,0,1,0,2
2024-07-14,Meta Ads,Search,Fintech,Australia,165552,4337,0.0262,2.22,9628.14,132,72.94,21448.35,2.23,0.03043578510491123,2.2276732577631817,0.011801796485677257,12.017046664224672,0.05815779936213395,0,1,1,2,0
2024-08-18,Meta Ads,Video,EdTech,UK,82271,3397,0.0413,0.52,1766.44,36,49.07,6412.73,3.63,0.010597586105387106,3.630312945811915,0.07942292418668426,11.317786110065615,0.021470992208676206,0,1,3,1,5
2024-12-30,TikTok Ads,Search,Fintech,Germany,61921,3814,0.0616,0.31,1182.34,50,23.65,8842.35,7.48,0.013109596224436287,7.4786863338802725,0.19870903642246318,11.033630807483584,0.01909432987193359,1,2,1,2,2
2024-09-26,Google Ads,Shopping,E-commerce,Canada,161089,6540,0.0406,2.1,13734.0,285,48.19,49746.79,3.62,0.04357798165137615,3.622163244502694,0.01933332412698851,11.989718493992012,0.08525721805958197,0,0,2,0,1
2024-09-13,Google Ads,Shopping,Healthcare,USA,85618,2679,0.0313,0.92,2464.68,74,33.31,6024.46,2.44,0.027622247107129527,2.4443173150266975,0.03402170215032375,11.357662500116598,0.028786937326263168,0,0,2,3,6
2024-12-12,Meta Ads,Search,Healthcare,Australia,30457,606,0.0199,0.58,351.48,34,10.34,4981.94,14.17,0.056105610561056105,14.174177762603845,0.03431028567192126,10.324103964411636,0.01154020422234626,1,1,1,3,0
2024-01-25,TikTok Ads,Search,E-commerce,India,46420,1880,0.0405,1.9,3572.0,113,31.61,5769.59,1.62,0.0601063829787234,1.6152267637178053,0.021315778254853552,10.745507222034997,0.07694959069366653,0,2,1,0,3
2024-08-21,Google Ads,Search,E-commerce,UK,180746,5024,0.0278,1.28,6430.72,64,100.48,17709.21,2.75,0.012738853503184714,2.7538456036027066,0.02171873303223982,12.104853542372897,0.03557876799486572,0,0,1,0,5
2024-06-26,TikTok Ads,Search,SaaS,Germany,131244,5604,0.0427,0.38,2129.52,229,9.3,65541.49,30.78,0.04086366880799429,30.777588376723397,0.11236812534703858,11.784821084490133,0.016225656029989943,1,2,1,4,2
2024-03-01,Google Ads,Search,E-commerce,Germany,86678,2158,0.0249,1.45,3129.1,163,19.2,27708.88,8.86,0.07553290083410566,8.855223546706721,0.017172401950067622,11.369966918897084,0.03610027919425921,1,0,1,0,2
2024-11-03,Google Ads,Display,EdTech,Canada,70226,4037,0.0575,2.16,8719.92,240,36.33,68153.47,7.82,0.0594500866980431,7.815836613179938,0.02662035804613053,11.159488131452981,0.12416939595021786,1,0,0,1,1
2024-12-01,Google Ads,Search,Fintech,Germany,124119,6416,0.0517,2.55,16360.8,358,45.7,48445.72,2.96,0.05579800498753117,2.9610850325167477,0.02027450185313653,11.729004118562317,0.13181543518719938,0,0,1,2,2
2024-05-16,Google Ads,Shopping,Healthcare,UAE,126292,5165,0.0409,1.49,7695.85,110,69.96,14074.18,1.83,0.021297192642787996,1.8288012370303475,0.02744964600694899,11.746359883208022,0.06093695562664302,0,0,2,3,4
2024-02-23,Google Ads,Video,E-commerce,Canada,189935,10161,0.0535,1.49,15139.89,615,24.62,31748.86,2.1,0.06052553882491881,2.0970337300997564,0.035906016170458945,12.154442452293315,0.07971090109774397,0,0,3,0,1
2024-04-16,Google Ads,Display,EdTech,UAE,103066,2380,0.0231,2.49,5926.2,121,48.98,20395.26,3.44,0.05084033613445378,3.4415409537308896,0.009277104707990076,11.543134541174716,0.057499078260532084,0,0,0,1,4
2024-03-30,Meta Ads,Shopping,E-commerce,USA,11083,193,0.0175,0.83,160.19,11,14.56,912.82,5.7,0.05699481865284974,5.69835819963793,0.021084311946612116,9.31325790598287,0.01445366777948209,1,1,2,0,6
2024-04-25,Meta Ads,Display,EdTech,UAE,6074,128,0.0212,1.51,193.28,5,38.66,1253.71,6.49,0.0390625,6.486496274834437,0.014039725801506092,8.711937268208748,0.031820875864339807,1,1,0,1,4
2024-10-11,TikTok Ads,Video,Healthcare,Canada,54752,2814,0.0514,0.86,2420.04,137,17.66,13580.22,5.61,0.04868514570007108,5.611568403828036,0.059767372363520505,10.91058744069813,0.044200029222676795,1,2,3,3,1
2024-02-10,Meta Ads,Video,Healthcare,UK,141313,4762,0.0337,1.05,5000.1,207,24.16,26737.15,5.35,0.04346913061738765,5.347323053538929,0.03209520752837378,11.858739643736214,0.03538315653903038,1,1,3,3,5
2024-11-28,TikTok Ads,Display,EdTech,USA,34669,1965,0.0567,1.61,3163.65,74,42.75,12153.4,3.84,0.037659033078880404,3.8415753955083525,0.03521736943020532,10.45363003867907,0.09125299258703741,0,2,0,1,6
2024-03-17,Meta Ads,Display,E-commerce,Australia,104714,1015,0.0097,0.93,943.95,78,12.1,20952.03,22.2,0.07684729064039408,22.19612267598919,0.010430096311724396,11.55899765307261,0.00901455392784155,1,1,0,0,0
2024-05-30,TikTok Ads,Video,Healthcare,UAE,109733,6616,0.0603,0.91,6020.56,516,11.67,53965.61,8.96,0.07799274486094317,8.963553224284784,0.06626366344652368,11.60581453443263,0.05486553725861865,1,2,3,3,4
2024-09-16,TikTok Ads,Display,SaaS,USA,67502,5859,0.0868,0.48,2812.32,395,7.12,42271.31,15.03,0.06741764806280935,15.030761079820218,0.1808329565980071,11.11992732031744,0.041662765547687476,1,2,0,4,6
2024-04-24,Google Ads,Display,E-commerce,Canada,129121,4893,0.0379,2.56,12526.08,137,91.43,7241.16,0.58,0.027999182505620272,0.5780866799509503,0.014804681716921205,11.768512972850978,0.09701040109664578,0,0,0,0,1
2024-03-25,Google Ads,Video,Fintech,USA,173102,4414,0.0255,3.4,15007.6,341,44.01,52487.34,3.5,0.07725419120978703,3.4973839921106635,0.007499997794118295,12.061642072036651,0.08669801619854191,0,0,3,2,6
2024-03-27,Google Ads,Shopping,EdTech,Canada,140607,6397,0.0455,1.43,9147.71,393,23.28,82224.93,8.99,0.06143504767859934,8.98858074862452,0.031818159567720584,11.853731155744281,0.06505870973706857,1,0,2,1,1
2024-01-11,Google Ads,Search,Healthcare,Germany,48351,2156,0.0446,3.16,6812.96,83,82.08,7504.87,1.1,0.03849721706864564,1.101557913153754,0.014113919584202663,10.786262865072466,0.14090628942524458,0,0,1,3,2
2024-04-06,TikTok Ads,Video,Fintech,Germany,118135,8151,0.069,0.69,5624.19,428,13.14,64189.34,11.41,0.052508894614157774,11.413081705987885,0.09999985507267382,11.67959178215361,0.047608160155754004,1,2,3,2,2
2024-06-25,TikTok Ads,Search,Fintech,UK,20185,878,0.0435,0.61,535.58,27,19.84,7476.28,13.96,0.030751708428246014,13.959221778259082,0.07131135850596966,9.912744573798804,0.02653356452811494,1,2,1,2,5
2024-11-29,TikTok Ads,Video,E-commerce,Australia,50802,3617,0.0712,0.42,1519.14,279,5.44,22644.29,14.91,0.07713574785734034,14.905992864383796,0.16952340589665263,10.835710686940999,0.02990315341915673,1,2,3,0,0
2024-08-14,Meta Ads,Shopping,E-commerce,Canada,34048,694,0.0204,1.45,1006.3,49,20.54,12555.06,12.48,0.07060518731988473,12.47645831263043,0.014068955814513234,10.435555942570769,0.02955533364661654,1,1,2,0,1
2024-02-23,TikTok Ads,Video,SaaS,UAE,56672,2397,0.0423,0.48,1150.56,138,8.34,33165.74,28.83,0.057571964956195244,28.825737032401612,0.08812481640663249,10.945053185824962,0.020302089215132692,1,2,3,4,4
2024-05-15,Google Ads,Video,Fintech,UAE,128962,7337,0.0569,1.35,9904.95,226,43.83,26098.81,2.63,0.030802780427967833,2.6349259713577555,0.042148116927320796,11.76728082049717,0.07680518292210109,0,0,3,2,4
2024-09-22,Meta Ads,Video,Healthcare,UK,15532,593,0.0382,1.43,847.99,45,18.84,2243.79,2.65,0.07588532883642496,2.646009976532742,0.026713268032679698,9.650722071987907,0.054596317280453256,0,1,3,3,5
2024-08-15,Google Ads,Video,Fintech,Australia,154666,5939,0.0384,1.28,7601.92,366,20.77,24965.13,3.28,0.06162653645394848,3.2840558700959757,0.02999997656251831,11.949029697710374,0.04915055668343398,0,0,3,2,0
2024-08-22,TikTok Ads,Video,E-commerce,USA,9722,455,0.0469,1.21,550.55,29,18.98,3533.89,6.42,0.06373626373626373,6.418835709744801,0.038760298545207815,9.182249491809657,0.056629294383871626,1,2,3,0,6
2024-08-10,Google Ads,Display,Fintech,Australia,24464,511,0.0209,1.12,572.32,20,28.62,5921.83,10.35,0.03913894324853229,10.347061084707855,0.01866069762437712,10.104998803723223,0.0233943754087639,1,0,0,2,0
2024-02-09,Meta Ads,Video,E-commerce,India,170413,3936,0.0231,0.71,2794.56,63,44.36,12671.79,4.53,0.01600609756097561,4.534449072483683,0.03253516544342895,12.045986049626848,0.01639874892173719,1,1,3,0,3
2024-03-12,TikTok Ads,Video,Fintech,Germany,109205,4499,0.0412,0.84,3779.16,49,77.13,13660.38,3.61,0.010891309179817737,3.61466040072397,0.049047560657665884,11.600991285838463,0.03460610777894785,0,2,3,2,2
2024-08-20,Google Ads,Shopping,E-commerce,Germany,161926,5424,0.0335,3.29,17844.96,87,205.11,11807.21,0.66,0.016039823008849558,0.6616551676215581,0.010182367725724095,11.994900895372092,0.11020441436211602,0,0,2,0,2
2024-10-14,Meta Ads,Search,E-commerce,UK,125725,1646,0.0131,0.81,1333.26,19,70.17,2319.58,1.74,0.011543134872417983,1.7397806879378366,0.01617281953972896,11.741860214876102,0.01060457347385166,0,1,1,0,5
2024-05-17,TikTok Ads,Video,Healthcare,UAE,116301,4198,0.0361,1.45,6087.1,212,28.71,37780.9,6.21,0.0505002382086708,6.206715841698017,0.024896534554114103,11.663945535263448,0.05233918882898685,1,2,3,3,4
2024-12-12,Google Ads,Shopping,SaaS,Canada,88251,2665,0.0302,1.29,3437.85,151,22.77,17509.21,5.09,0.05666041275797373,5.093069796529808,0.023410834565244523,11.387951637428262,0.03895536594486181,1,0,2,4,1
2024-10-12,Google Ads,Video,EdTech,Germany,185378,3244,0.0175,1.82,5904.08,246,24.0,67552.8,11.44,0.07583230579531443,11.44171488191217,0.00961537933220916,12.130157657090104,0.03184887095556107,1,0,3,1,2
2024-08-13,Meta Ads,Shopping,SaaS,USA,177905,5532,0.0311,0.98,5421.36,370,14.65,14673.05,2.71,0.06688358640636298,2.706525668835864,0.03173466149524337,12.089010599898007,0.03047334251426323,0,1,2,4,6
2024-08-16,Meta Ads,Video,E-commerce,Canada,122845,2714,0.0221,0.57,1546.98,143,10.82,36419.79,23.54,0.052689756816507,23.542508629717254,0.03877186180375122,11.718686817386676,0.012592942325694982,1,1,3,0,1
2024-06-17,Meta Ads,Video,Healthcare,Germany,36017,1210,0.0336,1.01,1222.1,28,43.65,1258.31,1.03,0.023140495867768594,1.0296293265690206,0.033267293794758616,10.491774092479899,0.03393119915595413,0,1,3,3,2
2024-05-13,Google Ads,Search,EdTech,USA,71267,3962,0.0556,0.93,3684.66,287,12.84,50107.59,13.6,0.07243816254416961,13.598972496783963,0.05978488195173983,11.17420269780386,0.05170219035458206,1,0,1,1,6
2024-01-04,Meta Ads,Display,EdTech,India,97152,1156,0.0119,0.54,624.24,43,14.52,4965.75,7.95,0.037197231833910036,7.9548731257208765,0.022036996227784763,11.484042334411154,0.006425395256916996,1,1,0,1,3
2024-09-03,Meta Ads,Shopping,E-commerce,USA,33834,906,0.0268,0.88,797.28,23,34.66,2361.23,2.96,0.025386313465783666,2.9616069636765,0.030454510847146763,10.429251048666325,0.023564461784004256,0,1,2,0,6
2024-12-14,TikTok Ads,Shopping,E-commerce,Canada,183775,7093,0.0386,1.0,7093.0,373,19.02,88634.0,12.5,0.05258705766248414,12.495981954039193,0.03859996140003861,12.121472903664023,0.038596109372874436,1,2,2,0,1
2024-08-31,Meta Ads,Search,Fintech,UAE,199405,5204,0.0261,0.96,4995.84,333,15.0,25169.83,5.04,0.06398923904688701,5.038157747245709,0.027187471679717003,12.203098226327985,0.025053734861212106,1,1,1,2,4
2024-03-19,TikTok Ads,Search,Healthcare,Germany,169512,9475,0.0559,1.41,13359.75,203,65.81,26995.02,2.02,0.02142480211081794,2.0206231404030763,0.03964536195364401,12.040684899026834,0.0788130043890698,0,2,1,3,2
2024-11-06,Google Ads,Display,EdTech,India,14884,541,0.0364,3.25,1758.25,43,40.89,4123.58,2.35,0.07948243992606285,2.345275131522821,0.011199996553847215,9.608109273449877,0.11813020693361999,0,0,0,1,3
2024-11-19,TikTok Ads,Shopping,Healthcare,Germany,47623,1695,0.0356,1.85,3135.75,36,87.1,9884.86,3.15,0.021238938053097345,3.1523112493024,0.01924323284149576,10.771092114833227,0.06584528484135817,0,2,2,3,2
2024-11-24,Meta Ads,Search,E-commerce,USA,102780,1952,0.019,1.2,2342.4,63,37.18,16160.9,6.9,0.03227459016393443,6.899291325136612,0.015833320138899886,11.540355790018252,0.022790426152948046,1,1,1,0,6
2024-02-10,Google Ads,Shopping,Healthcare,Australia,167717,4142,0.0247,1.73,7165.66,71,100.92,15937.54,2.22,0.017141477547078707,2.224155206917437,0.0142774483945385,12.030039276577302,0.04272470888460919,0,0,2,3,0
2024-09-05,Meta Ads,Search,E-commerce,UK,189598,6673,0.0352,1.99,13279.27,170,78.11,36177.68,2.72,0.02547579799190769,2.7243726500025978,0.01768843332239532,12.152666594527545,0.07003908269074569,0,1,1,0,5
2024-01-21,TikTok Ads,Display,SaaS,Germany,92273,6237,0.0676,1.41,8794.17,291,30.22,72065.02,8.19,0.046657046657046654,8.194635764375718,0.04794322840905787,11.432517690667979,0.09530599416947536,1,2,0,4,2
2024-09-05,Google Ads,Display,Fintech,UK,118884,5932,0.0499,2.95,17499.4,450,38.89,121374.91,6.94,0.07585974376264329,6.93594694675246,0.01691524850330559,11.685911918286504,0.14719726792503618,1,0,0,2,5
2024-04-04,Google Ads,Search,Healthcare,Australia,84303,4417,0.0524,3.12,13781.04,100,137.81,20354.89,1.48,0.022639800769753225,1.4770213278533404,0.01679486641190179,11.342184592449067,0.16347033913383865,0,0,1,3,0
2024-01-04,Google Ads,Video,EdTech,Germany,89730,4621,0.0515,2.68,12384.28,277,44.71,13483.54,1.09,0.05994373512226791,1.0887625279790185,0.019216410740145243,11.404571584774748,0.13801716259890784,0,0,3,1,2
2024-11-30,Google Ads,Search,SaaS,UK,174737,5207,0.0298,1.44,7498.08,398,18.84,90351.24,12.05,0.07643556750528135,12.049916778695346,0.02069443007331245,12.0710429882103,0.042910660020487934,1,0,1,4,5
2024-09-10,Google Ads,Shopping,Healthcare,Germany,145508,7158,0.0492,1.44,10307.52,566,18.21,76404.29,7.41,0.07907236658284438,7.412480402657477,0.03416664293983129,11.887993219350804,0.07083816697363719,1,0,2,3,2
2024-04-24,Google Ads,Shopping,EdTech,Australia,75649,1792,0.0237,2.78,4981.76,110,45.29,12588.99,2.53,0.06138392857142857,2.5270165563977387,0.008525176789504752,11.233872719216501,0.06585361339872305,0,0,2,1,0
2024-03-25,TikTok Ads,Display,E-commerce,UK,85522,3378,0.0395,0.35,1182.3,167,7.08,30312.31,25.64,0.049437537004144466,25.638425103611606,0.11285682040908457,11.35654062459722,0.013824512990809381,1,2,0,0,5
2024-11-19,Meta Ads,Shopping,Healthcare,Canada,19588,434,0.0222,1.77,768.18,5,153.64,560.03,0.73,0.01152073732718894,0.7290348616209743,0.012542365795273564,9.8827234631834,0.03921686746987951,0,1,2,3,1
2024-11-02,TikTok Ads,Video,E-commerce,Canada,92985,8024,0.0863,0.85,6820.4,520,13.12,150774.99,22.11,0.06480558325024925,22.106473227376693,0.10152929231847962,11.440204223169058,0.07334946496746787,1,2,3,0,1
2024-03-21,Google Ads,Video,E-commerce,USA,134198,2670,0.0199,3.15,8410.5,71,118.46,14769.75,1.76,0.02659176029962547,1.7561084358837167,0.006317458311917996,11.807079051927127,0.06267232000476908,0,0,3,0,6
2024-12-06,TikTok Ads,Search,E-commerce,Canada,25951,809,0.0312,0.48,388.32,61,6.37,10397.04,26.77,0.0754017305315204,26.77441285537701,0.06499986458361545,10.16400395691514,0.01496358521829602,1,2,1,0,1
2024-10-19,Google Ads,Shopping,E-commerce,UK,55385,1678,0.0303,1.44,2416.32,64,37.76,18110.48,7.5,0.03814064362336114,7.495066878559131,0.0210416520544083,10.922082133218206,0.04362769702988174,1,0,2,0,5
2024-01-01,Google Ads,Search,SaaS,India,21702,1000,0.0461,3.17,3170.0,17,186.47,3670.88,1.16,0.017,1.158006309148265,0.014542582163223293,9.985205778820985,0.146069486683255,0,0,1,4,3
2024-02-27,TikTok Ads,Search,SaaS,UAE,195972,13796,0.0704,0.5,6898.0,645,10.69,54701.33,7.93,0.04675268193679327,7.930027544215715,0.1407997184005632,12.185732173621508,0.035198905966158434,1,2,1,4,4
2024-09-12,Meta Ads,Search,Healthcare,UAE,73447,2401,0.0327,1.44,3457.44,93,37.18,11150.38,3.23,0.038733860891295296,3.2250393354620757,0.02270831756366836,11.204332951823536,0.04707394447696979,0,1,1,3,4
2024-10-17,Meta Ads,Search,Healthcare,UAE,55867,1681,0.0301,1.98,3328.38,32,104.01,3790.94,1.14,0.01903628792385485,1.1389745161309706,0.015202012524236098,10.930747044425662,0.05957685216675318,0,1,1,3,4
2024-05-19,Google Ads,Display,Fintech,UK,64567,1439,0.0223,2.29,3295.31,64,51.49,4231.38,1.28,0.04447533009034051,1.2840612871019723,0.009737987013979469,11.075474211004208,0.05103706227639506,0,0,0,2,5
2024-07-02,TikTok Ads,Shopping,SaaS,Canada,97254,3374,0.0347,1.65,5567.1,63,88.37,17255.15,3.1,0.01867219917012448,3.09948626753606,0.021030290284672556,11.485091674040792,0.05724288975260658,0,2,2,4,1
2024-01-20,Meta Ads,Shopping,Healthcare,UK,147897,2144,0.0145,1.94,4159.36,24,173.31,3826.61,0.92,0.011194029850746268,0.9199997114940761,0.007474222951431469,11.90427812595702,0.028123356119461516,0,1,2,3,5
2024-09-13,Meta Ads,Display,Healthcare,Germany,115379,5134,0.0445,2.41,12372.94,391,31.64,109895.16,8.88,0.076158940397351,8.881895491289864,0.018464722628745794,11.655986307810881,0.1072373655517902,1,1,0,3,2
2024-03-03,Google Ads,Search,Fintech,UK,51566,1531,0.0297,1.39,2128.09,112,19.0,6716.48,3.16,0.07315480078380143,3.1561071195297186,0.021366891102956045,10.850637211996267,0.04126924717837335,0,0,1,2,5
2024-06-18,Google Ads,Search,Healthcare,UAE,184889,6212,0.0336,2.17,13480.04,73,184.66,2434.91,0.18,0.011751448808757245,0.18063076964163308,0.015483863832320813,12.127516332624399,0.07290882637690722,0,0,1,3,4
2024-04-17,TikTok Ads,Shopping,EdTech,Australia,100028,7402,0.074,0.73,5403.46,100,54.03,7280.48,1.35,0.013509862199405566,1.3473737198017566,0.1013697241510628,11.513215422928356,0.05401947454712681,0,2,2,1,0
2024-07-31,TikTok Ads,Search,EdTech,India,29741,1287,0.0433,1.23,1583.01,55,28.78,6012.36,3.8,0.042735042735042736,3.7980556029336516,0.035203223412013485,10.300315467248629,0.05322652230927003,0,2,1,1,3
2024-03-12,Google Ads,Shopping,Fintech,Australia,155033,5782,0.0373,2.17,12546.94,248,50.59,71470.23,5.7,0.04289173296437219,5.696227924896428,0.017188932170999,11.951399726685338,0.08093076957808983,1,0,2,2,0
2024-08-15,TikTok Ads,Shopping,Fintech,Canada,13562,790,0.0583,1.18,932.2,40,23.3,7014.55,7.52,0.05063291139240506,7.52472645355074,0.04940673779090018,9.515100775962715,0.06873617460551541,1,2,2,2,1
2024-01-18,Meta Ads,Shopping,Healthcare,UAE,84830,2612,0.0308,1.98,5171.76,84,61.57,6284.59,1.22,0.03215926493108729,1.2151743313688184,0.015555547699218335,11.348416321014746,0.0609661676293764,0,1,2,3,4
2024-05-21,Meta Ads,Shopping,Healthcare,Germany,119427,1146,0.0096,1.93,2211.78,27,81.92,5094.36,2.3,0.02356020942408377,2.3032851368580958,0.004974090686999644,11.690468958311083,0.01851993267854003,0,1,2,3,2
2024-08-15,Google Ads,Shopping,EdTech,India,175623,9483,0.054,0.97,9198.51,268,34.32,79311.56,8.62,0.028261098808393968,8.622218163593885,0.055670045700983814,12.07610062510376,0.05237645410908594,1,0,2,1,3
2024-07-25,Google Ads,Search,SaaS,Australia,93919,4968,0.0529,2.55,12668.4,308,41.13,66254.75,5.23,0.061996779388083734,5.229922484291623,0.020745089903886314,11.450198635061923,0.1348864447023499,1,0,1,4,0
2024-11-04,TikTok Ads,Display,Fintech,UAE,46190,3030,0.0656,0.42,1272.6,183,6.95,38945.83,30.6,0.060396039603960394,30.603355335533557,0.1561901043092755,10.740540252898029,0.027551418055856244,1,2,0,2,4
2024-10-29,Meta Ads,Display,Healthcare,Australia,152996,3136,0.0205,1.79,5613.44,82,68.46,6472.17,1.15,0.02614795918367347,1.1529774968646678,0.011452507568431526,11.938173592339199,0.036690109545347585,0,1,0,3,0
2024-06-03,TikTok Ads,Shopping,E-commerce,UAE,62600,3142,0.0502,0.71,2230.82,245,9.11,17495.08,7.84,0.07797581158497773,7.842443585766669,0.07070412576883695,11.044536531401494,0.035636102236421725,1,2,2,0,4
2024-02-29,Meta Ads,Search,E-commerce,UAE,36127,610,0.0169,1.11,677.1,45,15.05,6906.4,10.2,0.07377049180327869,10.199970462265544,0.015225211508818459,10.494823466949388,0.018742214963877433,1,1,1,0,4
2024-04-28,TikTok Ads,Video,EdTech,India,110940,6512,0.0587,1.41,9181.92,108,85.02,14612.87,1.59,0.016584766584766583,1.5914830449404918,0.04163117614810203,11.616753807449978,0.08276473769605192,0,2,3,1,3
2024-04-01,Meta Ads,Search,E-commerce,UK,91332,3762,0.0412,0.65,2445.3,125,19.56,31285.11,12.79,0.03322700691121744,12.793976199239356,0.0633845178699725,11.4222674470604,0.026773748521876233,1,1,1,0,5
2024-08-27,TikTok Ads,Video,EdTech,UAE,149526,4321,0.0289,0.78,3370.38,120,28.09,25118.55,7.45,0.0277713492247165,7.4527352998771645,0.03705123454969929,11.915232257512988,0.022540427751695357,1,2,3,1,4
2024-04-29,Meta Ads,Search,Healthcare,USA,77746,2861,0.0368,1.04,2975.44,82,36.29,21523.93,7.23,0.028661307235232435,7.2338645712902965,0.03538458136097946,11.26121524408805,0.038271293699997426,1,1,1,3,6
2024-04-17,Google Ads,Video,Healthcare,UK,105804,3110,0.0294,0.97,3016.7,200,15.08,49067.29,16.27,0.06430868167202572,16.26522027380913,0.030309247103868963,11.569353056268872,0.028512154549922498,1,0,3,3,5
2024-09-15,Meta Ads,Video,Fintech,Germany,37599,1225,0.0326,1.3,1592.5,73,21.82,19164.89,12.03,0.05959183673469388,12.034467817896388,0.025076903786997087,10.534759329377986,0.042354849863028274,1,1,3,2,2
2024-04-14,Google Ads,Shopping,E-commerce,India,9791,519,0.0531,3.95,2050.05,40,51.25,2255.24,1.1,0.07707129094412331,1.1000902417014218,0.013443034571383652,9.189321004752108,0.20938106424267186,0,0,2,0,3
2024-02-29,Google Ads,Search,Healthcare,USA,34802,1708,0.0491,2.9,4953.2,72,68.79,6827.25,1.38,0.04215456674473068,1.3783513688120812,0.01693102864447288,10.457458868943517,0.1423251537267973,0,0,1,3,6
2024-10-17,TikTok Ads,Display,Healthcare,India,81394,5192,0.0638,0.94,4880.48,253,19.29,41499.01,8.5,0.048728813559322036,8.503059125331935,0.06787226822099125,11.30706912504261,0.05996117649949627,1,2,0,3,3
2024-09-06,Google Ads,Shopping,E-commerce,Germany,101299,3504,0.0346,1.8,6307.2,250,25.23,36776.35,5.83,0.07134703196347032,5.830852042110604,0.01922221154321581,11.525841690236774,0.06226320101876622,1,0,2,0,2
2024-08-30,Meta Ads,Video,Healthcare,Germany,140431,1544,0.011,0.52,802.88,74,10.85,2904.54,3.62,0.04792746113989637,3.6176514547628535,0.02115380547345101,11.8524786648319,0.005717256161388867,0,1,3,3,2
2024-06-04,Google Ads,Video,SaaS,Canada,113368,5260,0.0464,1.31,6890.6,168,41.02,8983.58,1.3,0.03193916349809886,1.3037442312715872,0.03541982029021352,11.638403264297079,0.06078081998447534,0,0,3,4,1
2024-06-18,Google Ads,Display,E-commerce,Germany,89263,3695,0.0414,1.77,6540.15,155,42.19,19291.23,2.95,0.04194857916102842,2.949661705006766,0.023389817293888535,11.39935355008531,0.07326831946047074,0,0,0,0,2
2024-08-01,Meta Ads,Display,E-commerce,USA,168947,4510,0.0267,1.94,8749.4,179,48.88,48341.14,5.53,0.03968957871396896,5.525080576953848,0.013762879503670361,12.037346254250528,0.0517878387896796,1,1,0,0,6
2024-06-13,TikTok Ads,Search,EdTech,UAE,139511,8384,0.0601,1.35,11318.4,209,54.16,26357.3,2.33,0.02492843511450382,2.3287125388747527,0.044518485541862565,11.845905898049296,0.08112908659532223,0,2,1,1,4
2024-09-12,Google Ads,Search,Fintech,UK,25927,1501,0.0579,1.01,1516.01,44,34.45,4091.03,2.7,0.029313790806129246,2.6985508011160877,0.057326675914182265,10.163078744821384,0.05847224900682686,0,0,1,2,5
2024-11-20,Meta Ads,Shopping,E-commerce,Germany,165322,4529,0.0274,1.73,7835.17,167,46.92,38358.92,4.9,0.036873482004857586,4.895735510524979,0.015838141134022467,12.015656415085749,0.04739338986946686,1,1,2,0,2
2024-12-13,Meta Ads,Video,Healthcare,India,149542,2497,0.0167,1.04,2596.88,70,37.1,12612.87,4.86,0.02803364036844213,4.856932164751548,0.016057676867618397,11.915339255874677,0.01736555616482326,1,1,3,3,3
2024-09-17,Meta Ads,Video,Healthcare,UK,20021,462,0.0231,1.57,725.34,20,36.27,4554.08,6.28,0.04329004329004329,6.278545233959246,0.014713366424607372,9.904586947979428,0.03622895959242795,1,1,3,3,5
2024-01-16,Google Ads,Shopping,SaaS,UAE,31783,781,0.0246,1.16,905.96,49,18.49,4886.84,5.39,0.06274007682458387,5.394101284824937,0.02120687826993253,10.366718297494435,0.028504546455652393,1,0,2,4,4
2024-01-14,Meta Ads,Display,EdTech,India,171020,2616,0.0153,0.44,1151.04,41,28.07,9636.88,8.37,0.015672782874617736,8.372324159021407,0.03477264824398126,12.049541634962177,0.006730440884107122,1,1,0,1,3
2024-01-24,Google Ads,Shopping,Fintech,Australia,31325,858,0.0274,2.12,1818.96,43,42.3,2004.67,1.1,0.05011655011655012,1.1020968025685007,0.012924522205414053,10.352203702638608,0.05806735833998404,0,0,2,2,0
2024-12-30,Meta Ads,Display,SaaS,Australia,49134,1026,0.0209,0.8,820.8,16,51.3,1025.05,1.25,0.015594541910331383,1.2488425925925926,0.026124967343790814,10.802326890796527,0.01670533642691415,0,1,0,4,0
2024-04-30,Google Ads,Display,SaaS,India,114599,2028,0.0177,2.43,4928.04,29,169.93,5366.72,1.09,0.014299802761341223,1.0890171346011803,0.007283947619774641,11.649203083262776,0.04300246948053648,0,0,0,4,3
2024-10-08,Meta Ads,Video,Fintech,UK,198581,1985,0.01,1.76,3493.6,38,91.94,8029.71,2.3,0.019143576826196475,2.2984056560567896,0.005681814953514231,12.198957392044573,0.017592821065459435,0,1,3,2,5
2024-07-21,Google Ads,Video,SaaS,Canada,157890,9204,0.0583,3.37,31017.48,321,96.63,10260.33,0.33,0.0348761408083442,0.3307918631687681,0.017299698130653372,11.969660200519217,0.19644993349800494,0,0,3,4,1
2024-04-04,Google Ads,Search,EdTech,Germany,161215,5948,0.0369,2.27,13501.96,439,30.76,105685.25,7.83,0.0738063214525891,7.827400614429313,0.01625549944691654,11.990500359712282,0.08375126384021338,1,0,1,1,2
2024-01-30,TikTok Ads,Video,Fintech,India,48147,3562,0.074,0.42,1496.04,163,9.18,41382.29,27.66,0.04576080853453116,27.661218951364937,0.1761900566903412,10.782034879499625,0.031072340955822793,1,2,3,2,3
2024-04-04,Meta Ads,Video,EdTech,USA,90818,3287,0.0362,0.8,2629.6,123,21.38,11242.68,4.28,0.03742013994523882,4.275433526011561,0.0452499434375707,11.416623793800747,0.02895461252174679,0,1,3,1,6
2024-06-28,Google Ads,Video,SaaS,India,118415,6500,0.0549,1.74,11310.0,458,24.69,110383.15,9.76,0.07046153846153846,9.759783377541998,0.031551706004766665,11.681959127437247,0.0955115483680277,1,0,3,4,3
2024-11-13,TikTok Ads,Shopping,SaaS,Germany,113886,4965,0.0436,1.34,6653.1,141,47.19,24007.44,3.61,0.0283987915407855,3.60845921450151,0.03253728915127675,11.642962007715035,0.05841894526105053,0,2,2,4,2
2024-03-29,Meta Ads,Display,Healthcare,USA,113668,2864,0.0252,1.57,4496.48,81,55.51,6109.21,1.36,0.028282122905027934,1.358665000177917,0.01605094519048077,11.641045995246088,0.03955801104972375,0,1,0,3,6
2024-06-21,Meta Ads,Shopping,Healthcare,Australia,76880,1798,0.0234,1.18,2121.64,91,23.31,8926.11,4.21,0.05061179087875417,4.207174638487208,0.01983049166907486,11.250014050843658,0.027596774193548387,0,1,2,3,0
2024-09-28,Google Ads,Search,EdTech,Australia,138438,4734,0.0342,3.54,16758.36,191,87.74,38220.88,2.28,0.04034643008027038,2.2807052718762453,0.00966101422005248,11.83818507437734,0.12105317904043687,0,0,1,1,0
2024-11-10,Google Ads,Search,E-commerce,Germany,34764,1251,0.036,0.83,1038.33,83,12.51,3361.16,3.24,0.06634692246203037,3.23708262305818,0.043373441718744916,10.456366412533118,0.029867966862271313,0,0,1,0,2
2024-03-27,Meta Ads,Video,Fintech,Canada,61387,1608,0.0262,2.09,3360.72,96,35.01,12312.27,3.66,0.05970149253731343,3.6635810183532103,0.012535879169435805,11.024969655294985,0.05474644468698584,0,1,3,2,1
2024-11-01,TikTok Ads,Shopping,SaaS,UAE,139607,10289,0.0737,0.91,9362.99,580,16.14,94107.07,10.05,0.056370881523957625,10.050963420873034,0.08098892199019561,11.846593774258707,0.06706676599310922,1,2,2,4,4
2024-02-03,Meta Ads,Shopping,EdTech,UK,48271,1182,0.0245,1.94,2293.08,30,76.44,2529.5,1.1,0.025380710659898477,1.1031015053988522,0.012628859469660069,10.784606961398842,0.047504298647220895,0,1,2,1,5
2024-11-21,TikTok Ads,Search,EdTech,Australia,181833,10018,0.0551,0.48,4808.64,686,7.01,153650.81,31.95,0.06847674186464364,31.95306989086311,0.11479142751785935,12.110849461941568,0.026445364702776725,1,2,1,1,0
2024-05-20,Meta Ads,Video,E-commerce,USA,83678,2761,0.033,1.66,4583.26,35,130.95,4630.48,1.01,0.012676566461427018,1.01030271029791,0.019879506096683076,11.334743328940538,0.05477258060661106,0,1,3,0,6
2024-04-25,Google Ads,Search,SaaS,Australia,32898,1743,0.053,1.17,2039.31,130,15.69,31968.71,15.68,0.07458405048766495,15.676238531660218,0.045299106581960194,10.401197541154744,0.0619888747036294,1,0,1,4,0
2024-09-03,Meta Ads,Search,Healthcare,Germany,36153,882,0.0244,1.68,1481.76,62,23.9,16744.05,11.3,0.07029478458049887,11.300109329446064,0.014523800878689956,10.4955428715348,0.040985810306198654,1,1,1,3,2
2024-06-14,Meta Ads,Search,Healthcare,USA,140372,4548,0.0324,1.44,6549.12,125,52.39,23552.19,3.6,0.027484608619173262,3.5962373570800352,0.022499984375010853,11.852058444388044,0.046655458353517795,0,1,1,3,6
2024-01-27,TikTok Ads,Video,SaaS,UAE,196889,9568,0.0486,0.93,8898.24,137,64.95,34964.66,3.93,0.014318561872909698,3.9293905311612187,0.05225800832472222,12.190400476135878,0.045194195714336506,0,2,3,4,4
2024-02-11,TikTok Ads,Display,EdTech,UK,77467,3300,0.0426,1.01,3333.0,180,18.52,42781.66,12.84,0.05454545454545454,12.835781578157818,0.042178176061211825,11.257620226847623,0.04302477183833116,1,2,0,1,5
2024-02-11,Google Ads,Shopping,Fintech,UAE,29016,1088,0.0375,2.06,2241.28,56,40.02,9936.27,4.43,0.051470588235294115,4.433301506282124,0.01820387465831327,10.275637144113018,0.07724290046870692,1,0,2,2,4
2024-07-11,Meta Ads,Shopping,Healthcare,Canada,117200,1699,0.0145,1.94,3296.06,113,29.17,30970.48,9.4,0.06650971159505592,9.39621244758894,0.007474222951431469,11.671645688511857,0.028123378839590443,1,1,2,3,1
2024-05-05,Google Ads,Shopping,SaaS,Germany,134157,3407,0.0254,2.41,8210.87,147,55.86,41434.67,5.05,0.043146463164073966,5.046319086771559,0.010539414713935802,11.806773488812924,0.06120344074479901,1,0,2,4,2
2024-03-26,Google Ads,Display,Fintech,India,161434,6328,0.0392,0.77,4872.56,263,18.53,25426.86,5.22,0.041561314791403285,5.218378018946919,0.05090902479347429,11.991857863849145,0.030182984996964705,1,0,0,2,3
2024-07-14,TikTok Ads,Shopping,SaaS,Canada,62888,3307,0.0526,0.61,2017.27,55,36.68,12898.32,6.39,0.016631387964922893,6.39394825680251,0.08622936683710354,11.049126546631992,0.032077184836534794,1,2,2,4,1
2024-05-13,Google Ads,Video,SaaS,Canada,108187,2423,0.0224,2.67,6469.41,179,36.14,29012.87,4.48,0.07387536112257533,4.484623791041223,0.008389509966475668,11.591625733513894,0.05979840461423276,1,0,3,4,1
2024-08-19,Meta Ads,Search,E-commerce,Canada,199363,3847,0.0193,0.9,3462.3,73,47.43,11133.49,3.22,0.018975825318429944,3.2156341160500244,0.021444420617310424,12.202887578585399,0.017366813300361654,0,1,1,0,1
2024-04-29,Meta Ads,Video,SaaS,Australia,59160,958,0.0162,1.0,958.0,35,27.37,7848.99,8.19,0.03653444676409186,8.193100208768268,0.0161999838000162,10.988017819994926,0.01619337390128465,1,1,3,4,0
2024-11-21,Google Ads,Shopping,E-commerce,Australia,78551,2411,0.0307,3.38,8149.18,92,88.58,8262.09,1.01,0.03815844048112816,1.0138553817684723,0.009082837549456347,11.271516104849127,0.10374380975417245,0,0,2,0,0
2024-10-03,Meta Ads,Display,SaaS,USA,186711,7748,0.0415,0.58,4493.84,536,8.38,89187.58,19.85,0.06917914300464637,19.846630053584462,0.07155160077310212,12.137322601701058,0.024068426605823975,1,1,0,4,6
2024-10-04,Meta Ads,Shopping,SaaS,UK,5528,108,0.0196,2.02,218.16,7,31.17,2000.84,9.17,0.06481481481481481,9.171433810047672,0.009702965493581437,8.617762246337932,0.03946454413892909,1,1,2,4,5
2024-12-07,Google Ads,Shopping,SaaS,Canada,144535,7588,0.0525,3.1,23522.8,445,52.86,105358.98,4.48,0.05864522930943595,4.479015253286174,0.01693547840791019,11.881283890453764,0.1627481232919362,1,0,2,4,1
2024-08-08,Meta Ads,Search,E-commerce,UAE,8188,272,0.0333,1.16,315.52,14,22.54,3745.84,11.87,0.051470588235294115,11.871957403651116,0.028706871804420865,9.010547069270189,0.03853444064484612,1,1,1,0,4
2024-08-05,Google Ads,Display,Fintech,Canada,71151,4368,0.0614,3.23,14108.64,202,69.84,51341.85,3.64,0.04624542124542125,3.639036080019052,0.019009282040469956,11.172573712750477,0.1982915208500232,0,0,0,2,1
2024-03-06,Meta Ads,Shopping,EdTech,Germany,171797,5153,0.03,0.54,2782.62,255,10.91,52673.17,18.93,0.049485736464195615,18.929343568291753,0.05555545267508763,12.054074647020991,0.016197139647374518,1,1,2,1,2
2024-02-18,TikTok Ads,Search,EdTech,Australia,173050,8565,0.0495,0.69,5909.85,414,14.28,118511.79,20.05,0.04833625218914186,20.053265311302315,0.07173902646517905,12.061341627723477,0.03415111239526149,1,2,1,1,0
2024-09-04,TikTok Ads,Video,E-commerce,Canada,178269,8646,0.0485,0.63,5446.98,93,58.57,10627.54,1.95,0.010756419153365717,1.9510884930732262,0.07698400478729399,12.091054533945908,0.030554835669690184,0,2,3,0,1
2024-12-21,Google Ads,Display,E-commerce,UAE,164028,5905,0.036,1.0,5905.0,377,15.66,25718.59,4.36,0.063844199830652,4.3553920406435225,0.035999964000036,12.007798520442176,0.03599995122783915,1,0,0,0,4
2024-02-01,TikTok Ads,Video,Healthcare,Australia,184504,15479,0.0839,0.8,12383.2,538,23.02,112251.74,9.06,0.03475676723302539,9.064841075004844,0.10487486890641386,12.125431842366517,0.06711616008325023,1,2,3,3,0
2024-10-19,TikTok Ads,Shopping,Healthcare,India,119515,6824,0.0571,0.86,5868.64,89,65.94,25992.88,4.43,0.013042203985932005,4.4291147523105865,0.06639527163340507,11.691205532604464,0.04910379450278208,1,2,2,3,3
2024-10-18,Meta Ads,Search,EdTech,USA,108591,2084,0.0192,2.16,4501.44,31,145.21,6469.19,1.44,0.014875239923224568,1.4371378936518093,0.008888884773664455,11.59535301894354,0.041453159101583,0,1,1,1,6
2024-05-11,Meta Ads,Shopping,EdTech,UK,68472,2601,0.038,1.38,3589.38,63,56.97,17508.47,4.88,0.02422145328719723,4.87785355688169,0.027536211930281215,11.134194785964674,0.0524211356466877,1,1,2,1,5
2024-09-21,TikTok Ads,Shopping,Fintech,USA,170201,7931,0.0466,1.05,8327.55,182,45.76,10360.55,1.24,0.02294792586054722,1.24412942582152,0.044380910113418943,12.044741245933686,0.04892773837991551,0,2,2,2,6
2024-03-09,Google Ads,Video,EdTech,Australia,92340,2502,0.0271,1.96,4903.92,153,32.05,27593.24,5.63,0.06115107913669065,5.626772051746358,0.013826523557896144,11.433243525545334,0.053107212475633526,1,0,3,1,0
2024-04-11,TikTok Ads,Search,SaaS,USA,136940,4683,0.0342,0.69,3231.27,137,23.59,12153.39,3.76,0.029254751227845398,3.7611805884373637,0.049565145557760065,11.827305455116626,0.023596246531327587,0,2,1,4,6
2024-12-24,Google Ads,Search,EdTech,Australia,106311,5762,0.0542,0.92,5301.04,434,12.21,55571.88,10.48,0.07532106907323846,10.483203295957018,0.058912979442413645,11.574133446011343,0.04986351365333785,1,0,1,1,0
2024-03-15,TikTok Ads,Shopping,E-commerce,Canada,120016,3336,0.0278,1.33,4436.88,43,103.18,5864.19,1.32,0.01288968824940048,1.321692270243955,0.020902239923127876,11.695388678397075,0.03696907079056126,0,2,2,0,1
2024-10-22,Meta Ads,Display,SaaS,Germany,193946,7854,0.0405,1.89,14844.06,461,32.2,86871.54,5.85,0.05869620575502928,5.852276264040969,0.02142856009070895,12.175340204844385,0.07653707733080342,1,1,0,4,2
2024-09-24,TikTok Ads,Shopping,E-commerce,Australia,138780,4135,0.0298,0.85,3514.75,86,40.87,7373.66,2.1,0.02079806529625151,2.097918770894089,0.03505878228378555,11.840652430076808,0.02532605562761205,0,2,2,0,0
2024-07-27,Meta Ads,Display,SaaS,UK,51365,873,0.017,0.7,611.1,19,32.16,2655.69,4.35,0.021764032073310423,4.345753559155621,0.024285679591886298,10.846731753970541,0.011897206268860119,1,1,0,4,5
2024-03-06,Google Ads,Shopping,Healthcare,UK,185903,4647,0.025,2.96,13755.12,342,40.22,58276.63,4.24,0.07359586830213041,4.236722762142387,0.008445943092586793,12.132985690422643,0.07399084468782108,0,0,2,3,5
2024-03-01,TikTok Ads,Display,SaaS,Australia,61232,2951,0.0482,0.75,2213.25,51,43.4,15061.62,6.81,0.017282277194171466,6.805205015249069,0.06426658097789202,11.022441538862152,0.036145316174549254,1,2,0,4,0
2024-10-06,TikTok Ads,Display,SaaS,USA,122286,7642,0.0625,1.47,11233.74,201,55.89,60002.91,5.34,0.026302015179272442,5.341311976242997,0.042516977879606885,11.714126020031985,0.09186448162504293,1,2,0,4,6
2024-03-06,TikTok Ads,Shopping,Healthcare,UK,60114,4917,0.0818,1.35,6637.95,279,23.79,15410.94,2.32,0.056741915802318486,2.3216414706347592,0.06059254770922392,11.00401467340901,0.11042269687593571,0,2,2,3,5
2024-02-04,Meta Ads,Display,Healthcare,Australia,124004,2083,0.0168,1.51,3145.33,49,64.19,9959.37,3.17,0.023523763802208355,3.1663990741829955,0.011125820446476526,11.728077166354886,0.025364746298506498,0,1,0,3,0
2024-02-05,TikTok Ads,Search,E-commerce,UK,168322,4965,0.0295,0.91,4518.15,228,19.82,49052.14,10.86,0.045921450151057405,10.856686918318339,0.03241754679390462,12.033640031566566,0.02684230225401314,1,2,1,0,5
2024-05-09,Meta Ads,Display,Healthcare,Germany,113957,3008,0.0264,2.33,7008.64,127,55.19,17960.45,2.56,0.04222074468085106,2.5626155716372936,0.011330467240142814,11.643585238440291,0.061502496555718385,0,1,0,3,2
2024-02-04,Google Ads,Search,SaaS,USA,137290,5011,0.0365,1.56,7817.16,323,24.2,28440.57,3.64,0.06445819197764917,3.6382228328446646,0.023397420899089166,11.829858039716825,0.056939034161264473,0,0,1,4,6
2024-05-21,Meta Ads,Video,Fintech,UAE,12253,468,0.0382,0.77,360.36,9,40.04,1433.96,3.98,0.019230769230769232,3.9792429792429793,0.04961032518139586,9.4136076932856,0.029409940422753612,0,1,3,2,4
2024-12-21,Google Ads,Video,EdTech,Australia,109216,5777,0.0529,3.06,17677.62,140,126.27,11237.04,0.64,0.024234031504240954,0.6356647557759473,0.017287576049811747,11.601092007832111,0.16185925139173746,0,0,3,1,0
2024-03-03,Google Ads,Shopping,Fintech,Canada,166215,9158,0.0551,0.72,6593.76,112,58.87,29121.09,4.42,0.012229744485695566,4.416461927640678,0.07652767148934515,12.021043426324622,0.03967006587853082,1,0,2,2,1
2024-11-29,Meta Ads,Shopping,SaaS,India,140678,5655,0.0402,2.07,11705.85,154,76.01,7932.09,0.68,0.027232537577365164,0.6776176014556824,0.019420280473294457,11.85423597823169,0.08321023898548459,0,1,2,4,3
2024-07-19,Google Ads,Search,E-commerce,UAE,176066,5264,0.0299,1.58,8317.12,119,69.89,28182.41,3.39,0.022606382978723406,3.388481830248932,0.018924038655671736,12.078619883397531,0.04723864914293504,0,0,1,0,4
2024-04-29,Google Ads,Search,Healthcare,Canada,59418,1996,0.0336,1.65,3293.4,80,41.17,3528.5,1.07,0.04008016032064128,1.0713851946316877,0.02036362402204605,10.992369319524597,0.05542764818741796,0,0,1,3,1
2024-01-27,Google Ads,Search,EdTech,UAE,143183,5784,0.0404,0.86,4974.24,432,11.51,88233.11,17.74,0.07468879668049792,17.738008218340894,0.04697668956198888,11.871885795422639,0.03474043706305916,1,0,1,1,4
2024-07-19,Meta Ads,Shopping,E-commerce,India,194059,3434,0.0177,1.36,4670.24,193,24.2,7460.79,1.6,0.05620267909143856,1.5975174723354688,0.0130146963127233,12.17592266857929,0.024066082995377693,0,1,2,0,3
2024-08-02,Google Ads,Shopping,SaaS,UAE,98899,2185,0.0221,3.16,6904.6,171,40.38,45859.64,6.64,0.0782608695652174,6.641896706543464,0.00699366867288966,11.501864517610803,0.06981465939999394,1,0,2,4,4
2024-02-25,Meta Ads,Search,E-commerce,UK,129494,1631,0.0126,2.14,3490.34,108,32.32,28288.04,8.1,0.06621704475781728,8.10466602107531,0.005887847715959011,11.771397549337733,0.026953681251641003,1,1,1,0,5
2024-03-03,TikTok Ads,Shopping,SaaS,UAE,191443,6872,0.0359,1.67,11476.24,422,27.19,108198.8,9.43,0.06140861466821886,9.428070517869966,0.021496993115572988,12.16235061663894,0.05994598914559425,1,2,2,4,4
2024-12-30,TikTok Ads,Search,SaaS,Australia,61950,4076,0.0658,0.3,1222.8,97,12.61,26763.8,21.89,0.02379784102060844,21.88730781812234,0.21933260222465928,11.034099028977048,0.019738498789346245,1,2,1,4,0
2024-11-08,Google Ads,Shopping,SaaS,UK,34605,809,0.0234,1.76,1423.84,40,35.6,5146.88,3.61,0.049443757725587144,3.6147881784470166,0.013295446991223302,10.451782356416594,0.04114549920531715,0,0,2,4,5
2024-01-31,TikTok Ads,Shopping,Fintech,UAE,127790,7015,0.0549,1.23,8628.45,422,20.45,90118.48,10.44,0.0601568068424804,10.444341683616408,0.044634110053569064,11.758151395910577,0.06752054151342046,1,2,2,2,4
2024-01-09,TikTok Ads,Search,Healthcare,Germany,96310,6905,0.0717,1.28,8838.4,247,35.78,8632.99,0.98,0.035771180304127445,0.976759368211441,0.05601558123782716,11.47533781763879,0.09177032499221265,0,2,1,3,2
2024-09-05,Google Ads,Shopping,Fintech,India,197589,4781,0.0242,1.6,7649.6,225,34.0,12329.91,1.61,0.04706128425015687,1.61183722024681,0.015124990546880908,12.193949455727862,0.03871470577815567,0,0,2,2,3
2024-02-17,Meta Ads,Video,E-commerce,USA,118566,3711,0.0313,1.13,4193.43,58,72.3,14643.53,3.49,0.015629210455402855,3.4920172746415226,0.027699090531778298,11.683233480622372,0.03536789636152017,0,1,3,0,6
2024-09-25,Meta Ads,Shopping,Healthcare,Germany,199451,3989,0.02,1.28,5105.92,110,46.42,8236.16,1.61,0.027575833542241163,1.6130609175231887,0.015624987792978287,12.203328884859111,0.025599871647672863,0,1,2,3,2
2024-10-23,Google Ads,Display,SaaS,UAE,88251,5965,0.0676,0.82,4891.3,133,36.78,14897.06,3.05,0.022296730930427493,3.045623862776767,0.0824389238549709,11.387951637428262,0.05542486770688151,0,0,0,4,4
2024-01-15,Google Ads,Display,Fintech,Canada,55406,2648,0.0478,1.9,5031.2,149,33.77,22127.3,4.4,0.05626888217522659,4.398016377802512,0.02515788149585185,10.92246121854402,0.0908060498862939,1,0,0,2,1
2024-02-16,TikTok Ads,Display,Fintech,Australia,141447,9873,0.0698,1.39,13723.47,588,23.34,86774.51,6.32,0.05955636584624734,6.323073537523673,0.050215791211661004,11.859687437357925,0.0970219941037986,1,2,0,2,0
2024-02-06,Google Ads,Video,EdTech,UK,73591,2649,0.036,2.83,7496.67,161,46.56,45161.9,6.02,0.06077765194412986,6.024261438745469,0.012720843561539375,11.206291603156993,0.10186938620211711,1,0,3,1,5
2024-02-25,Google Ads,Video,Fintech,India,66477,2718,0.0409,2.86,7773.48,160,48.58,16856.48,2.17,0.05886681383370125,2.1684599432943803,0.014300694300456537,11.104626344840929,0.11693487973283992,0,0,3,2,3
2024-08-28,Meta Ads,Video,E-commerce,UAE,196386,6794,0.0346,0.81,5503.14,506,10.88,34412.06,6.25,0.07447748012952606,6.253168191250812,0.04271599664691771,12.187842481265724,0.028022058598881797,1,1,3,0,4
2024-10-28,Google Ads,Display,Fintech,Canada,78927,3172,0.0402,3.2,10150.4,62,163.72,7568.63,0.75,0.019546027742749054,0.7456484473518286,0.012562496074219975,11.276291323473519,0.12860491340099078,0,0,0,2,1
2024-12-10,Google Ads,Display,SaaS,Canada,184857,3419,0.0185,2.57,8786.83,248,35.43,70137.51,7.98,0.07253582918982159,7.982117555477914,0.007198440778816817,12.127343241762082,0.04753312019561066,1,0,0,4,1
2024-08-30,TikTok Ads,Display,EdTech,India,122174,6499,0.0532,0.88,5719.12,413,13.85,58791.38,10.28,0.06354823819049084,10.27979479360461,0.06045447675627641,11.713209722138355,0.0468112691734739,1,2,0,1,3
2024-07-26,Google Ads,Search,SaaS,Germany,108719,4207,0.0387,3.2,13462.4,121,111.26,21018.47,1.56,0.028761587829807464,1.5612721357261707,0.012093746220704304,11.596531048825025,0.12382748185689714,0,0,1,4,2
2024-11-08,Meta Ads,Shopping,Healthcare,Australia,186949,3140,0.0168,0.6,1884.0,186,10.13,30294.1,16.08,0.05923566878980892,16.079670912951165,0.02799995333341111,12.13859648040526,0.010077614750546941,1,1,2,3,0
2024-09-12,Google Ads,Video,E-commerce,UK,193869,13124,0.0677,2.93,38453.32,264,145.66,67604.89,1.76,0.020115818348064616,1.7581028114087418,0.02310579416184499,12.174943110333253,0.1983469249854283,0,0,3,0,5
2024-07-28,Google Ads,Search,EdTech,Australia,158535,3836,0.0242,2.16,8285.76,120,69.05,12930.51,1.56,0.03128258602711158,1.560570183061059,0.01120369851680624,11.973736975847048,0.052264547260857226,0,0,1,1,0
2024-12-14,TikTok Ads,Search,EdTech,UAE,148949,12332,0.0828,1.01,12455.32,546,22.81,95805.85,7.69,0.04427505676289328,7.691962149507199,0.08198011685136945,11.911365958141428,0.08362137375880335,1,2,1,1,4
2024-07-19,Google Ads,Display,Fintech,USA,184810,7447,0.0403,3.12,23234.64,334,69.56,51289.24,2.21,0.04485027527863569,2.207447156487038,0.012916662526710728,12.127088960227773,0.12572176830258103,0,0,0,2,6
2024-07-16,Meta Ads,Video,E-commerce,USA,85989,997,0.0116,1.69,1684.93,37,45.54,4865.84,2.89,0.037111334002006016,2.887858842800591,0.006863901263963749,11.361986289404943,0.019594715603158543,0,1,3,0,6
2024-02-16,Meta Ads,Shopping,Fintech,Canada,35755,654,0.0183,1.6,1046.4,40,26.16,11846.71,11.32,0.06116207951070336,11.321397171253821,0.011437492851566968,10.484473366207743,0.029265836945881696,1,1,2,2,1
2024-10-25,Meta Ads,Video,Fintech,UK,184298,7758,0.0421,1.55,12024.9,351,34.26,91198.92,7.58,0.04524361948955916,7.5841728413541905,0.027161272799178838,12.12431471770722,0.06524704554580082,1,1,3,2,5
2024-03-17,Meta Ads,Video,SaaS,India,22878,619,0.0271,1.01,625.19,43,14.54,8615.57,13.78,0.06946688206785137,13.780722660311264,0.026831656602320196,10.03797473824488,0.027327126497071426,1,1,3,4,3
2024-11-16,Meta Ads,Search,Fintech,UK,151539,3455,0.0228,2.05,7082.75,135,52.46,4666.78,0.66,0.03907380607814761,0.6588937912533973,0.011121945794172784,11.928604895485364,0.04673879331393239,0,1,1,2,5
2024-10-26,Google Ads,Display,Healthcare,Australia,180365,6114,0.0339,3.46,21154.44,400,52.89,111623.05,5.28,0.0654236179260713,5.276577872068464,0.009797685029570801,12.102743398781426,0.11728683502896903,1,0,0,3,0
2024-08-22,Meta Ads,Video,Fintech,Australia,30168,1080,0.0358,0.46,496.8,34,14.61,5163.27,10.39,0.03148148148148148,10.393055555555556,0.07782591776974397,10.314570186094999,0.01646778042959427,1,1,3,2,0
2024-05-12,Google Ads,Display,Fintech,UAE,26352,1697,0.0644,1.71,2901.87,126,23.03,31980.19,11.02,0.07424867413081909,11.020545372466719,0.03766079668959258,10.179337399481271,0.11011953551912568,1,0,0,2,4
2024-01-23,Google Ads,Search,Healthcare,India,57979,2081,0.0359,1.89,3933.09,148,26.57,18788.47,4.78,0.071119654012494,4.777025188846428,0.018994698944603736,10.967853402475647,0.06783645802790665,1,0,1,3,3
2024-10-12,Google Ads,Video,Fintech,Australia,173769,6759,0.0389,2.86,19330.74,158,122.35,21350.44,1.1,0.023376239088622578,1.1044812562788593,0.013601393845666486,12.0654878647163,0.11124389275417365,0,0,3,2,0
2024-09-01,TikTok Ads,Shopping,SaaS,Germany,131206,8279,0.0631,1.53,12666.87,553,22.91,61485.88,4.85,0.06679550670370818,4.8540705004472295,0.04124180310993261,11.784531507727406,0.09654185022026432,1,2,2,4,2
2024-05-20,Meta Ads,Display,EdTech,UK,64799,842,0.013,1.75,1473.5,52,28.34,15157.93,10.29,0.06175771971496437,10.287024092297251,0.007428567183675895,11.079060882340366,0.022739548449821758,1,1,0,1,5
2024-01-16,Meta Ads,Shopping,E-commerce,UK,167893,4432,0.0264,0.58,2570.56,66,38.95,15989.78,6.22,0.014891696750902527,6.220348873397237,0.045517162901443274,12.031088106870223,0.015310703841136914,1,1,2,0,5
2024-04-29,Google Ads,Display,EdTech,Australia,72474,4022,0.0555,3.11,12508.42,142,88.09,38937.53,3.11,0.035305818000994534,3.1129055468236593,0.017845653425834912,11.190996953789856,0.17259182603416398,0,0,0,1,0
2024-10-25,Meta Ads,Video,EdTech,Canada,138678,1802,0.013,1.9,3423.8,61,56.13,2147.03,0.63,0.033851276359600446,0.6270897832817338,0.006842101662051757,11.839917188927851,0.024688847546114022,0,1,3,1,1
2024-07-06,TikTok Ads,Search,Healthcare,UAE,70195,4239,0.0604,1.42,6019.38,234,25.72,38776.78,6.44,0.055201698513800426,6.44198904206081,0.0425351813132526,11.159046608333497,0.08575226155709097,1,2,1,3,4
2024-08-28,Meta Ads,Search,EdTech,USA,73513,2073,0.0282,2.22,4602.06,31,148.45,3401.33,0.74,0.014954172696575013,0.7390885820697687,0.012702696980767123,11.205231143253117,0.0626019887638921,0,1,1,1,6
2024-06-02,Google Ads,Search,SaaS,Germany,162786,7406,0.0455,1.45,10738.7,513,20.93,67523.57,6.29,0.06926816095058061,6.287871902558038,0.03137928870393883,12.000197876782337,0.06596820365387687,1,0,1,4,2
2024-09-23,Google Ads,Video,Healthcare,USA,133909,5664,0.0423,2.88,16312.32,117,139.42,11886.29,0.73,0.02065677966101695,0.7286694964296925,0.014687494900175381,11.804923211489612,0.12181645744498129,0,0,3,3,6
2024-01-25,Google Ads,Search,E-commerce,Australia,92185,3779,0.041,1.62,6121.98,82,74.66,11861.33,1.94,0.021698862132839374,1.937498979088465,0.025308626352699783,11.431563554197458,0.06640971958561588,0,0,1,0,0
2024-06-16,Meta Ads,Search,E-commerce,Australia,136637,4399,0.0322,1.31,5762.69,254,22.69,21909.38,3.8,0.05774039554444192,3.801936248522826,0.024580133908294728,11.825090371912934,0.04217517949018201,0,1,1,0,0
2024-06-04,Meta Ads,Display,E-commerce,India,56986,1270,0.0223,0.93,1181.1,13,90.85,3679.26,3.12,0.010236220472440945,3.115113030226061,0.023978468840356083,10.95057845062929,0.02072614326325764,0,1,0,0,3
2024-02-20,Meta Ads,Display,SaaS,UK,148859,3840,0.0258,1.8,6912.0,250,27.65,22027.39,3.19,0.06510416666666667,3.1868330439814816,0.014333325370374794,11.910761545913902,0.046433201889035935,0,1,0,4,5
2024-08-03,Google Ads,Search,EdTech,USA,151900,5270,0.0347,1.11,5849.7,291,20.1,47553.46,8.13,0.05521821631878558,8.129213463938322,0.0312612330979882,11.930984271840668,0.03851020408163265,1,0,1,1,6
2024-10-08,Meta Ads,Shopping,EdTech,UAE,155555,4588,0.0295,1.55,7111.4,332,21.42,12719.4,1.79,0.07236268526591107,1.7885929634108615,0.01903224578564788,11.954761074388044,0.04571630612966475,0,1,2,1,4
2024-10-11,Meta Ads,Display,SaaS,Germany,198979,2089,0.0105,1.7,3551.3,66,53.81,7694.86,2.17,0.031594064145524174,2.16677273111255,0.006176466955019439,12.20095959614335,0.017847612059564075,0,1,0,4,2
2024-12-04,Meta Ads,Search,E-commerce,India,186740,4182,0.0224,0.56,2341.92,47,49.83,8643.08,3.69,0.011238641798182687,3.6905957504953197,0.03999992857155612,12.137477909062671,0.012541073149833994,0,1,1,0,3
2024-07-04,Google Ads,Shopping,Fintech,Australia,126246,4203,0.0333,2.05,8616.15,290,29.71,31939.46,3.71,0.0689983345229598,3.706929429037331,0.01624389451517341,11.745995584479038,0.0682488950144955,0,0,2,2,0
2024-02-15,Google Ads,Search,Fintech,Germany,30835,925,0.03,1.96,1813.0,14,129.5,3805.56,2.1,0.015135135135135135,2.0990402647545503,0.015306114639737429,10.336438117579153,0.058796821793416575,0,0,1,2,2
2024-12-22,TikTok Ads,Video,EdTech,Canada,112938,3263,0.0289,0.39,1272.57,80,15.91,22895.07,17.99,0.02451731535396874,17.99120677055093,0.07410237409647667,11.63460312892873,0.011267863783668916,1,2,3,1,1
2024-12-16,Google Ads,Display,SaaS,Canada,143573,3474,0.0242,1.63,5662.62,131,43.23,11434.82,2.02,0.03770869314910766,2.019351466282392,0.014846616658517388,11.874605860707371,0.03944070263907559,0,0,0,4,1
2024-07-14,TikTok Ads,Display,E-commerce,Canada,113621,10112,0.089,0.99,10010.88,472,21.21,84899.73,8.48,0.04667721518987342,8.480745948408131,0.08989889909202112,11.64063242849096,0.08810765615511217,1,2,0,0,1
2024-08-31,Meta Ads,Search,Healthcare,UK,125155,5256,0.042,1.07,5623.92,247,22.77,26802.91,4.77,0.046993911719939115,4.765876826128395,0.03925229976420583,11.737316238179753,0.04493563980663977,1,1,1,3,5
2024-06-26,Meta Ads,Shopping,Fintech,USA,52940,1281,0.0242,1.5,1921.5,37,51.93,8409.06,4.38,0.02888368462138954,4.376299765807962,0.016133322577784947,10.876933364911343,0.03629580657347941,1,1,2,2,6
2024-09-01,TikTok Ads,Display,SaaS,USA,106069,3139,0.0296,0.5,1569.5,78,20.12,6648.74,4.24,0.024848677922905384,4.236215355208665,0.0591998816002368,11.571854532499517,0.014796971782518927,0,2,0,4,6
2024-03-24,Google Ads,Video,EdTech,Canada,185523,6029,0.0325,1.38,8320.02,252,33.02,12404.91,1.49,0.041797976447172,1.4909711755500588,0.02355070757195104,12.130939532714658,0.04484629938066979,0,0,3,1,1
2024-11-11,TikTok Ads,Shopping,EdTech,India,184969,15407,0.0833,1.34,20645.38,352,58.65,52669.94,2.55,0.022846757967157787,2.5511731922589944,0.0621641327133338,12.127948928748594,0.11161535176164655,0,2,2,1,3
2024-12-24,Google Ads,Video,Healthcare,Canada,118005,5003,0.0424,1.8,9005.4,63,142.94,6740.12,0.75,0.012592444533280032,0.748453150332023,0.023555542469143074,11.67849074961274,0.07631371552052879,0,0,3,3,1
2024-09-06,Google Ads,Video,SaaS,India,47176,1278,0.0271,1.43,1827.54,62,29.48,2278.75,1.25,0.048513302034428794,1.2468947328102258,0.018951035698576434,10.761661764674606,0.038738765473969816,0,0,3,4,3
2024-12-10,Meta Ads,Video,Fintech,UK,8512,251,0.0296,0.64,160.64,11,14.6,1671.09,10.4,0.043824701195219126,10.402701693227092,0.04624992773448791,9.049349685884057,0.018872180451127818,1,1,3,2,5
2024-06-17,Meta Ads,Shopping,EdTech,Australia,83591,2499,0.0299,1.68,4198.32,84,49.98,18620.43,4.44,0.03361344537815126,4.435209798204997,0.017797608453804493,11.333703100713947,0.05022454570468112,1,1,2,1,0
2024-06-25,Google Ads,Search,E-commerce,UAE,88323,3965,0.0449,2.36,9357.4,95,98.5,8337.4,0.89,0.02395964691046658,0.8909953619595187,0.019025415667196753,11.38876715034044,0.10594522378089512,0,0,1,0,4
2024-11-28,Google Ads,Video,Healthcare,Germany,24755,811,0.0328,2.48,2011.28,8,251.41,1786.84,0.89,0.009864364981504316,0.8884093711467324,0.013225801118628581,10.116823162859252,0.0812474247626742,0,0,3,3,2
2024-03-04,Google Ads,Video,E-commerce,UAE,99410,4195,0.0422,0.83,3481.85,196,17.76,56004.19,16.08,0.0467222884386174,16.08460732082083,0.050843312236973214,11.507018050505762,0.03502514837541495,1,0,3,0,4
2024-01-12,Meta Ads,Video,SaaS,Australia,176250,6204,0.0352,0.65,4032.6,312,12.92,84311.3,20.91,0.05029013539651837,20.907429449982644,0.05415376284036486,12.079664394417284,0.02288,1,1,3,4,0
2024-01-04,Meta Ads,Shopping,EdTech,UK,184729,2586,0.014,0.9,2327.4,201,11.58,16864.93,7.25,0.0777262180974478,7.246253329896021,0.015555538271624142,12.126650578552683,0.012598996367652075,1,1,2,1,5
2024-01-16,Google Ads,Search,Healthcare,UK,175381,4226,0.0241,0.91,3845.66,204,18.85,11471.83,2.98,0.048272598201609083,2.9830588247530985,0.026483487380783096,12.074721731077195,0.021927460785375837,0,0,1,3,5
2024-10-29,Google Ads,Video,SaaS,UK,174741,7129,0.0408,2.17,15469.93,326,47.45,58786.78,3.8,0.0457287137045869,3.8000676150441532,0.01880183465353242,12.07106587936287,0.08853062532548171,0,0,3,4,5
2024-01-17,Meta Ads,Shopping,E-commerce,Germany,62033,2667,0.043,1.1,2933.7,135,21.73,14288.2,4.87,0.05061867266591676,4.87036847666769,0.039090873553751314,11.035437900814749,0.04729257008366514,1,1,2,0,2
2024-04-18,TikTok Ads,Search,Fintech,Canada,6067,201,0.0332,0.63,126.63,12,10.55,2449.28,19.34,0.05970149253731343,19.34202005843797,0.052698329050271345,8.710784340468424,0.020871930113730015,1,2,1,2,1
2024-06-06,Google Ads,Search,SaaS,UAE,187941,9303,0.0495,2.33,21675.99,528,41.05,92564.99,4.27,0.05675588519832312,4.270392724853628,0.021244626075267777,12.143888683574591,0.11533401439813559,0,0,1,4,4
2024-10-23,TikTok Ads,Shopping,EdTech,UAE,16094,535,0.0333,1.81,968.35,8,121.04,469.8,0.49,0.014953271028037384,0.48515516084060517,0.018397779890729344,9.686263943732909,0.06016838573381385,0,2,2,1,4
2024-09-27,Meta Ads,Display,EdTech,India,8599,258,0.0301,0.65,167.7,6,27.95,594.69,3.55,0.023255813953488372,3.546153846153847,0.046307621065198354,9.0595174822416,0.019502267705547156,0,1,0,1,3
2024-01-07,Google Ads,Video,Fintech,UAE,32476,1136,0.035,1.64,1863.04,86,21.66,21754.11,11.68,0.07570422535211267,11.676673608725524,0.021341450401554638,10.388287425477728,0.057366670772262596,1,0,3,2,4
2024-01-31,Google Ads,Display,Fintech,Canada,64739,1599,0.0247,3.26,5212.74,109,47.82,22723.24,4.36,0.06816760475297061,4.359173870171926,0.007576684792427978,11.078134527480236,0.08051931602279924,1,0,0,2,1
2024-05-06,Google Ads,Search,EdTech,UK,51666,2965,0.0574,2.92,8657.8,80,108.22,16836.59,1.94,0.026981450252951095,1.9446730116195803,0.019657527514545373,10.852574558825365,0.16757248480625556,0,0,1,1,5
2024-11-03,Meta Ads,Shopping,SaaS,India,39723,1116,0.0281,0.95,1060.2,14,75.73,582.59,0.55,0.012544802867383513,0.5495095265044331,0.029578916232719757,10.58971081802325,0.02668982705233744,0,1,2,4,3
2024-12-12,TikTok Ads,Search,Healthcare,Canada,163984,12971,0.0791,1.68,21791.28,962,22.65,170813.74,7.84,0.07416544599491173,7.838628111795177,0.04708330530755637,12.007530239208668,0.13288662308517904,1,2,1,3,1
2024-01-10,Meta Ads,Video,Fintech,Australia,51698,1307,0.0253,1.96,2561.72,91,28.15,15551.2,6.07,0.06962509563886764,6.07060880970598,0.012908156679511899,10.853193717949686,0.04955162675538705,1,1,3,2,0
2024-02-16,Google Ads,Shopping,SaaS,UAE,50206,2399,0.0478,2.02,4845.98,163,29.73,5571.38,1.15,0.06794497707378074,1.1496910841563523,0.02366335462210167,10.823909738189732,0.09652192964984264,0,0,2,4,4
2024-10-08,Google Ads,Video,Fintech,UAE,194099,4774,0.0246,2.49,11887.26,134,88.71,8446.21,0.71,0.028068705488060328,0.7105262272382364,0.009879514104612809,12.176128769157101,0.061243283066888546,0,0,3,2,4
2024-12-29,TikTok Ads,Video,E-commerce,USA,11820,366,0.031,1.72,629.52,12,52.46,2301.99,3.66,0.03278688524590164,3.656738467403736,0.018023245335322482,9.377632889750377,0.053258883248730966,0,2,3,0,6
2024-12-16,TikTok Ads,Search,SaaS,USA,56782,3264,0.0575,0.8,2611.2,154,16.96,15749.58,6.03,0.04718137254901961,6.031548713235295,0.0718749101563623,10.946992264136675,0.045986404142157725,1,2,1,4,6
2024-08-13,TikTok Ads,Video,SaaS,UK,191894,7138,0.0372,0.77,5496.26,380,14.46,85112.1,15.49,0.05323620061641916,15.485457383748223,0.04831162556931744,12.164703626419245,0.02864216702971432,1,2,3,4,5
2024-01-19,Google Ads,Shopping,Fintech,UK,55075,3056,0.0555,2.36,7212.16,156,46.23,5145.31,0.71,0.051047120418848166,0.7134214992457184,0.02351693918773763,10.916469328564263,0.13095161143894687,0,0,2,2,5
2024-04-28,Google Ads,Shopping,EdTech,India,81830,4091,0.05,1.45,5931.95,49,121.06,7206.83,1.21,0.011977511610853092,1.2149175229056213,0.03448273483949322,11.312411423903804,0.0724911401686423,0,0,2,1,3
2024-12-17,Meta Ads,Search,EdTech,USA,87911,1116,0.0127,0.48,535.68,61,8.78,16688.84,31.15,0.05465949820788531,31.15449522102748,0.026458278211920393,11.38409159312676,0.006093435406263152,1,1,1,1,6
2024-09-15,Meta Ads,Search,SaaS,Canada,9521,237,0.0249,1.77,419.49,17,24.68,1502.31,3.58,0.07172995780590717,3.5812772652506615,0.014067788662266292,9.161360189754465,0.04405944753702342,0,1,1,4,1
2024-04-14,TikTok Ads,Search,E-commerce,UK,88115,5383,0.0611,0.68,3660.44,121,30.25,28357.39,7.75,0.02247817202303548,7.746989432964343,0.0898528090399867,11.386409407239611,0.04154162174431141,1,2,1,0,5
2024-06-24,Google Ads,Shopping,E-commerce,Germany,184030,5649,0.0307,2.23,12597.27,90,139.97,23192.98,1.84,0.015932023366967606,1.8411116059273158,0.013766809970040372,12.122859500661123,0.0684522632179536,0,0,2,0,2
2024-08-21,Meta Ads,Video,EdTech,UK,151729,4491,0.0296,1.85,8308.35,228,36.44,48165.44,5.8,0.05076820307281229,5.797232904246933,0.015999991351356026,11.929857904519286,0.054757824806068715,1,1,3,1,5
2024-02-24,TikTok Ads,Video,SaaS,India,68176,2679,0.0393,1.24,3321.96,173,19.2,19288.91,5.81,0.06457633445315417,5.806484725884719,0.031693522827804174,11.12986254355045,0.04872623797230697,1,2,3,4,3
2024-10-12,Meta Ads,Shopping,Healthcare,UAE,160136,6581,0.0411,0.4,2632.4,393,6.7,81942.57,31.13,0.05971736818112749,31.12846451907005,0.10274974312564218,11.983784977843056,0.01643852725183594,1,1,2,3,4
2024-04-22,Google Ads,Video,Healthcare,Canada,164504,3322,0.0202,2.07,6876.54,96,71.63,10570.76,1.54,0.028898254063816978,1.537220753460316,0.009758449392053434,12.01069624386242,0.041801658318338764,0,0,3,3,1
2024-04-20,TikTok Ads,Display,Healthcare,Australia,111399,4155,0.0373,1.22,5069.1,176,28.8,18559.1,3.66,0.04235860409145608,3.6612219131601265,0.030573745431356207,11.620882606475321,0.045503999138232845,0,2,0,3,0
2024-07-29,Google Ads,Search,E-commerce,Germany,135011,3496,0.0259,1.89,6607.44,254,26.01,69461.44,10.51,0.07265446224256293,10.51261002748417,0.01370369645307066,11.813118942359072,0.048940012295294454,1,0,1,0,2
2024-08-04,Google Ads,Display,Healthcare,USA,24359,1461,0.06,2.34,3418.74,35,97.68,4110.39,1.2,0.023956194387405885,1.2023113778760597,0.02564101468332706,10.100697721823833,0.1403481259493411,0,0,0,3,6
2024-05-23,Meta Ads,Shopping,Healthcare,UK,130611,2207,0.0169,0.73,1611.11,44,36.62,9567.41,5.94,0.01993656547349343,5.938396509238972,0.02315065321828326,11.779986375217517,0.012335178507170145,1,1,2,3,5
2024-12-03,TikTok Ads,Search,SaaS,UK,156601,8628,0.0551,0.31,2674.68,362,7.39,23745.71,8.88,0.04195642095503013,8.87796297127133,0.17774136212463834,11.961462833849367,0.017079584421555417,1,2,1,4,5
2024-11-29,Meta Ads,Search,SaaS,Germany,172967,5016,0.029,2.08,10433.28,331,31.52,75767.62,7.26,0.06598883572567783,7.262109327076431,0.01394230098927837,12.060861885272386,0.06031948290714414,1,1,1,4,2
2024-04-13,Google Ads,Shopping,SaaS,Canada,165104,7958,0.0482,3.09,24590.22,105,234.19,29946.1,1.22,0.013194269917064589,1.2178052900706051,0.015598700453494999,12.014336914125602,0.1489377604419033,0,0,2,4,1
2024-01-17,Google Ads,Video,Fintech,Canada,49109,1203,0.0245,3.26,3921.78,25,156.87,4734.61,1.21,0.020781379883624274,1.2072604786602001,0.007515335117995363,10.80181795903329,0.07985868170803723,0,0,3,2,1
2024-12-25,Meta Ads,Shopping,SaaS,UK,46291,1976,0.0427,0.73,1442.48,74,19.49,2307.39,1.6,0.03744939271255061,1.5995993012034828,0.0584930705574376,10.742724438967969,0.031161132833596165,0,1,2,4,5
2024-08-02,Google Ads,Video,Fintech,Germany,33750,1410,0.0418,1.91,2693.1,106,25.41,5682.79,2.11,0.075177304964539,2.110129590434815,0.021884805295913457,10.426765325491356,0.07979555555555555,0,0,3,2,2
2024-01-26,Meta Ads,Search,Healthcare,USA,177593,1811,0.0102,0.79,1430.69,128,11.18,17092.48,11.95,0.0706791827719492,11.947018571458527,0.012911376061549289,12.087255325185739,0.008056004459635233,1,1,1,3,6
2024-03-23,Google Ads,Display,SaaS,India,150465,5311,0.0353,3.13,16623.43,295,56.35,57602.12,3.47,0.05554509508567125,3.4651164049777936,0.011277951668386047,11.921492424027479,0.11048037749642774,0,0,0,4,3
2024-12-08,TikTok Ads,Shopping,SaaS,Canada,25860,1569,0.0607,1.08,1694.52,79,21.45,13162.62,7.77,0.05035054174633524,7.767757240988599,0.056203651663285496,10.16049132133844,0.06552668213457076,1,2,2,4,1
2024-08-17,Google Ads,Display,SaaS,Germany,41375,2350,0.0568,2.2,5170.0,148,34.93,14702.27,2.84,0.06297872340425532,2.8437659574468084,0.02581817008264996,10.630456281571584,0.12495468277945619,0,0,0,4,2
2024-04-28,Meta Ads,Display,SaaS,UAE,26159,782,0.0299,1.51,1180.82,52,22.71,8689.29,7.36,0.06649616368286446,7.35869141782829,0.019801311389860007,10.171986805571136,0.045140104744065136,1,1,0,4,4
2024-02-06,Meta Ads,Display,EdTech,India,184541,3063,0.0166,1.72,5268.36,215,24.5,16566.88,3.14,0.0701926216127979,3.144599078271037,0.00965115717955978,12.12563235883257,0.028548452647379173,0,1,0,1,3
2024-08-31,Meta Ads,Video,E-commerce,UAE,196373,5184,0.0264,0.86,4458.24,173,25.77,36583.06,8.21,0.033371913580246916,8.20571795147861,0.030697638723675903,12.187776283247057,0.022702917407179193,1,1,3,0,4
2024-01-10,Google Ads,Video,Healthcare,Australia,131031,6092,0.0465,2.94,17910.48,482,37.16,116431.98,6.5,0.07912015758371635,6.500773848607072,0.015816321150911174,11.783196847162216,0.13668887515168165,1,0,3,3,0
2024-01-15,Meta Ads,Search,EdTech,Germany,113269,3182,0.0281,1.53,4868.46,185,26.32,53909.5,11.07,0.05813953488372093,11.073214116989767,0.018366001067973158,11.63752962819476,0.04298139826430886,1,1,1,1,2
2024-11-27,TikTok Ads,Video,SaaS,USA,92346,6815,0.0738,0.82,5588.3,469,11.92,125930.93,22.53,0.06881878209831255,22.534747597659393,0.08999989024403629,11.433308499988742,0.06051480302341195,1,2,3,4,6
2024-10-05,Google Ads,Search,Fintech,Australia,143241,7133,0.0498,2.06,14693.98,272,54.02,60208.51,4.1,0.038132623019767276,4.097495028576329,0.024174745546240023,11.872290786595178,0.10258222157063969,0,0,1,2,0
2024-07-11,Meta Ads,Video,SaaS,UK,194137,2640,0.0136,2.41,6362.4,49,129.84,6668.85,1.05,0.018560606060606062,1.0481657864956622,0.005643151185414445,12.176324525369123,0.03277273265786532,0,1,3,4,5
2024-01-24,TikTok Ads,Shopping,EdTech,UK,79967,2327,0.0291,1.05,2443.35,43,56.82,11334.87,4.64,0.01847872797593468,4.639069310577691,0.02771425931975303,11.289381833634678,0.03055447872247302,1,2,2,1,5
2024-08-31,Meta Ads,Video,E-commerce,UAE,60919,1851,0.0304,1.79,3313.29,131,25.29,19210.72,5.8,0.07077255537547272,5.798079854163083,0.01698323073562529,11.017316807009099,0.054388450237200216,1,1,3,0,4
2024-09-27,TikTok Ads,Search,SaaS,Canada,40886,1782,0.0436,0.55,980.1,132,7.42,28189.38,28.76,0.07407407407407407,28.761738598102234,0.07927258314075791,10.618567443095623,0.02397153059727046,1,2,1,4,1
2024-03-30,TikTok Ads,Shopping,SaaS,India,37646,1874,0.0498,1.1,2061.4,144,14.32,16795.87,8.15,0.0768409818569904,8.147797613272532,0.04527268611573989,10.536008548778417,0.05475747755405621,1,2,2,4,3
2024-03-15,Meta Ads,Search,EdTech,Germany,117529,4266,0.0363,1.03,4393.98,308,14.27,62119.33,14.14,0.07219878105954056,14.137372040837693,0.03524268423040366,11.674448899126899,0.03738634719941461,1,1,1,1,2
2024-05-28,TikTok Ads,Video,Fintech,India,150250,7196,0.0479,0.67,4821.32,534,9.03,36153.63,7.5,0.07420789327404113,7.498699526270814,0.07149243060831252,11.92006250794935,0.03208865224625624,1,2,3,2,3
2024-05-31,Meta Ads,Video,E-commerce,Germany,196929,2382,0.0121,1.3,3096.6,143,21.65,38447.59,12.42,0.0600335852225021,12.416066007879609,0.009307685147934501,12.190603614626243,0.015724448913060036,1,1,3,0,2
2024-10-20,Google Ads,Search,Healthcare,Germany,91491,4053,0.0443,1.74,7052.22,140,50.37,19432.37,2.76,0.03454231433506045,2.7554968506371043,0.02545975548289915,11.42400681574725,0.0770810243630521,0,0,1,3,2
2024-12-04,Google Ads,Video,E-commerce,UK,154741,6019,0.0389,1.04,6259.76,220,28.45,38586.7,6.16,0.03655092208007975,6.16424591358135,0.03740381018864405,11.949514492926214,0.04045314428625898,1,0,3,0,5
2024-10-27,TikTok Ads,Display,E-commerce,India,72963,5618,0.077,0.48,2696.64,412,6.55,16464.01,6.11,0.07333570665717337,6.105379286816186,0.16041633246597403,11.197721447806805,0.036959006619793594,1,2,0,0,3
2024-09-15,Google Ads,Video,Fintech,USA,194281,5906,0.0304,2.5,14765.0,371,39.8,20958.57,1.42,0.06281747375550288,1.4194764646122586,0.012159995136001946,12.177065990827119,0.07599816760259624,0,0,3,2,6
2024-09-28,Meta Ads,Display,E-commerce,UAE,92844,3277,0.0353,1.81,5931.37,63,94.15,10318.61,1.74,0.01922490082392432,1.7396672269644282,0.01950275165593831,11.438686715034695,0.06388533453965792,0,1,0,0,4
2024-05-11,Google Ads,Video,SaaS,UAE,132441,2436,0.0184,2.09,5091.24,135,37.71,8958.33,1.76,0.05541871921182266,1.7595575930421665,0.008803823538840412,11.793900092725053,0.0384415702086212,0,0,3,4,4
2024-10-08,Meta Ads,Search,EdTech,Germany,110977,2829,0.0255,0.66,1867.14,48,38.9,10643.48,5.7,0.016967126193001062,5.700418822370041,0.03863630509650742,11.617087262452415,0.016824567252673978,1,1,1,1,2
2024-09-30,Google Ads,Search,Healthcare,UAE,50076,2964,0.0592,3.4,10077.6,94,107.21,28058.66,2.78,0.03171390013495277,2.7842601413034846,0.017411759584776594,10.8213170998263,0.20124610591900313,0,0,1,3,4
2024-10-30,Google Ads,Search,SaaS,Australia,180590,4857,0.0269,1.51,7334.07,333,22.02,91782.77,12.51,0.06856084002470661,12.514575126771357,0.017814557738703485,12.10399008483623,0.040611717149343814,1,0,1,4,0
2024-06-19,Meta Ads,Search,Fintech,UAE,153530,3899,0.0254,2.31,9006.69,302,29.82,21392.38,2.38,0.0774557578866376,2.375165571369726,0.010995666235642321,11.941657780016738,0.05866403960138084,0,1,1,2,4
2024-01-05,Google Ads,Video,SaaS,India,135223,3285,0.0243,3.02,9920.7,201,49.36,46154.22,4.65,0.06118721461187215,4.652314856814539,0.008046354951538095,11.814687941630014,0.07336547776635632,1,0,3,4,3
2024-12-30,Meta Ads,Display,EdTech,USA,108152,4250,0.0393,0.72,3060.0,160,19.12,12452.25,4.07,0.03764705882352941,4.069362745098039,0.054583257523253444,11.59130217024752,0.02829351283378948,0,1,0,1,6
2024-03-03,Google Ads,Video,Healthcare,Germany,76442,2392,0.0313,1.64,3922.88,160,24.52,14390.19,3.67,0.06688963210702341,3.668271779916796,0.019085354216247432,11.244300644051904,0.05131838518092149,0,0,3,3,2
2024-11-12,Google Ads,Video,EdTech,Germany,57335,1869,0.0326,2.75,5139.75,133,38.64,11136.73,2.17,0.07116104868913857,2.166784376672017,0.011854541143803219,10.956683977673755,0.08964419638963983,0,0,3,1,2
2024-11-25,TikTok Ads,Display,SaaS,UK,82661,4769,0.0577,1.33,6342.77,271,23.41,79985.87,12.61,0.0568253302579157,12.610558163073861,0.04338342602749923,11.322515283272654,0.0767323163281354,1,2,0,4,5
2024-04-30,Google Ads,Shopping,Fintech,India,72902,4942,0.0678,3.3,16308.6,323,50.49,33499.38,2.05,0.06535815459328208,2.0540929325631874,0.020545448319561115,11.196885069413392,0.22370579682313244,0,0,2,2,3
2024-02-01,Meta Ads,Search,E-commerce,UK,63528,711,0.0112,1.49,1059.39,23,46.06,4567.68,4.31,0.03234880450070324,4.311613286891513,0.007516773478675518,11.0592517735417,0.01667595391008689,1,1,1,0,5
2024-12-18,TikTok Ads,Shopping,Fintech,USA,169238,6583,0.0389,0.53,3488.99,507,6.88,146453.92,41.98,0.07701655780039496,41.9760217140204,0.07339608793190955,12.039067196047935,0.020615878230657417,1,2,2,2,6
2024-12-06,Meta Ads,Display,SaaS,Canada,14815,189,0.0128,0.55,103.95,3,34.65,142.69,1.37,0.015873015873015872,1.3726791726791727,0.02327268495875462,9.603462956885961,0.0070165372932838345,0,1,0,4,1
2024-08-21,TikTok Ads,Search,Healthcare,Germany,47278,2803,0.0593,1.69,4737.07,201,23.57,39448.18,8.33,0.07170888333927934,8.327548463501701,0.03508873663388365,10.763821501264086,0.10019607428402216,1,2,1,3,2
2024-02-17,Google Ads,Video,Fintech,UAE,15046,400,0.0266,1.18,472.0,4,118.0,142.71,0.3,0.01,0.30235169491525427,0.02254235377766629,9.618933914758879,0.03137046391067393,0,0,3,2,4
2024-08-04,Meta Ads,Shopping,SaaS,Canada,58968,1715,0.0291,1.49,2555.35,127,20.12,13332.87,5.22,0.07405247813411078,5.217629678908956,0.019530188234773,10.984767161075625,0.04333452041785375,1,1,2,4,1
2024-02-21,Google Ads,Search,Healthcare,India,13083,707,0.0541,2.38,1682.66,41,41.04,10442.74,6.21,0.05799151343705799,6.206090356934853,0.022731082886099627,9.479145388658274,0.12861423220973783,1,0,1,3,3
2024-12-17,TikTok Ads,Search,SaaS,Germany,109222,7306,0.0669,1.09,7963.54,124,64.22,12349.14,1.55,0.016972351491924446,1.5507098601878058,0.06137609048065094,11.601146942825716,0.0729115013458827,0,2,1,4,2
2024-04-04,TikTok Ads,Search,SaaS,UK,45382,2246,0.0495,1.59,3571.14,46,77.63,2662.9,0.75,0.020480854853072127,0.7456722503178257,0.03113205589178875,10.722892864566573,0.07869067030981446,0,2,1,4,5
2024-09-15,Meta Ads,Display,Healthcare,UAE,196432,6501,0.0331,0.4,2600.4,462,5.63,52195.74,20.07,0.07106598984771574,20.072196585140745,0.08274979312551718,12.188076685227896,0.013238168933778612,1,1,0,3,4
2024-12-05,TikTok Ads,Search,EdTech,India,71470,2065,0.0289,1.18,2436.7,37,65.86,10377.15,4.26,0.01791767554479419,4.258690031600115,0.024491504668216386,11.177047052000846,0.03409402546523017,0,2,1,1,3
2024-01-01,TikTok Ads,Display,SaaS,USA,103026,9066,0.088,1.43,12964.38,278,46.63,46631.0,3.6,0.030664019413192148,3.596855383751479,0.06153841850460245,11.542746368782485,0.12583600256245994,0,2,0,4,6
2024-07-13,Meta Ads,Display,Fintech,India,140793,2886,0.0205,1.52,4386.72,141,31.11,12104.44,2.76,0.04885654885654886,2.7593372724951672,0.013486833232346559,11.855053108161728,0.031157230828237202,0,1,0,2,3
2024-07-24,Meta Ads,Search,Fintech,Canada,8970,306,0.0342,0.6,183.6,22,8.35,4976.05,27.1,0.0718954248366013,27.102668845315907,0.056999905000158335,9.101752431559284,0.020468227424749165,1,1,1,2,1
2024-12-18,Meta Ads,Display,Fintech,Germany,177825,4285,0.0241,0.78,3342.3,163,20.5,29602.7,8.86,0.03803967327887981,8.856984711127067,0.030897396285389376,12.08856082309216,0.01879544495993252,1,1,0,2,2
2024-12-07,Meta Ads,Display,SaaS,UAE,122512,4532,0.037,1.84,8338.88,61,136.7,5305.8,0.64,0.013459841129744042,0.6362724970259795,0.02010868472354091,11.71597242578531,0.06806582212354707,0,1,0,4,4
2024-06-09,Google Ads,Search,EdTech,Canada,107548,4258,0.0396,3.2,13625.6,145,93.97,17656.92,1.3,0.03405354626585251,1.2958636683889149,0.012374996132813709,11.585701836651719,0.12669319745601965,0,0,1,1,1
2024-07-06,TikTok Ads,Display,Healthcare,UK,89224,5255,0.0589,1.99,10457.45,336,31.12,94667.83,9.05,0.06393910561370124,9.052668671616885,0.029597975076394435,11.398916548358361,0.11720445171702681,1,2,0,3,5
2024-10-27,Meta Ads,Display,E-commerce,UK,100561,3781,0.0376,1.39,5255.59,124,42.38,34626.86,6.59,0.03279555673102354,6.588577115033707,0.02705034025155378,11.51852973169006,0.05226270621811637,1,1,0,0,5
2024-05-31,Google Ads,Search,Fintech,UAE,50111,2320,0.0463,2.73,6333.6,153,41.4,30016.66,4.74,0.06594827586206897,4.7392730832386,0.016959700747362364,10.822015779350474,0.12639141106743032,1,0,1,2,4
2024-03-22,Google Ads,Display,SaaS,Germany,65985,1445,0.0219,0.82,1184.9,63,18.81,4237.85,3.58,0.04359861591695502,3.576546544012153,0.02670728450331158,11.097197877295555,0.017957111464726835,0,0,0,4,2
2024-07-25,Meta Ads,Video,E-commerce,Germany,93257,1930,0.0207,1.32,2547.6,102,24.98,26767.95,10.51,0.05284974093264249,10.507124352331607,0.015681806301661893,11.443125124710953,0.027318056553395455,1,1,3,0,2
2024-12-24,TikTok Ads,Search,SaaS,India,102847,6458,0.0628,1.17,7555.86,314,24.06,81199.4,10.75,0.04862186435428925,10.746546389160201,0.05367516779900188,11.541007449097185,0.07346699466197361,1,2,1,4,3
2024-02-18,Meta Ads,Search,SaaS,UAE,161738,5046,0.0312,1.66,8376.36,258,32.47,29417.67,3.51,0.05112960760998811,3.511987307135796,0.018795169400500362,11.993739203868241,0.0517896845515587,0,1,1,4,4
2024-05-07,Meta Ads,Shopping,Healthcare,Australia,46516,772,0.0166,0.59,455.48,39,11.68,4874.74,10.7,0.050518134715025906,10.702423816633,0.028135545532973674,10.747573116161046,0.009791899561441225,1,1,2,3,0
2024-11-02,Google Ads,Video,SaaS,Canada,7802,340,0.0437,2.37,805.8,14,57.56,799.08,0.99,0.041176470588235294,0.9916604616530157,0.018438810785311906,8.962263554116761,0.10328120994616764,0,0,3,4,1
2024-10-22,Google Ads,Search,EdTech,USA,15960,750,0.047,1.72,1290.0,40,32.25,6919.55,5.36,0.05333333333333334,5.363992248062016,0.027325565508392147,9.677903525682558,0.08082706766917293,1,0,1,1,6
2024-01-16,TikTok Ads,Shopping,SaaS,Australia,55701,4138,0.0743,0.34,1406.92,229,6.14,20016.59,14.23,0.05534074432092798,14.227241065590082,0.21852876903303228,10.927771331913476,0.02525843342130303,1,2,2,4,0
2024-06-30,Google Ads,Display,E-commerce,India,64757,3976,0.0614,1.43,5685.68,58,98.03,4380.33,0.77,0.014587525150905433,0.7704144447102194,0.0429370329111658,11.078412524053402,0.08780023781212842,0,0,0,0,3
2024-04-04,TikTok Ads,Search,SaaS,UK,199291,16660,0.0836,1.16,19325.6,1016,19.02,207611.26,10.74,0.060984393757503,10.742810572504865,0.07206890338887639,12.202526364903514,0.09697176490659387,1,2,1,4,5
2024-09-18,TikTok Ads,Shopping,EdTech,UK,116800,8351,0.0715,0.7,5845.7,493,11.86,80828.76,13.83,0.05903484612621243,13.827045520639102,0.10214271122469824,11.66822691098345,0.05004880136986301,1,2,2,1,5
2024-10-30,Meta Ads,Shopping,Healthcare,Canada,88470,2459,0.0278,0.99,2434.41,165,14.75,44145.0,18.13,0.06710044733631558,18.1337572553514,0.028080779716384122,11.390430093680195,0.027516785350966428,1,1,2,3,1
2024-03-07,TikTok Ads,Display,Healthcare,Australia,186782,14270,0.0764,1.08,15411.6,931,16.55,224929.42,14.59,0.06524176594253679,14.594812998001506,0.07074067524011551,12.137702794211561,0.08251116274587487,1,2,0,3,0
2024-12-08,Google Ads,Display,Healthcare,UAE,121832,6786,0.0557,1.18,8007.48,139,57.61,28929.72,3.61,0.020483348069554964,3.6128369974074244,0.04720334982766964,11.710406533522006,0.065725589336135,0,0,0,3,4
2024-09-11,Google Ads,Video,E-commerce,USA,88514,1610,0.0182,0.86,1384.6,77,17.98,22165.04,16.01,0.04782608695652174,16.008262314025714,0.021162766089806873,11.390927308159378,0.015642723185032875,1,0,3,0,6
2024-10-14,Meta Ads,Display,Fintech,India,125424,3787,0.0302,0.48,1817.76,253,7.18,36320.54,19.98,0.06680749933984685,19.980932576357716,0.06291653559055087,11.739463249352454,0.014492920015308075,1,1,0,2,3
2024-12-06,TikTok Ads,Video,Healthcare,UAE,23883,1332,0.0558,1.56,2077.92,66,31.48,10903.46,5.25,0.04954954954954955,5.247295372295372,0.03576920784025139,10.080964057666883,0.08700414520788846,1,2,3,3,4
2024-05-08,Meta Ads,Shopping,E-commerce,Germany,49864,2074,0.0416,1.75,3629.5,73,49.72,14018.44,3.86,0.0351976856316297,3.862361206777793,0.023771414987762866,10.817074632835968,0.07278798331461575,0,1,2,0,2
2024-07-27,Google Ads,Video,SaaS,UAE,190890,7616,0.0399,1.16,8834.56,141,62.66,25751.07,2.91,0.018513655462184874,2.9148106979860913,0.03439652207196373,12.159457863500325,0.04628089475614228,0,0,3,4,4
2024-11-02,Google Ads,Display,EdTech,UK,146295,3394,0.0232,3.41,11573.54,195,59.35,49666.69,4.29,0.05745433117265763,4.29140003836337,0.006803517066417282,11.893387245554468,0.07911097440103901,0,0,0,1,5
2024-09-23,Meta Ads,Search,SaaS,India,29343,346,0.0118,2.01,695.46,7,99.35,672.01,0.97,0.02023121387283237,0.966281310211946,0.005870643845450823,10.286843375056192,0.023701053062059094,0,1,1,4,3
2024-09-25,TikTok Ads,Display,EdTech,Australia,154712,10288,0.0665,1.08,11111.04,439,25.31,80440.02,7.24,0.042671073094867805,7.239648133748056,0.06157401706109532,11.949327066643976,0.07181757071203268,1,2,0,1,0
2024-04-06,TikTok Ads,Video,EdTech,Germany,60438,5554,0.0919,1.44,7997.76,286,27.96,35506.6,4.44,0.051494418437162404,4.439568079062137,0.06381940012541658,11.009389870915584,0.13232999106522386,1,2,3,1,2
2024-06-01,Google Ads,Shopping,EdTech,Australia,18149,918,0.0506,1.62,1487.16,14,106.23,3557.93,2.39,0.015250544662309368,2.392432556012803,0.031234548620649,9.806425839692997,0.08194170477712272,0,0,2,1,0
2024-10-02,TikTok Ads,Shopping,SaaS,Germany,39626,1172,0.0296,0.58,679.76,22,30.9,1100.59,1.62,0.01877133105802048,1.6190861480522536,0.051034394768284884,10.587265983091973,0.017154393579972744,0,2,2,4,2
2024-04-20,TikTok Ads,Shopping,E-commerce,UAE,103730,4335,0.0418,1.48,6415.8,104,61.69,27379.91,4.27,0.023990772779700114,4.267575360827956,0.028243224159983676,11.549556288792015,0.061850959221054665,0,2,2,0,4
2024-06-29,Google Ads,Display,Healthcare,USA,35346,1279,0.0362,2.54,3248.66,48,67.68,1649.56,0.51,0.03752931978107897,0.5077662790196573,0.014251962892927995,10.472968802094007,0.09191025858654445,0,0,0,3,6
2024-01-30,Meta Ads,Video,Healthcare,Australia,57776,1490,0.0258,1.18,1758.2,107,16.43,22435.51,12.76,0.07181208053691275,12.76049937436014,0.021864388250518434,10.964346051592322,0.03043132096372196,1,1,3,3,0
2024-09-25,Meta Ads,Shopping,SaaS,UAE,178916,4723,0.0264,1.54,7273.42,147,49.48,29612.74,4.07,0.031124285411814525,4.071363952583517,0.017142846011138954,12.094677290135923,0.04065270853361354,0,1,2,4,4
2024-12-15,Meta Ads,Search,Fintech,Canada,34778,705,0.0203,1.56,1099.8,35,31.42,2280.29,2.07,0.04964539007092199,2.0733678850700126,0.013012812171274249,10.45676903533851,0.03162344010581402,0,1,1,2,1
2024-06-05,TikTok Ads,Search,Fintech,Australia,179120,8794,0.0491,0.96,8442.24,646,13.07,31918.96,3.78,0.07345917671139414,3.78086384656205,0.05114578005647911,12.09581683410654,0.047131755247878514,0,2,1,2,0
2024-06-19,Meta Ads,Display,Fintech,UAE,91706,1650,0.018,1.68,2772.0,80,34.65,8391.32,3.03,0.048484848484848485,3.027171717171717,0.01071427933673849,11.426353991208984,0.03022702985627985,0,1,0,2,4
2024-09-16,Meta Ads,Display,EdTech,Germany,7056,227,0.0322,0.82,186.14,6,31.02,1653.16,8.88,0.02643171806167401,8.881272160739229,0.03926824479482342,8.86177531100083,0.026380385487528343,1,1,0,1,2
2024-01-21,Meta Ads,Display,E-commerce,Germany,161646,5253,0.0325,1.0,5253.0,228,23.04,43732.39,8.33,0.043403769274700174,8.325221778031601,0.032499967500032506,11.993170224367075,0.032496937752867376,1,1,0,0,2
2024-04-05,Google Ads,Video,SaaS,Canada,177115,8005,0.0452,2.9,23214.5,460,50.47,108688.43,4.68,0.05746408494690818,4.681919920739193,0.015586201521999474,12.084560164128282,0.13107020862151708,1,0,3,4,1
2024-10-03,TikTok Ads,Search,Healthcare,Australia,141087,10609,0.0752,0.44,4667.96,737,6.33,190244.62,40.76,0.0694693185031577,40.75540921516037,0.17090870248022166,11.857139088157664,0.03308568471935756,1,2,1,3,0
2024-11-03,TikTok Ads,Video,SaaS,Australia,184745,12451,0.0674,1.67,20793.17,404,51.47,23357.33,1.12,0.03244719299654646,1.1233174162477393,0.04035925726990583,12.126737187696497,0.1125506508971826,0,2,3,4,0
2024-09-10,Google Ads,Shopping,E-commerce,UAE,104969,5773,0.055,1.42,8197.66,142,57.73,24245.52,2.96,0.024597263121427335,2.957614733960667,0.038732367089882334,11.561429874029843,0.07809600929798322,0,0,2,0,4
2024-06-03,TikTok Ads,Shopping,Fintech,India,80885,3995,0.0494,0.44,1757.8,79,22.25,10692.34,6.08,0.019774718397997496,6.0827966776652636,0.11227247210801794,11.300796034919118,0.021732088768003956,1,2,2,2,3
2024-04-15,Google Ads,Video,E-commerce,Canada,33807,807,0.0239,2.03,1638.21,25,65.53,5072.77,3.1,0.030978934324659233,3.096532190622692,0.011773393215077236,10.428452739855837,0.04845771585766261,0,0,3,0,1
2024-03-21,Meta Ads,Search,SaaS,India,198074,5783,0.0292,0.61,3527.63,263,13.41,60037.86,17.02,0.04547812554037697,17.019318919501195,0.04786877398561642,12.196401025833442,0.017809656996879954,1,1,1,4,3
2024-11-17,Google Ads,Search,EdTech,UK,115282,4876,0.0423,3.76,18333.76,77,238.1,2427.15,0.13,0.01579163248564397,0.13238691899533978,0.01124999700797952,11.655145253929522,0.15903402092260716,0,0,1,1,5
2024-02-27,Google Ads,Display,Healthcare,USA,45880,2817,0.0614,1.14,3211.38,62,51.8,2770.83,0.86,0.022009229676961305,0.8628159856510285,0.053859601877542226,10.733806366995315,0.06999520488230165,0,0,0,3,6
2024-05-21,Meta Ads,Search,Healthcare,Germany,20993,583,0.0278,1.28,746.24,45,16.58,4493.83,6.02,0.07718696397941681,6.021963443396226,0.02171873303223982,9.951991961595743,0.03554708712427952,1,1,1,3,2
2024-03-11,Google Ads,Video,SaaS,Canada,183448,8053,0.0439,2.08,16750.24,351,47.72,74979.38,4.48,0.043586241152365576,4.476316757252433,0.02110575908376967,12.119691978691984,0.09130783655313768,1,0,3,4,1
2024-01-21,TikTok Ads,Shopping,EdTech,UAE,119944,9331,0.0778,0.61,5691.91,717,7.94,101587.49,17.85,0.07684063873111135,17.84769787294599,0.12754077452332044,11.694788583364023,0.04745472887347429,1,2,2,1,4
2024-01-27,TikTok Ads,Search,Healthcare,Canada,69198,3529,0.051,0.55,1940.95,256,7.58,15199.33,7.83,0.07254179654293001,7.8308714804605986,0.09272710413253792,11.144741690634294,0.028049221075753635,1,2,1,3,1
2024-12-08,Meta Ads,Search,Healthcare,UK,46936,2234,0.0476,0.79,1764.86,55,32.09,5977.87,3.39,0.024619516562220233,3.3871638543567197,0.060253088287230014,10.756561555986371,0.03760141469234703,0,1,1,3,5
2024-07-04,TikTok Ads,Video,EdTech,India,21689,895,0.0413,0.95,850.25,22,38.65,4747.38,5.58,0.024581005586592177,5.583510732137607,0.04347363844880164,9.98460660382092,0.03920189958043248,1,2,3,1,3
2024-03-14,TikTok Ads,Search,EdTech,India,24504,899,0.0367,1.42,1276.58,41,31.14,3721.4,2.92,0.04560622914349277,2.91513261996898,0.025845052221794215,10.106632457343649,0.05209680052236369,0,2,1,1,3
2024-04-16,Meta Ads,Shopping,E-commerce,Canada,119053,4000,0.0336,1.01,4040.0,152,26.58,25959.16,6.43,0.038,6.425534653465347,0.033267293794758616,11.687332450678577,0.03393446616212947,1,1,2,0,1
2024-01-21,TikTok Ads,Search,Healthcare,Canada,160522,5425,0.0338,1.11,6021.75,398,15.13,79057.93,13.13,0.07336405529953917,13.128730020342923,0.030450423017636917,11.986192513466117,0.03751354954461071,1,2,1,3,1
2024-08-04,Google Ads,Shopping,EdTech,UK,158627,7725,0.0487,2.88,22248.0,299,74.41,66700.13,3.0,0.03870550161812298,2.9980281373606616,0.016909716350792935,11.9743171173674,0.14025355078265364,0,0,2,1,5
2024-06-26,Meta Ads,Video,SaaS,Germany,157955,2780,0.0176,0.62,1723.6,202,8.53,49191.36,28.54,0.07266187050359713,28.53989324669297,0.028387050988627437,11.970071792213409,0.010911968598651515,1,1,3,4,2
2024-03-16,Meta Ads,Shopping,EdTech,USA,196112,2647,0.0135,1.51,3996.97,187,21.37,16387.67,4.1,0.07064601435587457,4.100023267625226,0.008940391430204352,12.186446302694975,0.02038105776291099,0,1,2,1,6
2024-02-15,Meta Ads,Display,EdTech,Germany,67167,1907,0.0284,1.43,2727.01,114,23.92,20596.75,7.55,0.05977975878342947,7.552869259738688,0.019860125971939882,11.11495222262036,0.04060044367025474,1,1,0,1,2
2024-08-07,Google Ads,Display,Healthcare,India,90550,3966,0.0438,2.76,10946.16,207,52.88,7960.57,0.73,0.05219364599092285,0.7272477288839191,0.015869559467550916,11.413668506872888,0.12088525676421866,0,0,0,3,3
2024-09-07,Google Ads,Shopping,EdTech,USA,91150,4119,0.0452,3.83,15775.77,98,160.98,4547.95,0.29,0.02379218256858461,0.28828703765331265,0.011801563498286292,11.420272750973671,0.17307482172243555,0,0,2,1,6
2024-04-20,Google Ads,Display,Fintech,India,157832,4072,0.0258,2.38,9691.36,124,78.16,34560.39,3.57,0.030451866404715127,3.5661032094566703,0.010840331579692613,11.969292791005511,0.06140301079628973,0,0,0,2,3
2024-09-27,Google Ads,Video,Fintech,India,28958,1355,0.0468,2.87,3888.85,49,79.36,13909.3,3.58,0.03616236162361624,3.5767129099862425,0.01630661452731201,10.273636315516725,0.1342927688376269,0,0,3,2,3
2024-11-09,Meta Ads,Shopping,EdTech,UAE,8487,271,0.032,0.91,246.61,14,17.62,4179.96,16.95,0.05166051660516605,16.949677628644416,0.03516479652220162,9.046408680293819,0.02905738187816661,1,1,2,1,4
2024-01-04,Meta Ads,Shopping,Healthcare,Canada,91284,2126,0.0233,0.92,1955.92,132,14.82,23916.94,12.23,0.062088428974600186,12.227974559286677,0.02532605942819627,11.421741759547611,0.02142675605801674,1,1,2,3,1
2024-03-22,Meta Ads,Video,Fintech,Germany,84737,1415,0.0167,0.61,863.15,67,12.88,10044.57,11.64,0.04734982332155477,11.637108266234142,0.02737700429999295,11.347319422297119,0.010186223255484617,1,1,3,2,2
2024-11-26,Meta Ads,Search,EdTech,Australia,31547,772,0.0245,1.99,1536.28,15,102.42,4188.5,2.73,0.019430051813471502,2.7263910224698624,0.012311551602235377,10.359265474517882,0.048698132944495515,0,1,1,1,0
2024-12-29,Meta Ads,Video,SaaS,Canada,162038,2722,0.0168,0.77,2095.94,71,29.52,16951.26,8.09,0.026083761939750184,8.087664723226808,0.021818153482917553,11.99559232598186,0.012934867129932486,1,1,3,4,1
2024-08-28,Google Ads,Video,EdTech,UAE,145119,9998,0.0689,1.46,14597.08,233,62.65,60859.85,4.17,0.023304660932186437,4.16931674006034,0.0471917484988024,11.885316265348964,0.1005869665584796,0,0,3,1,4
2024-05-10,TikTok Ads,Display,Healthcare,Canada,92601,4065,0.0439,0.52,2113.8,324,6.52,24076.73,11.39,0.07970479704797048,11.390259248746332,0.08442291457131813,11.43606601867317,0.02282696731136813,1,2,0,3,1
2024-12-30,Google Ads,Shopping,Healthcare,Canada,148041,8053,0.0544,3.47,27943.91,98,285.14,4146.07,0.15,0.012169377871600646,0.14837114777423774,0.015677228911461408,11.905251296271034,0.1887579116596078,0,0,2,3,1
2024-09-25,Google Ads,Display,E-commerce,UK,25195,738,0.0293,2.61,1926.18,12,160.52,432.4,0.22,0.016260162601626018,0.22448576976191215,0.011226049338678414,10.13444053074182,0.07645088311172853,0,0,0,0,5
2024-01-21,Google Ads,Display,EdTech,Australia,186465,8689,0.0466,2.42,21027.38,367,57.3,57833.06,2.75,0.04223731154333065,2.7503692804334157,0.019256190390003973,12.13600419581629,0.11276850883543829,0,0,0,1,0
2024-09-06,Google Ads,Shopping,Fintech,Australia,136960,5382,0.0393,1.42,7642.44,230,33.23,39826.63,5.21,0.042735042735042736,5.211245361429072,0.02767603684786138,11.827451492750782,0.05580052570093458,1,0,2,2,0
2024-04-21,Google Ads,Video,EdTech,USA,193405,7852,0.0406,0.96,7537.92,459,16.42,79715.61,10.58,0.05845644421803362,10.575279387417218,0.04229162261289311,12.172546885305005,0.038974793826426414,1,0,3,1,6
2024-06-05,Meta Ads,Video,Healthcare,USA,118591,4043,0.0341,1.15,4649.45,303,15.34,36581.13,7.87,0.07494434825624537,7.867840282183914,0.029652148128566848,11.683444309645031,0.03920575760386538,1,1,3,3,6
2024-02-07,Google Ads,Search,Fintech,Germany,163349,7906,0.0484,2.68,21188.08,360,58.86,44353.83,2.09,0.04553503668100177,2.0933388018168704,0.018059694753845237,12.003650417029217,0.1297104971563952,0,0,1,2,2
2024-08-31,Google Ads,Video,Healthcare,USA,166957,5476,0.0328,1.22,6680.72,137,48.76,35345.21,5.29,0.02501826150474799,5.290628854374977,0.026885223864570606,12.02549756276223,0.04001461454146876,1,0,3,3,6
2024-06-28,Meta Ads,Display,SaaS,UK,169818,4992,0.0294,1.9,9484.8,146,64.96,26864.23,2.83,0.029246794871794872,2.832345436909582,0.015473676066486282,12.0424884429481,0.055852736459032604,0,1,0,4,5
2024-11-04,Google Ads,Display,EdTech,India,158441,3976,0.0251,2.72,10814.72,300,36.05,51868.85,4.8,0.07545271629778671,4.796134342821635,0.009227937783846403,11.973143874731164,0.0682570799224948,1,0,0,1,3
2024-12-25,Google Ads,Display,E-commerce,UK,10380,503,0.0485,2.0,1006.0,15,67.07,1306.45,1.3,0.02982107355864811,1.298658051689861,0.02424998787500606,9.247732491193245,0.09691714836223507,0,0,0,0,5
2024-09-21,Google Ads,Shopping,SaaS,Australia,27791,930,0.0335,1.49,1385.7,73,18.98,10712.26,7.73,0.07849462365591398,7.730576603882514,0.02248320638710981,10.232503488480885,0.04986146594221151,1,0,2,4,0
2024-03-28,Meta Ads,Shopping,E-commerce,Australia,124870,2622,0.021,1.68,4404.96,140,31.46,13095.31,2.97,0.05339435545385202,2.9728555991427843,0.01249999255952824,11.735036483405786,0.035276367422119,0,1,2,0,0
2024-08-30,Meta Ads,Display,Healthcare,Australia,137053,5550,0.0405,1.52,8436.0,381,22.14,43644.89,5.17,0.06864864864864866,5.173647463252727,0.026644719312684664,11.828130287733327,0.06155282992710849,1,1,0,3,0
2024-04-21,Meta Ads,Search,E-commerce,UAE,43062,1322,0.0307,0.7,925.4,23,40.23,2104.08,2.27,0.01739788199697428,2.2736978603846985,0.04385708020417114,10.670419438719087,0.021489944730853187,0,1,1,0,4
2024-09-03,Google Ads,Video,SaaS,USA,177472,9210,0.0519,2.03,18696.3,410,45.6,45066.38,2.41,0.04451682953311618,2.4104437776458445,0.025566489868724205,12.086573763651245,0.10534788586368553,0,0,3,4,6
2024-05-26,Google Ads,Display,Healthcare,Australia,25967,656,0.0253,2.69,1764.64,24,73.53,1078.62,0.61,0.036585365853658534,0.6112408196572671,0.009405200964609306,10.164620289754373,0.06795702237455233,0,0,0,3,0
2024-09-25,TikTok Ads,Shopping,SaaS,Canada,139162,7152,0.0514,1.39,9941.28,137,72.56,29124.09,2.93,0.019155480984340046,2.9296116797836897,0.036978390663028306,11.843401186952452,0.07143674278897975,0,2,2,4,1
2024-12-22,Google Ads,Display,Fintech,UK,45364,1628,0.0359,1.23,2002.44,113,17.72,10930.4,5.46,0.06941031941031942,5.4585405804918,0.02918696814067631,10.722496161603729,0.04414161008729389,1,0,0,2,5
2024-01-15,Google Ads,Display,E-commerce,UK,62320,3857,0.0619,1.01,3895.57,158,24.66,17905.2,4.6,0.04096448016593207,4.596297846014832,0.06128706803260591,11.040053726628985,0.06250914634146341,1,0,0,0,5
2024-11-15,Meta Ads,Shopping,SaaS,Canada,141436,3026,0.0214,1.84,5567.84,108,51.55,24540.41,4.41,0.0356906807666887,4.407527874364206,0.011630428461723661,11.859609667239287,0.039366497921321304,1,1,2,4,1
2024-10-18,Meta Ads,Video,EdTech,Germany,152318,4554,0.0299,1.08,4918.32,296,16.62,64805.54,13.18,0.06499780412823891,13.176356967419771,0.027685159550778195,11.93373228487759,0.03228981472971021,1,1,3,1,2
2024-09-01,Google Ads,Search,SaaS,USA,27778,1902,0.0685,1.55,2948.1,125,23.58,15444.21,5.24,0.06572029442691903,5.238699501373766,0.044193519875148475,10.232035618540193,0.10613075095399237,1,0,1,4,6
2024-08-19,TikTok Ads,Video,E-commerce,UK,82400,3708,0.045,0.8,2966.4,139,21.34,31548.51,10.64,0.03748651564185545,10.635285194174756,0.056249929687587887,11.319352851746254,0.036000000000000004,1,2,3,0,5
2024-11-29,Google Ads,Search,Healthcare,UK,195606,10817,0.0553,3.53,38184.01,122,312.98,7355.91,0.19,0.01127854303411297,0.1926437270470021,0.015665717941722963,12.183862823263567,0.19520878705152195,0,0,1,3,5
2024-11-20,TikTok Ads,Shopping,Fintech,Canada,18181,1179,0.0649,0.64,754.56,24,31.44,4581.7,6.07,0.020356234096692113,6.072015479219678,0.10140609155298194,9.808187372681804,0.0415026676200429,1,2,2,2,1
2024-04-26,Google Ads,Video,SaaS,USA,86560,5323,0.0615,0.91,4843.93,94,51.53,8283.62,1.71,0.01765921472853654,1.7101031600374077,0.06758234331610624,11.368604646693798,0.05596037430683919,0,0,3,4,6
2024-03-11,Google Ads,Video,Fintech,USA,89845,2605,0.029,1.74,4532.7,155,29.24,14107.55,3.11,0.05950095969289827,3.112394378626426,0.01666665708812811,11.40585237257854,0.050450219823028546,0,0,3,2,6
2024-06-08,Meta Ads,Shopping,Fintech,Germany,194121,6270,0.0323,0.69,4326.3,133,32.53,11409.44,2.64,0.021212121212121213,2.6372281164043176,0.04681152636010673,12.176242106371497,0.022286615049376422,0,1,2,2,2
2024-10-23,Meta Ads,Video,SaaS,Canada,81313,1089,0.0134,1.43,1557.27,77,20.22,3549.91,2.28,0.0707070707070707,2.2795725853577093,0.009370622817746282,11.306073482432904,0.019151550182627625,0,1,3,4,1
2024-08-15,Google Ads,Display,Healthcare,USA,95153,5404,0.0568,1.7,9186.8,74,124.15,20688.95,2.25,0.013693560325684678,2.252030086646058,0.03341174505191468,11.463251910726656,0.09654766533898038,0,0,0,3,6
2024-02-17,Meta Ads,Display,Fintech,Germany,104926,3273,0.0312,1.48,4844.04,65,74.52,12449.27,2.57,0.019859456156431407,2.570018001502878,0.021081066837117003,11.561020149254343,0.046166250500352626,0,1,0,2,2
2024-12-06,Meta Ads,Shopping,SaaS,Germany,16093,466,0.029,0.83,386.78,28,13.81,5468.73,14.14,0.060085836909871244,14.13912301566782,0.03493971694010008,9.686201810706079,0.024034052072329583,1,1,2,4,2
2024-11-27,Google Ads,Shopping,EdTech,Canada,155338,10718,0.069,1.86,19935.48,411,48.5,112821.78,5.66,0.038346706475088636,5.659346050358456,0.03709675424905686,11.953365104460964,0.12833614440767874,1,0,2,1,1
2024-11-13,Google Ads,Video,EdTech,Canada,179877,4317,0.024,2.54,10965.18,215,51.0,13004.03,1.19,0.04980310400741256,1.1859385801236277,0.00944881517763182,12.100034122299373,0.06095932220350573,0,0,3,1,1
2024-08-24,TikTok Ads,Video,E-commerce,Australia,185510,9739,0.0525,2.05,19964.95,461,43.31,116711.4,5.85,0.0473354553855632,5.845814790420211,0.025609743605003118,12.130869458462874,0.10762196108026521,1,2,3,0,0
2024-08-20,TikTok Ads,Search,EdTech,Germany,135992,8023,0.059,0.4,3209.2,640,5.01,50560.98,15.76,0.07977065935435623,15.755010594540698,0.14749963125092186,11.820358692805298,0.023598446967468673,1,2,1,1,2
2024-01-16,Google Ads,Search,EdTech,Germany,192593,4949,0.0257,1.83,9056.67,172,52.66,20836.16,2.3,0.03475449585774904,2.30064250988498,0.014043708172837064,12.168339625212933,0.047024917831904586,0,0,1,1,2
2024-12-30,Meta Ads,Search,EdTech,UAE,18487,693,0.0375,0.49,339.57,36,9.43,7765.15,22.87,0.05194805194805195,22.867597255352358,0.07653045606029375,9.824877151954217,0.01836804240817872,1,1,1,1,4
2024-11-24,Meta Ads,Video,EdTech,UK,88452,3361,0.038,1.63,5478.43,180,30.44,8119.45,1.48,0.05355548943766736,1.4820760692388146,0.023312869133209124,11.390226616480243,0.06193675665897889,0,1,3,1,5
2024-10-16,TikTok Ads,Display,Fintech,USA,178714,7559,0.0423,1.14,8617.26,312,27.62,39985.98,4.64,0.04127530096573621,4.64021974502336,0.037105230609446836,12.093547637188305,0.048218158622156074,1,2,0,2,6
2024-07-05,TikTok Ads,Display,SaaS,UK,113190,3984,0.0352,1.41,5617.44,172,32.66,10269.39,1.83,0.04317269076305221,1.828126335127745,0.024964521301757945,11.636831936290152,0.04962841240392261,0,2,0,4,5
2024-04-13,Meta Ads,Video,E-commerce,Australia,126103,4300,0.0341,1.09,4687.0,313,14.97,18027.88,3.85,0.0727906976744186,3.8463580115212292,0.03128437496846333,11.744862242306379,0.03716802930937408,0,1,3,0,0
2024-12-21,Google Ads,Search,Healthcare,India,101355,4459,0.044,2.55,11370.45,122,93.2,10455.25,0.92,0.027360394707333483,0.9195106614074201,0.017254895194158747,11.526394350917192,0.11218440136155099,0,0,1,3,3
2024-02-16,Google Ads,Display,EdTech,Canada,197974,4375,0.0221,2.43,10631.25,347,30.64,73971.79,6.96,0.07931428571428571,6.957957907113462,0.00909464646310845,12.195896039078614,0.053700233363977085,1,0,0,1,1
2024-04-07,Meta Ads,Shopping,Fintech,UK,49261,724,0.0147,0.62,448.88,31,14.48,1397.37,3.11,0.04281767955801105,3.113014614150775,0.023709639178001323,10.804908271743555,0.009112279490875135,0,1,2,2,5
2024-01-31,TikTok Ads,Shopping,SaaS,India,174668,10916,0.0625,0.63,6877.08,310,22.18,37599.64,5.47,0.02839868083547087,5.467384413152094,0.09920619173620358,12.070648033324467,0.03937229486797811,1,2,2,4,3
2024-10-16,Google Ads,Shopping,Fintech,USA,163178,5172,0.0317,2.21,11430.12,325,35.17,14305.21,1.25,0.0628383604021655,1.2515362918324566,0.01434388491226927,12.002603036762029,0.07004694260255673,0,0,2,2,6
2024-11-17,TikTok Ads,Search,EdTech,USA,105726,8542,0.0808,1.4,11958.8,662,18.06,104498.78,8.74,0.077499414656989,8.738232933070208,0.05771424448982537,11.56861557916342,0.11311124983447779,1,2,1,1,6
2024-02-12,TikTok Ads,Display,Healthcare,UAE,74285,2094,0.0282,0.63,1319.22,92,14.34,18972.8,14.38,0.04393505253104107,14.381831688421945,0.04476183371137506,11.215677787648746,0.017758901527899308,1,2,0,3,4
2024-01-29,Google Ads,Display,EdTech,USA,168471,6014,0.0357,0.97,5833.58,117,49.86,25231.33,4.33,0.01945460591952112,4.325187963480402,0.036804085768983745,12.034524842859614,0.034626612295291175,1,0,0,1,6
2024-10-09,TikTok Ads,Search,E-commerce,UK,128295,4695,0.0366,0.84,3943.8,276,14.29,42279.01,10.72,0.05878594249201278,10.720373751204422,0.04357137670074202,11.762095373188645,0.030740091196071555,1,2,1,0,5
2024-11-26,Meta Ads,Search,Healthcare,Australia,109777,2722,0.0248,1.44,3919.68,170,23.06,47040.47,12.0,0.06245407788390889,12.001099579557515,0.017222210262353984,11.606215423683235,0.03570584002113375,1,1,1,3,0
2024-09-17,TikTok Ads,Video,Healthcare,UAE,153537,7277,0.0474,1.0,7277.0,175,41.58,48117.42,6.61,0.024048371581695753,6.612260546928679,0.0473999526000474,11.941703372375468,0.04739574174303263,1,2,3,3,4
2024-08-30,Google Ads,Shopping,Fintech,Germany,20915,913,0.0437,1.03,940.39,37,25.42,3637.08,3.87,0.040525739320920046,3.8676293878071863,0.04242714327461818,9.94826969530802,0.04496246712885489,0,0,2,2,2
2024-07-26,Meta Ads,Search,EdTech,UK,29992,605,0.0202,0.61,369.05,35,10.54,5311.42,14.39,0.05785123966942149,14.392141986180734,0.03311469981196752,10.308719300084501,0.012304947986129635,1,1,1,1,5
2024-03-05,Meta Ads,Search,Fintech,UK,187461,2511,0.0134,1.7,4268.7,189,22.59,16540.06,3.87,0.07526881720430108,3.874730011478905,0.007882348304500998,12.141331437186272,0.022771136396370444,0,1,1,2,5
2024-05-17,Google Ads,Display,E-commerce,Australia,107885,3344,0.031,2.09,6988.96,262,26.68,51456.48,7.36,0.07834928229665072,7.362537487694879,0.014832528788263738,11.588830393059693,0.06478157297121935,1,0,0,0,0
2024-05-23,Google Ads,Video,E-commerce,Germany,162242,5110,0.0315,2.67,13643.7,118,115.62,30643.55,2.25,0.02309197651663405,2.2459853265609766,0.011797748390356407,11.996850490338257,0.08409474735272002,0,0,3,0,2
2024-05-06,Meta Ads,Video,EdTech,USA,34404,1204,0.035,1.42,1709.68,94,18.19,17655.16,10.33,0.07807308970099668,10.326587431566141,0.02464786996628876,10.44595718163658,0.04969422160213929,1,1,3,1,6
2024-11-02,Meta Ads,Display,EdTech,Australia,133773,3491,0.0261,1.83,6388.53,181,35.3,21663.32,3.39,0.05184760813520481,3.390971005849546,0.014262287288367603,11.803907087913293,0.04775649794801642,0,1,0,1,0
2024-08-03,Google Ads,Video,SaaS,Canada,185948,5373,0.0289,0.73,3922.29,82,47.83,15594.76,3.98,0.015261492648427322,3.975932427230011,0.03958898686440155,12.133227721549027,0.021093477746466752,0,0,3,4,1
2024-07-13,Google Ads,Shopping,Healthcare,Australia,98375,1898,0.0193,3.35,6358.3,45,141.3,2253.91,0.35,0.02370916754478398,0.3544831165563122,0.005761192310091848,11.496552150852283,0.06463329097839898,0,0,2,3,0
2024-07-22,Google Ads,Video,Healthcare,USA,190826,12174,0.0638,1.75,21304.5,933,22.83,139478.01,6.55,0.07663873829472646,6.54688023656974,0.0364571220245017,12.15912253741877,0.1116435915441292,1,0,3,3,6
2024-07-07,Meta Ads,Display,Healthcare,UAE,105050,3077,0.0293,0.5,1538.5,206,7.47,55580.46,36.13,0.0669483262918427,36.126395840103996,0.0585998828002344,11.562201225504374,0.014645406949071871,1,1,0,3,4
2024-07-19,Google Ads,Shopping,E-commerce,India,52547,2806,0.0534,2.15,6032.9,47,128.36,13262.4,2.2,0.01674982181040627,2.19834573753916,0.024837197750140583,10.869482316589398,0.11480959902563419,0,0,2,0,3
2024-05-15,Google Ads,Search,Healthcare,India,139648,4398,0.0315,3.0,13194.0,347,38.02,82597.15,6.26,0.07889949977262392,6.2602053963922994,0.010499996500001166,11.846887410588645,0.09448040788267645,1,0,1,3,3
2024-06-21,TikTok Ads,Search,Fintech,Germany,186434,8743,0.0469,1.65,14425.95,87,165.82,21530.58,1.49,0.009950817797094818,1.4924895760764456,0.028424225197439274,12.135837931847721,0.0773783215507901,0,2,1,2,2
2024-07-29,Google Ads,Search,Fintech,Germany,63001,3181,0.0505,1.48,4707.88,94,50.08,3324.55,0.71,0.02955045583149953,0.7061671070630517,0.03412159856648746,11.050921750901521,0.07472706782432025,0,0,1,2,2
2024-04-12,Meta Ads,Shopping,E-commerce,UK,132343,3507,0.0265,1.14,3997.98,238,16.8,17184.94,4.3,0.06786427145708583,4.298405694875912,0.023245593644216106,11.793159872286852,0.030209229048759664,1,1,2,0,5
2024-06-19,Google Ads,Shopping,Healthcare,UK,172570,3692,0.0214,2.16,7974.72,53,150.47,15699.11,1.97,0.014355362946912243,1.9686095561975845,0.009907402820646841,12.058564024974793,0.04621150837341369,0,0,2,3,5
2024-04-09,Google Ads,Video,Fintech,UAE,196510,10316,0.0525,2.0,20632.0,282,73.16,66245.27,3.21,0.02733617681271811,3.2108021519968983,0.02624998687500656,12.188473688368417,0.10499211236069411,0,0,3,2,4
2024-05-13,Google Ads,Display,EdTech,Canada,140875,6818,0.0484,2.25,15340.5,142,108.03,28774.25,1.88,0.020827222059254913,1.8757048336103777,0.021511101550621532,11.855635349808454,0.1088944099378882,0,0,0,1,1
2024-08-02,TikTok Ads,Shopping,SaaS,USA,50955,3892,0.0764,1.27,4942.84,224,22.07,60995.17,12.34,0.05755395683453238,12.340106092853501,0.06015743294690319,10.838717794229677,0.09700402315768816,1,2,2,4,6
2024-10-19,Google Ads,Search,Fintech,USA,103991,3067,0.0295,2.59,7943.53,142,55.94,36045.3,4.54,0.04629931529181611,4.537692940040511,0.011389956992294597,11.552069252087856,0.07638670654191228,1,0,1,2,6
2024-10-25,Google Ads,Video,EdTech,Germany,22637,876,0.0387,1.22,1068.72,16,66.8,2623.14,2.45,0.0182648401826484,2.4544688973725575,0.03172128547435617,10.027385189192366,0.047211202897910504,0,0,3,1,2
2024-12-20,Meta Ads,Display,Fintech,Canada,86099,2910,0.0338,2.19,6372.9,194,32.85,39485.52,6.2,0.06666666666666667,6.195848044061573,0.015433782906948442,11.363264690415821,0.07401828128085111,1,1,0,2,1
2024-11-08,Meta Ads,Display,Fintech,UAE,181950,2401,0.0132,0.67,1608.67,168,9.58,30028.61,18.67,0.06997084548104957,18.66673090192519,0.019701463132144575,12.111492699040591,0.008841275075570212,1,1,0,2,4
2024-06-11,Meta Ads,Video,E-commerce,Australia,102229,2146,0.021,0.61,1309.06,52,25.17,14121.79,10.79,0.024231127679403542,10.787733182589035,0.03442617307184742,11.53498045575106,0.012805172700505726,1,1,3,0,0
2024-09-22,TikTok Ads,Video,SaaS,Germany,53167,2536,0.0477,0.44,1115.84,145,7.7,11216.46,10.05,0.05717665615141956,10.052032549469457,0.10840884452535336,10.881211990594375,0.020987454624108937,1,2,3,4,2
2024-05-06,Meta Ads,Shopping,SaaS,Canada,10177,413,0.0406,1.85,764.05,16,47.75,4058.36,5.31,0.0387409200968523,5.311641908252078,0.021945934083278874,9.227983807148778,0.07507615210769382,1,1,2,4,1
2024-12-08,Meta Ads,Shopping,E-commerce,Canada,67714,738,0.0109,1.11,819.18,17,48.19,1445.84,1.76,0.023035230352303523,1.7649844966918138,0.009819810973143267,11.123063000089472,0.012097645981628614,0,1,2,0,1
2024-10-23,Google Ads,Shopping,Fintech,UK,51032,3036,0.0595,2.23,6770.28,195,34.72,18761.36,2.77,0.06422924901185771,2.771135019526519,0.02668160238493166,10.840227761277692,0.13266734597899357,0,0,2,2,5
2024-08-11,TikTok Ads,Display,SaaS,USA,68474,4923,0.0719,0.47,2313.81,198,11.69,32574.4,14.08,0.04021937842778794,14.078251887579361,0.15297839791830234,11.134223994131279,0.033791073984286005,1,2,0,4,6
2024-08-12,TikTok Ads,Video,SaaS,Australia,12838,784,0.0611,0.42,329.28,56,5.88,2887.05,8.77,0.07142857142857142,8.767766034985424,0.1454758441051331,9.460242692591084,0.02564885496183206,1,2,3,4,0
2024-06-05,Google Ads,Display,Healthcare,UK,151595,9262,0.0611,1.76,16301.12,572,28.5,85249.68,5.23,0.06175771971496437,5.229682377652578,0.034715889365971954,11.928974366618037,0.10753072330881626,1,0,0,3,5
2024-04-11,TikTok Ads,Video,E-commerce,Germany,38799,1303,0.0336,0.33,429.99,51,8.43,4095.81,9.53,0.039140445126630855,9.525361054908254,0.10181787327917188,10.566175525611365,0.011082502126343463,1,2,3,0,2
2024-06-23,Google Ads,Video,SaaS,Australia,121565,2601,0.0214,2.04,5306.04,176,30.15,34156.84,6.44,0.06766628219915417,6.4373506419099735,0.010490190936180912,11.708212604154205,0.043647760457368484,1,0,3,4,0
2024-09-11,Meta Ads,Display,E-commerce,Canada,38762,1007,0.026,0.68,684.76,16,42.8,3871.2,5.65,0.015888778550148957,5.653367603247853,0.03823523788935604,10.56522146239033,0.01766575512099479,1,1,0,0,1
2024-02-18,Meta Ads,Search,E-commerce,India,32410,693,0.0214,1.79,1240.47,21,59.07,678.51,0.55,0.030303030303030304,0.5469781615033011,0.011955300583630958,10.386253150334081,0.03827429805615551,0,1,1,0,3
2024-03-29,TikTok Ads,Video,EdTech,Australia,134132,4694,0.035,0.82,3849.08,306,12.58,52932.5,13.75,0.0651896037494674,13.751987487919191,0.04268287477698198,11.806587124007006,0.028696209703873796,1,2,3,1,0
2024-01-28,Google Ads,Display,E-commerce,Australia,38005,1489,0.0392,1.51,2248.39,79,28.46,23043.93,10.25,0.05305574210879785,10.249080453124236,0.025960247708445225,10.545499320981303,0.059160373635048016,1,0,0,0,0
2024-01-15,Google Ads,Search,E-commerce,India,91348,2914,0.0319,1.73,5041.22,98,51.44,14981.67,2.97,0.033630748112560054,2.9718341988645602,0.018439295699829075,11.422442614838737,0.05518697727372247,0,0,1,0,3
2024-08-22,Google Ads,Display,E-commerce,UK,87607,3661,0.0418,3.15,11532.15,106,108.79,31383.75,2.72,0.02895383774924884,2.7214136132464457,0.013269837057194584,11.380627596955595,0.13163502916433617,0,0,0,0,5
2024-02-01,TikTok Ads,Shopping,Fintech,India,95288,7108,0.0746,0.51,3625.08,454,7.98,132401.61,36.52,0.0638716938660664,36.52377602701181,0.1462742229917196,11.464669658006551,0.03804340525564604,1,2,2,2,3
2024-09-28,TikTok Ads,Video,Healthcare,UK,68620,3602,0.0525,0.48,1728.96,134,12.9,22980.94,13.29,0.03720155469183787,13.291770775495094,0.10937477213589139,11.13635388931704,0.025196152725153017,1,2,3,3,5
2024-07-06,TikTok Ads,Video,Healthcare,Australia,95975,3848,0.0401,1.78,6849.44,66,103.78,6246.82,0.91,0.017151767151767153,0.9120190847718938,0.022528077231417285,11.471853439194764,0.07136691846835112,0,2,3,3,0
2024-12-12,Google Ads,Shopping,SaaS,Canada,162064,5607,0.0346,2.42,13568.94,77,176.22,8174.03,0.6,0.01373283395755306,0.6024074098639982,0.014297514753093076,11.995752768309359,0.08372581202487907,0,0,2,4,1
2024-05-18,Meta Ads,Search,Fintech,USA,57712,848,0.0147,0.9,763.2,64,11.93,2136.83,2.8,0.07547169811320754,2.7998296645702303,0.01633331518520535,10.96323773041211,0.013224286110341004,0,1,1,2,6
2024-06-29,Meta Ads,Shopping,Fintech,Germany,147412,3670,0.0249,1.17,4293.9,162,26.51,38717.46,9.02,0.044141689373297,9.0168518130371,0.02128203309227941,11.900993450235092,0.029128564838683417,1,1,2,2,2
2024-02-06,Google Ads,Display,E-commerce,UAE,79525,2298,0.0289,1.58,3630.84,119,30.51,21777.03,6.0,0.05178416013925152,5.9977938989324775,0.01829112766384325,11.28383929120034,0.04565658597925181,1,0,0,0,4
2024-04-18,Meta Ads,Shopping,E-commerce,UK,78480,1389,0.0177,1.69,2347.41,19,123.55,2972.32,1.27,0.013678905687544997,1.2662125491499143,0.010473366583806756,11.270611836257963,0.029910932721712535,0,1,2,0,5
2024-03-11,TikTok Ads,Display,SaaS,UK,165232,7617,0.0461,0.77,5865.09,601,9.76,102707.85,17.51,0.0789024550347906,17.511726162769882,0.05987005211681543,12.015111877989318,0.03549609034569575,1,2,0,4,5
2024-05-18,Google Ads,Display,SaaS,UAE,13294,583,0.0439,1.38,804.54,46,17.49,11553.7,14.36,0.07890222984562607,14.3606284336391,0.0318115711510354,9.49514330367712,0.06051903114186851,1,0,0,4,4
2024-11-16,Meta Ads,Video,EdTech,UK,55333,852,0.0154,1.05,894.6,66,13.55,12295.52,13.74,0.07746478873239436,13.744153811759446,0.014666652698426003,10.921142826790764,0.016167567274501655,1,1,3,1,5
2024-09-24,Meta Ads,Display,Fintech,UK,177027,6160,0.0348,1.23,7576.8,220,34.44,59390.91,7.84,0.03571428571428571,7.838521539436174,0.02829265992466673,12.084063191135312,0.042800250809198595,1,1,0,2,5
2024-11-10,Meta Ads,Search,E-commerce,USA,21679,448,0.0207,0.89,398.72,31,12.86,3556.66,8.92,0.06919642857142858,8.920194622792936,0.02325840083325749,9.984145455553582,0.018391992250565065,1,1,1,0,6
2024-07-09,Google Ads,Search,Healthcare,UK,18601,706,0.038,2.0,1412.0,54,26.15,3302.39,2.34,0.0764872521246459,2.3388031161473086,0.018999990500004747,9.831024380802413,0.07590989731734853,0,0,1,3,5
2024-11-29,Google Ads,Shopping,Healthcare,UAE,146583,2990,0.0204,1.61,4813.9,114,42.23,8660.28,1.8,0.03812709030100334,1.7990153513783007,0.012670799583354297,11.89535392196001,0.032840779626559694,0,0,2,3,4
2024-11-17,Google Ads,Shopping,Fintech,Australia,46745,2140,0.0458,3.44,7361.6,38,193.73,5289.97,0.72,0.017757009345794394,0.7185897087589654,0.013313949618037902,10.752483969558913,0.15748422291154135,0,0,2,2,0
2024-12-09,Google Ads,Display,E-commerce,Canada,39505,2251,0.057,3.06,6888.06,149,46.23,30920.99,4.49,0.06619280319857841,4.48907094305218,0.018627444892991864,10.584207838087945,0.17435919503860273,1,0,0,0,1
2024-03-11,Google Ads,Shopping,Healthcare,Germany,179342,4071,0.0227,2.26,9200.46,195,47.18,30682.52,3.33,0.047899778924097275,3.334889777250268,0.010044243343255158,12.097055452368803,0.05130120105719797,0,0,2,3,2
2024-10-27,Google Ads,Video,Fintech,UAE,75410,3039,0.0403,0.95,2887.05,239,12.08,29467.42,10.21,0.07864429088515959,10.206757763114597,0.042421007977886345,11.230708431949505,0.03828471025062989,1,0,3,2,4
2024-06-28,Google Ads,Search,Healthcare,UAE,83488,4049,0.0485,1.15,4656.35,45,103.47,2103.0,0.45,0.01111385527290689,0.45164130703233213,0.0421738763705423,11.332470165633982,0.05577268589497893,0,0,1,3,4
2024-12-26,TikTok Ads,Display,SaaS,USA,149143,5175,0.0347,0.53,2742.75,140,19.59,11705.28,4.27,0.02705314009661836,4.267716707683894,0.06547157458193474,11.912667561175297,0.018390068591888322,0,2,0,4,6
2024-11-21,Meta Ads,Shopping,Fintech,Australia,52743,1207,0.0229,1.93,2329.51,90,25.88,11281.65,4.84,0.07456503728251865,4.842928341153289,0.011865278826280402,10.873205300793135,0.044167188062870906,1,1,2,2,0
2024-04-19,Meta Ads,Shopping,Healthcare,UK,92091,3342,0.0363,1.48,4946.16,145,34.11,37976.42,7.68,0.04338719329742669,7.67796027625471,0.024527010454722668,11.43054335636426,0.053709483011369186,1,1,2,3,5
2024-04-14,TikTok Ads,Video,Healthcare,USA,118687,10586,0.0892,0.75,7939.5,635,12.5,88046.75,11.09,0.05998488569809182,11.089709679450847,0.118933174755767,11.684253480289318,0.06689443662743182,1,2,3,3,6
2024-10-25,Google Ads,Video,EdTech,UAE,195664,6378,0.0326,2.6,16582.8,312,53.15,33814.66,2.04,0.04891815616180621,2.0391405552741397,0.012538456715978185,12.184159292218283,0.08475141058140485,0,0,3,1,4
2024-09-26,TikTok Ads,Search,EdTech,India,89946,5162,0.0574,0.63,3252.06,349,9.32,87393.19,26.87,0.06760945370011623,26.873178846638748,0.09111096649052937,11.406975886960348,0.03615569341604963,1,2,1,1,3
2024-12-05,TikTok Ads,Search,EdTech,India,170529,11766,0.069,1.48,17413.68,695,25.06,102403.13,5.88,0.05906850246472888,5.880613977057118,0.04662159012054722,12.04666651330696,0.1021156518832574,1,2,1,1,3
2024-01-03,Meta Ads,Display,Fintech,Canada,129750,2452,0.0189,1.09,2672.68,93,28.74,23770.39,8.89,0.03792822185970636,8.893840639358247,0.017339433633547126,11.77337250812753,0.02059868978805395,1,1,0,2,1
2024-01-22,Meta Ads,Display,Healthcare,USA,197882,5144,0.026,0.81,4166.64,299,13.94,68061.76,16.33,0.05812597200622084,16.334926943532437,0.03209872580404221,12.195431225930179,0.021056184999140904,1,1,0,3,6
2024-06-06,Google Ads,Display,E-commerce,Australia,58266,2651,0.0455,1.22,3234.22,103,31.4,3487.43,1.08,0.038853262919652964,1.0782909016702635,0.037295051397498856,10.972791174342897,0.05550784333916864,0,0,0,0,0
2024-09-01,Meta Ads,Search,E-commerce,USA,98699,2171,0.022,2.22,4819.62,92,52.39,5066.63,1.05,0.04237678489175495,1.0512509284964375,0.009909905445988536,11.499840225421574,0.04883149778619844,0,1,1,0,6
2024-01-18,TikTok Ads,Video,EdTech,UK,172820,5512,0.0319,1.5,8268.0,229,36.1,38190.22,4.62,0.041545718432510884,4.619039671020803,0.02126665248889834,12.060011655745967,0.047841684990163176,1,2,3,1,5
2024-11-30,Google Ads,Shopping,EdTech,UK,61902,2599,0.042,2.92,7589.08,160,47.43,43994.91,5.8,0.06156213928434013,5.797133512889573,0.014383556717960029,11.033323922764843,0.12259830053956253,1,0,2,1,5
2024-07-20,TikTok Ads,Shopping,EdTech,UAE,148573,8706,0.0586,1.77,15409.62,643,23.97,163989.09,10.64,0.07385711003905353,10.641994416474903,0.03310732592806445,11.908838429604774,0.103717499141836,1,2,2,1,4
2024-11-06,Meta Ads,Shopping,EdTech,Germany,149654,6689,0.0447,1.29,8628.81,262,32.93,10578.46,1.23,0.03916878457168486,1.2259465673713987,0.03465113592935199,11.916087924015716,0.05765839870634931,0,1,2,1,2
2024-01-24,Meta Ads,Search,Healthcare,India,191478,6414,0.0335,1.57,10069.98,236,42.67,56534.15,5.61,0.03679451200498909,5.6141273368963995,0.02133756602702801,12.162533421015265,0.05259079372042741,1,1,1,3,3
2024-05-01,Meta Ads,Search,E-commerce,Canada,7196,287,0.04,2.21,634.27,10,63.43,693.26,1.09,0.03484320557491289,1.0930045564191906,0.01809953932147542,8.881419551507804,0.0881420233463035,0,1,1,0,1
2024-11-14,Google Ads,Display,Healthcare,India,30757,1202,0.0391,3.26,3918.52,60,65.31,5647.0,1.44,0.04991680532445923,1.4411053152720925,0.011993861351576273,10.33390540199987,0.12740254251064798,0,0,0,3,3
2024-04-11,Google Ads,Display,Healthcare,Canada,17578,330,0.0188,3.07,1013.1,20,50.66,3553.78,3.51,0.06060606060606061,3.507827460270457,0.00612377650691319,9.774460286799892,0.05763454317897372,0,0,0,3,1
2024-02-02,Google Ads,Display,E-commerce,USA,65530,2018,0.0308,2.81,5670.58,117,48.47,12114.63,2.14,0.05797819623389495,2.1364005092953455,0.010960850191868259,11.090278592103282,0.0865341065160995,0,0,0,0,6
2024-09-18,TikTok Ads,Search,SaaS,UK,89403,5578,0.0624,1.48,8255.44,414,19.94,80503.15,9.75,0.0742201505916099,9.751527477638986,0.042162133674234006,11.400920702889985,0.0923396306611635,1,2,1,4,5
2024-06-09,TikTok Ads,Shopping,E-commerce,Australia,161904,4339,0.0268,1.05,4555.95,178,25.6,22405.85,4.92,0.04102327725282323,4.917931496175331,0.025523785215442654,11.994765022450121,0.028139823599169878,1,2,2,0,0
2024-09-08,Meta Ads,Video,EdTech,Canada,27036,708,0.0262,1.67,1182.36,12,98.53,1538.26,1.3,0.01694915254237288,1.3010081531851552,0.015688613360111764,10.204961577256293,0.04373280071016422,0,1,3,1,1
2024-06-08,Meta Ads,Shopping,SaaS,UK,12712,212,0.0167,1.7,360.4,9,40.04,375.03,1.04,0.04245283018867924,1.0405937846836848,0.009823523633221393,9.450380370950123,0.028351164254247954,0,1,2,4,5
2024-02-10,Google Ads,Shopping,E-commerce,UAE,24198,1214,0.0502,1.35,1638.9,60,27.32,11611.94,7.09,0.04942339373970346,7.08520349014583,0.037185157640623974,10.094066588976938,0.06772873791222415,1,0,2,0,4
2024-07-31,Google Ads,Display,SaaS,India,80324,2337,0.0291,2.99,6987.63,50,139.75,12463.37,1.78,0.02139495079161318,1.7836333635295516,0.009732438216575847,11.293836183984059,0.08699305313480404,0,0,0,4,3
2024-04-22,Google Ads,Search,SaaS,Germany,160525,6003,0.0374,1.67,10025.01,106,94.58,12306.27,1.23,0.01765783774779277,1.2275568802425134,0.02239519617054122,11.986211202202105,0.06245139386388413,0,0,1,4,2
2024-02-27,Google Ads,Display,Fintech,Germany,104821,4224,0.0403,1.36,5744.64,307,18.71,89314.07,15.55,0.07267992424242424,15.547374596145277,0.029632331152697682,11.560018952502311,0.05480428540082617,1,0,0,2,2
2024-10-03,Google Ads,Video,Healthcare,India,48118,1616,0.0336,3.66,5914.56,129,45.85,28604.24,4.84,0.07982673267326733,4.836241411026348,0.00918032536056684,10.781432388492796,0.12291782700860386,1,0,3,3,3
2024-02-06,TikTok Ads,Display,SaaS,Australia,53709,2868,0.0534,0.89,2552.52,222,11.5,47503.54,18.61,0.07740585774058577,18.610447714415557,0.05999993258434541,10.891354482899505,0.047524995810757975,1,2,0,4,0
2024-02-14,Google Ads,Display,Healthcare,UK,25497,1142,0.0448,1.84,2101.28,75,28.02,18551.01,8.83,0.06567425569176882,8.828433145511307,0.024347812854449535,10.146355296698067,0.08241283288229989,1,0,0,3,5
2024-08-26,TikTok Ads,Display,Fintech,UAE,178782,7705,0.0431,1.28,9862.4,352,28.02,30909.61,3.13,0.04568462037637897,3.1340860236859185,0.03367184869386821,12.093928058901547,0.05516439015113378,0,2,0,2,4
2024-05-03,Meta Ads,Video,Healthcare,India,189221,7587,0.0401,0.91,6904.17,80,86.3,2769.22,0.4,0.010544352181362857,0.40109383169881385,0.044065885641883906,12.150676207909795,0.03648733491525782,0,1,3,3,3
2024-12-26,Meta Ads,Search,Fintech,Germany,138704,1803,0.013,0.86,1550.58,119,13.03,10297.42,6.64,0.06600110926234054,6.641011750441771,0.015116261492719194,11.840104654679848,0.01117905756142577,1,1,1,2,2
2024-10-08,Google Ads,Video,EdTech,UK,120475,7794,0.0647,0.78,6079.32,530,11.47,143639.1,23.63,0.06800102643058763,23.62749452241369,0.08294861160434408,11.699205841951363,0.05046125752230753,1,0,3,1,5
2024-08-19,Google Ads,Shopping,Healthcare,Germany,125019,8251,0.066,3.77,31106.27,609,51.08,135443.82,4.35,0.07380923524421282,4.354228906262307,0.0175066266560672,11.736229003485803,0.2488123405242403,1,0,2,3,2
2024-12-11,Meta Ads,Search,EdTech,USA,198775,3637,0.0183,1.99,7237.63,235,30.8,18520.23,2.56,0.06461369260379433,2.558880462250764,0.009195975278404383,12.199933841570763,0.03641116840648975,0,1,1,1,6
2024-01-05,TikTok Ads,Video,EdTech,Australia,52059,2956,0.0568,0.57,1684.92,29,58.1,5633.14,3.34,0.009810554803788904,3.3432685231346295,0.0996489479843018,10.860152178548557,0.032365585201406095,0,2,3,1,0
2024-05-31,Google Ads,Display,SaaS,USA,183373,7169,0.0391,1.55,11111.95,342,32.49,18314.28,1.65,0.047705398242432695,1.6481607638623281,0.025225790176909565,12.119283062124346,0.06059752526271589,0,0,0,4,6
2024-09-13,Meta Ads,Search,E-commerce,USA,114844,3307,0.0288,2.1,6944.7,123,56.46,36552.89,5.26,0.037193831267009377,5.26342246605325,0.013714279183676577,11.651338672123854,0.06047072550590366,1,1,1,0,6
2024-08-27,Meta Ads,Search,E-commerce,USA,53865,1098,0.0204,1.28,1405.44,67,20.98,2545.35,1.81,0.0610200364298725,1.8110698428961747,0.015937487548837854,10.894254760086813,0.02609189640768588,0,1,1,0,6
2024-01-07,Google Ads,Video,E-commerce,Germany,25080,1113,0.0444,2.62,2916.06,49,59.51,2232.61,0.77,0.0440251572327044,0.7656255358257376,0.016946558417344115,10.129865866360268,0.11627033492822966,0,0,3,0,2
2024-07-12,TikTok Ads,Search,E-commerce,India,95853,4658,0.0486,0.31,1443.98,92,15.7,27317.08,18.92,0.0197509660798626,18.917907450241692,0.15677368782681347,11.470581479475758,0.015064525888600253,1,2,1,0,3
2024-05-26,Google Ads,Video,SaaS,Canada,27593,896,0.0325,2.39,2141.44,48,44.61,8087.57,3.78,0.05357142857142857,3.77669698894202,0.013598320670158714,10.225353636767979,0.07760808900808176,0,0,3,4,1
2024-09-11,Meta Ads,Video,EdTech,USA,34949,1324,0.0379,1.79,2369.96,86,27.56,9084.22,3.83,0.0649546827794562,3.8330689125554858,0.021173172528953895,10.461673747661957,0.0678119545623623,0,1,3,1,6
2024-05-17,TikTok Ads,Shopping,E-commerce,USA,72986,3379,0.0463,1.77,5980.83,188,31.81,17387.72,2.91,0.05563776265167209,2.907241971432059,0.026158177311764234,11.198036622080231,0.08194489354122708,0,2,2,0,6
2024-02-02,Google Ads,Shopping,Healthcare,UAE,149848,9290,0.062,1.97,18301.3,537,34.08,106414.01,5.81,0.05780409041980624,5.8145601678569285,0.03147206524260648,11.917383399382535,0.12213242752656024,1,0,2,3,4
2024-09-03,Google Ads,Video,SaaS,Australia,143235,3981,0.0278,1.83,7285.23,125,58.28,27104.75,3.72,0.031399145943230344,3.7205071082175856,0.015191248529372387,11.872248898561885,0.05086207979893182,0,0,3,4,0
2024-02-11,TikTok Ads,Video,EdTech,India,157625,9457,0.06,0.48,4539.36,534,8.5,147520.8,32.5,0.05646610975996616,32.49814951887491,0.12499973958387588,11.967980417418389,0.028798477398889768,1,2,3,1,3
2024-11-28,Meta Ads,Search,Fintech,India,172816,3819,0.0221,2.14,8172.66,193,42.35,41926.28,5.13,0.05053678973553286,5.130065364275524,0.010327097977991598,12.059988510142764,0.047291107304879176,1,1,1,2,3
2024-12-14,TikTok Ads,Video,E-commerce,UK,56529,4494,0.0795,1.51,6785.94,104,65.25,9525.68,1.4,0.023141967067200713,1.4037377283029324,0.052648971755647846,10.942526749669337,0.12004351748659979,0,2,3,0,5
2024-04-13,TikTok Ads,Shopping,EdTech,USA,176030,13079,0.0743,1.51,19749.29,200,98.75,41247.07,2.09,0.01529168896704641,2.0885343219933477,0.04920526542697654,12.078415394873737,0.11219275123558485,0,2,2,1,6
2024-11-03,Meta Ads,Search,SaaS,Canada,128355,1758,0.0137,1.86,3269.88,122,26.8,6205.33,1.9,0.06939704209328783,1.8977240755012414,0.007365587437856216,11.762562932382362,0.02547528339371275,0,1,1,4,1
2024-09-25,Google Ads,Video,Fintech,USA,14096,476,0.0338,1.29,614.04,34,18.06,3175.83,5.17,0.07142857142857142,5.17202462380301,0.026201530076333274,9.553717287770926,0.04356129398410896,1,0,3,2,6
2024-04-02,Google Ads,Video,SaaS,USA,31855,1411,0.0443,1.7,2398.7,60,39.98,3201.45,1.33,0.042523033309709427,1.3346604410722476,0.02605880820070106,10.368981026303977,0.07530058075655313,0,0,3,4,6
2024-02-19,Google Ads,Search,EdTech,UAE,95218,2199,0.0231,2.39,5255.61,103,51.03,17399.72,3.31,0.046839472487494316,3.310694667222264,0.009665267922482039,11.463934780697985,0.05519555126131613,0,0,1,1,4
2024-02-06,Google Ads,Shopping,E-commerce,Germany,102409,3389,0.0331,3.58,12132.62,149,81.43,31253.87,2.58,0.04396577161404544,2.576019853914488,0.009245807473238134,11.536739643069483,0.11847220459139335,0,0,2,0,2
2024-09-12,Google Ads,Search,E-commerce,India,31049,1021,0.0329,3.31,3379.51,31,109.02,7117.65,2.11,0.030362389813907934,2.1061189344017324,0.009939574036382466,10.343354087361625,0.10884440722728592,0,0,1,0,3
2024-09-19,TikTok Ads,Search,Healthcare,Germany,129077,4065,0.0315,1.22,4959.3,295,16.81,44193.52,8.91,0.07257072570725707,8.91124150585768,0.02581965096749921,11.768172151778739,0.03842125243071965,1,2,1,3,2
2024-09-20,Meta Ads,Shopping,E-commerce,Germany,166874,6641,0.0398,0.68,4515.88,200,22.58,17225.95,3.81,0.03011594639361542,3.814527843963967,0.058529325692168094,12.02500030813665,0.027061615350503974,0,1,2,0,2
2024-02-13,Google Ads,Search,SaaS,Australia,153865,5785,0.0376,1.7,9834.5,139,70.75,16979.34,1.73,0.024027657735522904,1.7265077024759774,0.022117634048450564,11.943837372742898,0.06391642023852079,0,0,1,4,0
2024-11-07,TikTok Ads,Display,Healthcare,UK,187199,12036,0.0643,1.33,16007.88,946,16.92,165825.37,10.36,0.07859754071119973,10.358983825465959,0.04834582831140728,12.139932843025628,0.08551263628545024,1,2,0,3,5
2024-06-27,Meta Ads,Video,SaaS,UK,117696,4531,0.0385,1.09,4938.79,325,15.2,19270.73,3.9,0.07172809534319134,3.901913221659556,0.03532106851278118,11.67586880439337,0.041962258700380645,0,1,3,4,5
2024-10-19,Meta Ads,Search,Healthcare,Canada,147324,1325,0.009,1.72,2279.0,96,23.74,10356.84,4.54,0.07245283018867925,4.54446687143484,0.005232555097351687,11.900396309706114,0.015469305747875431,1,1,1,3,1
2024-08-04,Google Ads,Video,Fintech,Australia,39001,1450,0.0372,2.62,3799.0,18,211.06,5256.07,1.38,0.012413793103448275,1.3835404053698341,0.014198467863180202,10.571368205848186,0.09740775877541602,0,0,3,2,0
2024-01-03,TikTok Ads,Search,Healthcare,USA,69277,5057,0.073,1.06,5360.42,268,20.0,57608.77,10.75,0.05299584734032035,10.747062730159204,0.06886785955862305,11.14588267445934,0.07737661850253331,1,2,1,3,6
2024-04-10,Google Ads,Search,E-commerce,USA,166687,11384,0.0683,0.73,8310.32,899,9.24,139644.2,16.8,0.0789704848910752,16.803709123114395,0.09356151566915662,12.023879080544917,0.04985583758781428,1,0,1,0,6
2024-12-02,Meta Ads,Video,E-commerce,Canada,173898,5321,0.0306,0.53,2820.13,239,11.8,52181.09,18.5,0.04491636910355196,18.503079645264577,0.05773574012124504,12.066229949894558,0.016217150283499522,1,1,3,0,1
2024-05-31,Google Ads,Display,SaaS,Canada,117000,7979,0.0682,1.47,11729.13,366,32.05,14373.81,1.23,0.045870409825792706,1.2254796391548222,0.04639452626222704,11.669937760751914,0.10024897435897435,0,0,0,4,1
2024-10-25,Meta Ads,Shopping,SaaS,UK,55697,957,0.0172,0.91,870.87,12,72.57,1673.31,1.92,0.012539184952978056,1.9214234041820248,0.018901078130683372,10.927699518627987,0.01563585112304074,0,1,2,4,5
2024-07-03,Google Ads,Display,Fintech,UK,46585,1504,0.0323,2.2,3308.8,85,38.93,13372.82,4.04,0.05651595744680851,4.041592117988395,0.014681811508267495,10.7490553457913,0.0710271546635183,0,0,0,2,5
2024-08-14,TikTok Ads,Search,E-commerce,Germany,97345,5178,0.0532,0.61,3158.58,289,10.93,44113.49,13.97,0.05581305523368096,13.96624115900183,0.08721297178201347,11.486026921101528,0.03244727515537521,1,2,1,0,2
2024-06-18,TikTok Ads,Video,E-commerce,India,143519,10519,0.0733,0.86,9046.34,673,13.44,28878.71,3.19,0.06397946572868143,3.1923087126948575,0.08523245903202438,11.874229677292623,0.06303235111727368,0,2,3,0,3
2024-05-01,Meta Ads,Display,E-commerce,Canada,68843,633,0.0092,0.89,563.37,25,22.53,2441.19,4.33,0.03949447077409163,4.333191330741786,0.01033706703700333,11.139598354389872,0.008183402815101028,1,1,0,0,1
2024-03-27,Google Ads,Display,Fintech,USA,129679,5848,0.0451,1.48,8655.04,158,54.78,32419.87,3.75,0.027017783857729138,3.745779337819351,0.030472952383140284,11.772825156409558,0.06674203224886066,0,0,0,2,6
2024-01-31,Meta Ads,Search,Fintech,UK,153157,5498,0.0359,1.8,9896.4,401,24.68,90694.52,9.16,0.0729356129501637,9.16439513358393,0.01994443336420369,11.939225347266222,0.06461604758515771,1,1,1,2,5
2024-08-21,Meta Ads,Display,E-commerce,Canada,138074,3313,0.024,1.91,6327.83,209,30.28,16533.53,2.61,0.06308481738605494,2.612827778243094,0.012565438447414427,11.835552294769387,0.04582926546634413,0,1,0,0,1
2024-11-16,Google Ads,Shopping,SaaS,Germany,119132,3466,0.0291,2.19,7590.54,261,29.08,30598.06,4.03,0.07530294287362954,4.031078157812225,0.013287665165449696,11.68799579504999,0.06371537454252425,0,0,2,4,2
2024-05-05,Google Ads,Video,E-commerce,Canada,43634,1937,0.0444,2.38,4610.06,58,79.48,15065.19,3.27,0.029943211151264842,3.267894561025236,0.018655454346447754,10.683614859597412,0.10565293120044003,0,0,3,0,1
2024-06-27,Meta Ads,Shopping,Fintech,USA,198899,2923,0.0147,1.97,5758.31,95,60.61,3750.0,0.65,0.03250085528566541,0.6512327401616099,0.007461925146230891,12.200557464842063,0.02895092484125109,0,1,2,2,6
2024-05-15,Meta Ads,Video,SaaS,Germany,143383,3412,0.0238,1.02,3480.24,117,29.75,19100.2,5.49,0.03429073856975381,5.488184722892675,0.02333331045753877,11.873281624911433,0.024272333540238382,1,1,3,4,2
2024-02-06,Meta Ads,Video,E-commerce,UAE,92469,2487,0.0269,0.6,1492.2,48,31.09,14164.35,9.49,0.019300361881785282,9.492259750703658,0.044833258611235646,11.434639546571685,0.016137300068130942,1,1,3,0,4
2024-11-09,Google Ads,Shopping,SaaS,Germany,30852,684,0.0222,1.59,1087.56,11,98.87,2813.84,2.59,0.01608187134502924,2.5872963330758765,0.013962255369650711,10.336989269338149,0.03525087514585764,0,0,2,4,2
2024-11-16,Meta Ads,Search,Healthcare,Germany,87565,3213,0.0367,2.2,7068.6,106,66.68,13715.98,1.94,0.03299097416744476,1.9404096992332285,0.016681810599176998,11.38014807372949,0.08072403357505853,0,1,1,3,2
2024-12-11,Google Ads,Shopping,EdTech,UK,154058,3728,0.0242,2.46,9170.88,125,73.37,7520.81,0.82,0.03353004291845493,0.8200750636798214,0.009837394375042937,11.94509092490835,0.05952874891274714,0,0,2,1,5
2024-06-14,Google Ads,Display,SaaS,India,160579,7804,0.0486,1.36,10613.44,193,54.99,9996.49,0.94,0.024730907227063045,0.9418708731570536,0.03573526784171482,11.986547539738675,0.06609481937239614,0,0,0,4,3
2024-10-24,TikTok Ads,Search,SaaS,UAE,34076,1363,0.04,1.14,1553.82,16,97.11,2219.67,1.43,0.01173881144534116,1.4285245395219524,0.03508768851957148,10.436377948899532,0.04559866181476699,0,2,1,4,4
2024-05-29,TikTok Ads,Shopping,Healthcare,Germany,37261,1591,0.0427,1.08,1718.28,40,42.96,8930.04,5.2,0.0251414204902577,5.197080801731965,0.03953700042870331,10.525729319580298,0.046114704382598425,1,2,2,3,2
2024-02-16,Meta Ads,Shopping,Fintech,USA,178553,7213,0.0404,2.28,16445.64,556,29.58,50559.85,3.07,0.07708304450298073,3.0743619585495,0.017719290473995408,12.09264635545998,0.0921050892452101,0,1,2,2,6
2024-03-06,Meta Ads,Search,Healthcare,Australia,132390,2780,0.021,1.01,2807.8,133,21.11,39444.5,14.05,0.04784172661870503,14.04818719282,0.02079205862172414,11.793514944343768,0.021208550494750362,1,1,1,3,0
2024-08-17,TikTok Ads,Search,Healthcare,Australia,166446,7822,0.047,1.15,8995.3,218,41.26,21100.54,2.35,0.02787010994630529,2.3457294364834973,0.04086952967866985,12.022432219410288,0.05404335339990147,0,2,1,3,0
2024-10-30,TikTok Ads,Shopping,EdTech,Germany,158807,5859,0.0369,0.57,3339.63,73,45.75,7304.51,2.19,0.012459464072367298,2.187221338890835,0.06473672853205521,11.975451204360006,0.021029488624556853,0,2,2,1,2
2024-10-18,Meta Ads,Video,EdTech,Australia,66265,1881,0.0284,2.04,3837.24,76,50.49,2782.02,0.73,0.04040404040404041,0.7250054726834912,0.013921561803155978,11.101432224123721,0.05790749264317513,0,1,3,1,0
2024-02-11,Google Ads,Search,SaaS,UK,137156,5253,0.0383,2.15,11293.95,280,40.34,75085.66,6.65,0.0533028745478774,6.648308164990991,0.017813945202816185,11.828881534071689,0.08234382746653446,1,0,1,4,5
2024-12-28,Google Ads,Shopping,Fintech,India,123292,2527,0.0205,3.55,8970.85,179,50.12,36566.56,4.08,0.07083498219232291,4.076153318804795,0.0057746462606630255,11.72231891544027,0.07276100639133115,0,0,2,2,3
2024-08-07,TikTok Ads,Display,Fintech,UK,68642,3363,0.049,0.37,1244.31,37,33.63,8887.57,7.14,0.011002081474873625,7.142568973969509,0.13243207450790676,11.136674439500458,0.018127531249089477,1,2,0,2,5
2024-02-20,Google Ads,Shopping,SaaS,Canada,147727,7534,0.051,2.33,17554.22,206,85.21,23788.98,1.36,0.027342713034244757,1.355171576976932,0.021888402623003164,11.903128024012409,0.11882878553006561,0,0,2,4,1
2024-03-10,TikTok Ads,Search,E-commerce,Australia,179818,11724,0.0652,1.03,12075.72,880,13.72,242039.99,20.04,0.07505970658478335,20.043524526901916,0.06330090941659279,12.099706068406629,0.06715523473734554,1,2,1,0,0
2024-10-25,Google Ads,Display,Fintech,Australia,158481,6053,0.0382,1.63,9866.39,116,85.06,30091.81,3.05,0.019164050883859245,3.0499311298256,0.02343556844443654,11.973396301181747,0.06225598021213899,0,0,0,2,0
2024-06-10,TikTok Ads,Search,Fintech,India,12784,1055,0.0826,0.38,400.9,67,5.98,12031.35,30.01,0.06350710900473934,30.010850586181096,0.21736784903197626,9.456027887725288,0.03135951188986233,1,2,1,2,3
2024-12-11,Meta Ads,Video,EdTech,Australia,117169,3304,0.0282,1.27,4196.08,83,50.56,20949.79,4.99,0.025121065375302662,4.992705096185011,0.022204706925427618,11.671381150662201,0.035812202886429,1,1,3,1,0
2024-01-17,Meta Ads,Video,EdTech,Germany,190928,5078,0.0266,1.45,7363.1,186,39.59,47430.11,6.44,0.03662859393461993,6.4415952519998365,0.01834481493461039,12.15965691017219,0.03856479929606972,1,1,3,1,2
2024-12-12,Google Ads,Search,E-commerce,India,38512,1840,0.0478,1.34,2465.6,53,46.52,3324.76,1.35,0.028804347826086957,1.3484587929915641,0.03567161517043644,10.558751125618441,0.06402160365600332,0,0,1,0,3
2024-02-11,Meta Ads,Video,SaaS,UAE,92986,2082,0.0224,1.73,3601.86,108,33.35,6838.55,1.9,0.05187319884726225,1.898616270482473,0.012947969394237344,11.44021497741833,0.03873550857118276,0,1,3,4,4
2024-04-29,Meta Ads,Search,Healthcare,UAE,80589,1160,0.0144,0.95,1102.0,75,14.69,21781.43,19.77,0.06465517241379311,19.765362976406532,0.01515787878118023,11.297129851318557,0.013674322798396803,1,1,1,3,4
2024-07-19,Meta Ads,Display,EdTech,India,140475,5043,0.0359,2.04,10287.72,327,31.46,96504.49,9.38,0.06484235574063058,9.380551764628121,0.017598030589200692,11.852791934659457,0.0732352375867592,1,1,0,1,3
2024-09-09,Google Ads,Video,E-commerce,Canada,103348,1891,0.0183,1.54,2912.14,30,97.07,1064.02,0.37,0.015864621893178214,0.3653739174627594,0.01188310916681223,11.54586688920437,0.028178000541858574,0,0,3,0,1
2024-01-17,Meta Ads,Search,EdTech,Australia,100343,3461,0.0345,1.08,3737.88,259,14.43,51755.16,13.85,0.07483386304536262,13.846126681434397,0.031944414866282536,11.51635956170451,0.03725102897063074,1,1,1,1,0
2024-07-21,TikTok Ads,Display,SaaS,UAE,179039,14663,0.0819,1.36,19941.68,1151,17.33,281693.26,14.13,0.0784968969515106,14.125853990235527,0.06022054395548238,12.095364523545753,0.11138176598394764,1,2,0,4,4
2024-04-20,Meta Ads,Display,SaaS,UK,13100,186,0.0142,1.5,279.0,10,27.9,1347.41,4.83,0.053763440860215055,4.829426523297491,0.009466660355559764,9.48044384215367,0.021297709923664122,1,1,0,4,5
2024-02-04,Google Ads,Search,EdTech,UAE,167198,5132,0.0307,2.31,11854.92,120,98.79,19874.34,1.68,0.02338269680436477,1.6764634430261867,0.013290037536780286,12.026939998753608,0.07090347970669506,0,0,1,1,4
2024-09-08,Meta Ads,Video,E-commerce,UK,35755,672,0.0188,2.01,1350.72,39,34.63,1411.24,1.04,0.05803571428571429,1.044805733238569,0.009353229177497922,10.484473366207743,0.03777709411271151,0,1,3,0,5
2024-04-17,Google Ads,Display,E-commerce,Germany,177420,7646,0.0431,2.42,18503.32,478,38.71,110744.54,5.99,0.0625163484174732,5.985117265442093,0.017809909995904958,12.086280718401834,0.10429106075977905,1,0,0,0,2
2024-02-21,Google Ads,Search,SaaS,UAE,195067,9129,0.0468,0.95,8672.55,128,67.75,24006.78,2.77,0.014021250958483953,2.7681339398446823,0.04926310603883575,12.18110349470663,0.04445933961151809,0,0,1,4,4
2024-01-30,Google Ads,Display,EdTech,USA,44435,1453,0.0327,2.68,3894.04,48,81.13,6345.04,1.63,0.03303509979353063,1.6294234265698349,0.012201487984519407,10.701805230701613,0.0876345223359964,0,0,0,1,6
2024-04-04,TikTok Ads,Search,SaaS,UAE,57448,2338,0.0407,0.5,1169.0,143,8.17,25654.56,21.95,0.0611633875106929,21.94573139435415,0.08139983720032559,10.958652876685026,0.020348837209302327,1,2,1,4,4
2024-01-06,Google Ads,Video,E-commerce,UK,139158,3061,0.022,1.27,3887.47,118,32.94,15835.46,4.07,0.03854949362953283,4.07346166015429,0.01732282100565275,11.843372443267079,0.027935655873180126,0,0,3,0,5
2024-02-29,Meta Ads,Display,Healthcare,Germany,148463,4810,0.0324,2.11,10149.1,286,35.49,68709.26,6.77,0.05945945945945946,6.769985515957079,0.015355442959505706,11.908097783592961,0.06836114048618175,1,1,0,3,2
2024-01-27,Meta Ads,Search,E-commerce,Australia,30123,554,0.0184,1.78,986.12,15,65.74,2874.83,2.92,0.02707581227436823,2.9152942846712366,0.010337072844341098,10.313077475221242,0.03273644723301132,0,1,1,0,0
2024-01-05,Meta Ads,Shopping,E-commerce,USA,139257,2631,0.0189,1.61,4235.91,99,42.79,9781.28,2.31,0.037628278221208664,2.3091331024502413,0.011739123143401774,11.844083606767672,0.030417932312199743,0,1,2,0,6
2024-07-06,Google Ads,Search,Healthcare,Germany,103053,2607,0.0253,2.19,5709.33,194,29.43,39533.49,6.92,0.0744150364403529,6.924365906332266,0.011552506140408154,11.543008401673964,0.05540188058571803,1,0,1,3,2
2024-02-29,Google Ads,Display,Fintech,Canada,44140,2101,0.0476,1.05,2206.05,55,40.11,6735.72,3.05,0.02617801047120419,3.053294349629428,0.04533329015877128,10.69514433474214,0.049978477571363845,0,0,0,2,1
2024-07-04,Meta Ads,Display,SaaS,India,88698,1073,0.0121,0.92,987.16,43,22.96,5727.99,5.8,0.04007455731593663,5.802494023258641,0.013152159617217806,11.39300389427696,0.011129450494937878,1,1,0,4,3
2024-01-12,Meta Ads,Display,EdTech,Canada,182011,1911,0.0105,0.55,1051.05,35,30.03,3848.31,3.66,0.018315018315018316,3.661395747110033,0.019090874380228398,12.111827897951311,0.005774650982632918,0,1,0,1,1
2024-01-20,TikTok Ads,Display,Fintech,India,29180,1464,0.0502,0.53,775.92,59,13.15,11729.57,15.12,0.040300546448087435,15.11698370966079,0.0947168024211275,10.28127309153755,0.026590815627141877,1,2,0,2,3
2024-01-13,Meta Ads,Video,E-commerce,UK,138686,2621,0.0189,1.52,3983.92,195,20.43,52398.49,13.15,0.07439908431896222,13.152495532038795,0.01243420234591951,11.839974874440871,0.028726187214282623,1,1,3,0,5
2024-09-22,Google Ads,Search,Fintech,India,181976,7752,0.0426,1.72,13333.44,255,52.29,75491.87,5.66,0.03289473684210526,5.661844955240357,0.024767427460797988,12.11163558444674,0.0732703213610586,1,0,1,2,3
2024-12-10,Google Ads,Shopping,Healthcare,UK,103902,3927,0.0378,1.16,4555.32,215,21.19,37434.38,8.22,0.05474917239623122,8.217727843488493,0.032586178805018275,11.551213050587704,0.04384246694000115,1,0,2,3,5
2024-04-05,TikTok Ads,Display,SaaS,Canada,132081,10051,0.0761,0.71,7136.21,229,31.16,62261.45,8.72,0.0227838026067058,8.724722226503983,0.10718294762965123,11.791178220817342,0.05402904278435203,1,2,0,4,1
2024-05-18,Meta Ads,Video,E-commerce,UK,25077,341,0.0136,0.42,143.22,5,28.64,779.52,5.44,0.01466275659824047,5.442815249266862,0.032380875283630275,10.129746246750484,0.005711209474817562,1,1,3,0,5
2024-04-16,Meta Ads,Video,E-commerce,UAE,113987,3579,0.0314,0.76,2720.04,229,11.88,31787.48,11.69,0.06398435317127689,11.686401670563669,0.04131573511087485,11.643848458678182,0.02386272118750384,1,1,3,0,4
2024-03-20,Meta Ads,Shopping,Fintech,Canada,14705,363,0.0247,0.94,341.22,4,85.31,738.37,2.16,0.011019283746556474,2.1639118457300275,0.02627656779088533,9.596010852756168,0.02320435226113567,0,1,2,2,1
2024-06-02,Google Ads,Search,EdTech,USA,16955,440,0.026,1.82,800.8,30,26.69,3274.44,4.09,0.06818181818181818,4.088961038961039,0.014285706436425034,9.738377032472528,0.0472309053376585,0,0,1,1,6
2024-09-22,Meta Ads,Display,E-commerce,India,127082,2452,0.0193,2.18,5345.36,53,100.86,8408.45,1.57,0.02161500815660685,1.573037176167742,0.008853206948070206,11.75259569528139,0.042062290489605136,0,1,0,0,3
2024-02-13,Meta Ads,Video,E-commerce,India,57299,1186,0.0207,1.35,1601.1,25,64.04,5383.27,3.36,0.021079258010118045,3.362232215351946,0.015333321975317055,10.95605590270283,0.027942896036580043,0,1,3,0,3
2024-06-19,Meta Ads,Shopping,Fintech,Australia,134986,4346,0.0322,1.63,7083.98,149,47.54,28100.44,3.97,0.034284399447768066,3.966758799431958,0.019754589107614046,11.812933756487483,0.052479368230779484,0,1,2,2,0
2024-07-22,Google Ads,Display,E-commerce,Australia,12546,725,0.0578,1.45,1051.25,43,24.45,2269.78,2.16,0.05931034482758621,2.15912485136742,0.03986204147445416,9.4372368721597,0.08379164673999681,0,0,0,0,0
2024-05-27,Google Ads,Search,Fintech,Canada,161554,6252,0.0387,3.05,19068.6,361,52.82,57767.01,3.03,0.057741522712731926,3.0294311066360406,0.012688520429993301,11.992600920943923,0.11803236069673297,0,0,1,2,1
2024-01-25,Meta Ads,Search,Healthcare,India,27499,728,0.0265,1.07,778.96,17,45.82,3860.75,4.96,0.023351648351648352,4.956287871007497,0.02476633199408225,10.221941283654663,0.028326848249027238,1,1,1,3,3
2024-12-20,TikTok Ads,Display,EdTech,India,153936,5895,0.0383,0.89,5246.55,373,14.07,85268.07,16.25,0.06327396098388464,16.252217171283988,0.04303365951274212,11.944298706786162,0.03408267072029934,1,2,0,1,3
2024-04-07,TikTok Ads,Display,E-commerce,Germany,41232,1859,0.0451,1.06,1970.54,126,15.64,22069.99,11.2,0.06777837547068316,11.199970566443717,0.04254712967251918,10.62699418560542,0.04779152114862243,1,2,0,0,2
2024-02-16,Meta Ads,Video,Healthcare,Canada,133088,5243,0.0394,1.68,8808.24,226,38.97,48389.85,5.49,0.04310509250429144,5.493702487670635,0.023452366992638696,11.798773356339849,0.06618357778312094,1,1,3,3,1
2024-04-18,Meta Ads,Search,SaaS,Australia,33082,340,0.0103,1.86,632.4,9,70.27,2116.06,3.35,0.026470588235294117,3.346078431372549,0.005537631431380951,10.406774834263818,0.019116135662898253,0,1,1,4,0
2024-04-16,Meta Ads,Display,Fintech,Germany,179504,5026,0.028,1.11,5578.86,203,27.48,10121.88,1.81,0.0403899721448468,1.8143276583388004,0.025225202499817568,12.097958341675726,0.03107930742490418,0,1,0,2,2
2024-06-11,Meta Ads,Shopping,Healthcare,USA,16344,534,0.0327,0.9,480.6,11,43.69,465.35,0.97,0.020599250936329586,0.9682688306283812,0.036333292963007816,9.70167731915831,0.029405286343612336,0,1,2,3,6
2024-03-05,TikTok Ads,Display,E-commerce,Canada,196312,12642,0.0644,1.28,16181.76,584,27.71,148695.91,9.19,0.046195222274956496,9.189106129370353,0.050312460693390085,12.187465603237326,0.08242878682912914,1,2,0,0,1
2024-10-31,TikTok Ads,Shopping,E-commerce,USA,17626,1113,0.0632,0.54,601.02,50,12.02,2568.51,4.27,0.044923629829290206,4.273584905660377,0.11703682030218462,9.777187096419954,0.03409849086576648,0,2,2,0,6
2024-05-22,Meta Ads,Shopping,SaaS,Germany,46603,955,0.0205,0.69,658.95,23,28.65,2614.49,3.97,0.024083769633507852,3.9676606722816596,0.029710101869417582,10.749441653339831,0.014139647662167673,0,1,2,4,2
2024-01-28,Meta Ads,Search,EdTech,UAE,113878,3678,0.0323,0.92,3383.76,216,15.67,62162.63,18.37,0.05872756933115824,18.37087441189682,0.03510865749058968,11.642891760180255,0.02971390435378212,1,1,1,1,4
2024-05-24,Meta Ads,Display,E-commerce,Canada,196354,2945,0.015,1.11,3268.95,177,18.47,7478.3,2.29,0.060101867572156194,2.2876764710381012,0.013513501339187982,12.187679524413282,0.01664824755288917,0,1,0,0,1
2024-07-25,Meta Ads,Video,EdTech,Australia,62194,2039,0.0328,1.84,3751.76,129,29.08,23854.38,6.36,0.06326630701324179,6.358183892359852,0.01782607726843627,11.038029889644065,0.060323503874971866,1,1,3,1,0
2024-11-17,TikTok Ads,Shopping,Healthcare,Germany,56069,2949,0.0526,0.85,2506.65,150,16.71,29064.28,11.59,0.0508646998982706,11.59486964673967,0.06188228013849396,10.934356189117718,0.04470652232071198,1,2,2,3,2
2024-07-18,Meta Ads,Search,EdTech,UAE,18706,458,0.0245,0.44,201.52,35,5.76,7330.28,36.37,0.07641921397379912,36.37495037713378,0.05568169163251902,9.836653064348905,0.01077301400620122,1,1,1,1,4
2024-03-22,TikTok Ads,Video,SaaS,Canada,49390,3368,0.0682,1.65,5557.2,195,28.5,57395.9,10.33,0.057897862232779096,10.328204851363997,0.04133330828284347,10.807523500343269,0.11251670378619154,1,2,3,4,1
2024-07-19,Google Ads,Shopping,Fintech,India,23773,461,0.0194,1.6,737.6,5,147.52,642.97,0.87,0.010845986984815618,0.8717055314533623,0.012124992421879737,10.07634782554057,0.03102679510368906,0,0,2,2,3
2024-09-03,Meta Ads,Search,E-commerce,Canada,19959,586,0.0294,1.99,1166.14,17,68.6,4432.12,3.8,0.02901023890784983,3.8006757336168895,0.01477386192268245,9.901485549865455,0.05842677488852147,0,1,1,0,1
2024-01-30,Meta Ads,Display,Fintech,UAE,166155,6048,0.0364,1.46,8830.08,260,33.96,28494.38,3.23,0.04298941798941799,3.2269673660940787,0.024931489772952214,12.020682385077755,0.05314363094700731,0,1,0,2,4
2024-02-28,TikTok Ads,Shopping,SaaS,UAE,50819,3206,0.0631,0.95,3045.7,222,13.72,24319.42,7.98,0.06924516531503432,7.984837639951407,0.06642098271475504,10.836045256874154,0.059932308782148405,1,2,2,4,4
2024-08-28,Google Ads,Display,Healthcare,UK,15796,301,0.0191,1.91,574.91,17,33.82,1137.71,1.98,0.05647840531561462,1.9789358334347986,0.009999994764400647,9.667575327569097,0.03639592301848569,0,0,0,3,5
2024-02-24,TikTok Ads,Display,E-commerce,India,133422,8458,0.0634,0.82,6935.56,663,10.46,111531.65,16.08,0.07838732560889099,16.08113115595568,0.07731697888173307,11.801279811395213,0.05198213188229828,1,2,0,0,3
2024-04-28,Meta Ads,Video,EdTech,Germany,181026,2769,0.0153,1.06,2935.14,155,18.94,18246.01,6.22,0.05597688696280245,6.2164019433485285,0.014433948647218257,12.106401470393754,0.01621391402339995,1,1,3,1,2
2024-03-17,Meta Ads,Shopping,E-commerce,Germany,57784,907,0.0157,1.21,1097.47,54,20.32,2856.1,2.6,0.05953693495038589,2.602440157817526,0.01297519588826786,10.964484505409542,0.01899262771701509,0,1,2,0,2
2024-06-22,Meta Ads,Search,E-commerce,India,81023,1944,0.024,1.31,2546.64,146,17.44,32752.99,12.86,0.07510288065843622,12.861256400590584,0.018320596701834578,11.302500686063793,0.03143107512681584,1,1,1,0,3
2024-07-08,Google Ads,Shopping,EdTech,USA,93623,6319,0.0675,1.25,7898.75,83,95.17,20925.73,2.65,0.013134989713562273,2.649245766735243,0.05399995680003457,11.447042039854603,0.08436762334041849,0,0,2,1,6
2024-05-12,TikTok Ads,Search,EdTech,Germany,118483,8826,0.0745,1.69,14915.94,570,26.17,139364.5,9.34,0.06458191706322229,9.343326669321545,0.044082814152180974,11.682533209344108,0.12589097170058153,1,2,1,1,2
2024-04-30,Google Ads,Shopping,Healthcare,UAE,155018,9146,0.059,2.96,27072.16,495,54.69,33297.83,1.23,0.05412202055543407,1.2299657655687615,0.01993242569850483,11.95130296903415,0.1746388161374808,0,0,2,3,4
2024-11-03,Google Ads,Search,EdTech,Canada,13614,744,0.0547,2.97,2209.68,54,40.92,11111.12,5.03,0.07258064516129033,5.028384200427212,0.018417502216329217,9.51892740510786,0.16230938739532833,1,0,1,1,1
2024-12-16,Google Ads,Display,SaaS,Australia,7594,225,0.0297,1.19,267.75,7,38.25,1275.11,4.76,0.03111111111111111,4.762315592903827,0.024957962220199817,8.935245415029874,0.03525809849881485,1,0,0,4,0
2024-08-16,TikTok Ads,Search,E-commerce,Australia,161640,5916,0.0366,0.46,2721.36,445,6.12,30797.18,11.32,0.07521974306964165,11.31683422994385,0.07956504442381647,11.993133105760752,0.01683593170007424,1,2,1,0,0
2024-12-23,Google Ads,Video,E-commerce,UAE,83845,2599,0.031,2.69,6991.31,137,51.03,29891.75,4.28,0.052712581762216236,4.2755577996112315,0.01152415928469915,11.33673706187972,0.08338374381298826,0,0,3,0,4
2024-05-17,Google Ads,Display,Healthcare,Germany,195610,9956,0.0509,2.37,23595.72,401,58.84,116291.87,4.93,0.04027721976697469,4.928515425678894,0.021476784187010888,12.183883272220415,0.12062634834619908,1,0,0,3,2
2024-09-14,Google Ads,Display,Healthcare,UAE,63812,2686,0.0421,2.98,8004.28,84,95.29,6979.61,0.87,0.03127326880119136,0.8719847381650817,0.014127512037747637,11.06371221033176,0.12543534131511314,0,0,0,3,4
2024-08-28,Google Ads,Video,Fintech,UAE,33794,1030,0.0305,1.75,1802.5,25,72.1,1849.39,1.03,0.024271844660194174,1.02601386962552,0.017428561469393446,10.428068141534455,0.05333787062792212,0,0,3,2,4
2024-06-15,Meta Ads,Shopping,Fintech,India,130056,3537,0.0272,0.58,2051.46,207,9.91,27550.99,13.43,0.058524173027989825,13.429942577481404,0.04689647086815368,11.775728094880009,0.01577366672817863,1,1,2,2,3
2024-12-29,Google Ads,Shopping,SaaS,Canada,149438,3287,0.022,3.73,12260.51,153,80.13,8351.95,0.68,0.04654700334651658,0.6812073885996587,0.0058981217431309,11.914643561791458,0.08204412532287637,0,0,2,4,1
2024-01-17,Meta Ads,Shopping,Healthcare,Canada,185750,1653,0.0089,1.3,2148.9,34,63.2,2916.11,1.36,0.0205686630369026,1.3570245241751593,0.006846148579885708,12.132162346145595,0.011568775235531629,0,1,2,3,1
2024-07-29,Meta Ads,Video,SaaS,India,24750,747,0.0302,1.19,888.93,48,18.52,1738.76,1.96,0.0642570281124498,1.9560145343277875,0.025378129934344597,10.11662117122102,0.035916363636363635,0,1,3,4,3
2024-11-16,TikTok Ads,Shopping,Fintech,UK,66262,3790,0.0572,1.07,4055.3,150,27.04,24443.12,6.03,0.0395778364116095,6.027450496880625,0.053457893964585085,11.101386951013678,0.0612009900093568,1,2,2,2,5
2024-05-09,TikTok Ads,Video,E-commerce,UK,126854,7243,0.0571,0.81,5866.83,474,12.38,55705.28,9.49,0.0654424962032307,9.494953833671676,0.07049374013118502,11.750799980884432,0.046248679584404116,1,2,3,0,5
2024-09-19,Meta Ads,Video,EdTech,Canada,32559,553,0.017,0.71,392.63,6,65.44,1500.74,3.82,0.0108499095840868,3.8222754247000994,0.02394362824841092,10.390839820116476,0.012059031297030006,0,1,3,1,1
2024-07-27,Google Ads,Search,SaaS,UAE,85729,1757,0.0205,3.02,5306.14,90,58.96,21584.82,4.07,0.05122367672168469,4.067894929270619,0.006788077222490986,11.358958101672801,0.06189434147138075,0,0,1,4,4
2024-12-08,Meta Ads,Shopping,E-commerce,India,126432,1567,0.0124,1.65,2585.55,110,23.51,31358.68,12.13,0.07019783024888322,12.128436889636633,0.007515146960516994,11.747467802569867,0.020450123386484435,1,1,2,0,3
2024-03-28,Meta Ads,Search,Fintech,UK,196595,2614,0.0133,0.38,993.32,28,35.48,6376.7,6.42,0.010711553175210406,6.419582813192123,0.034999907894979226,12.188906140608264,0.00505262087031715,1,1,1,2,5
2024-09-24,Meta Ads,Search,E-commerce,UK,14028,342,0.0244,1.89,646.38,7,92.34,716.51,1.11,0.02046783625730994,1.1084965500170179,0.0129100460793407,9.548881894718772,0.04607784431137724,0,1,1,0,5
2024-03-21,Google Ads,Display,Healthcare,Canada,77964,2915,0.0374,3.38,9852.7,161,61.2,14283.0,1.45,0.05523156089193825,1.4496533945009997,0.01106508548370252,11.264015287018985,0.12637499358678364,0,0,0,3,1
2024-04-12,Google Ads,Search,Fintech,UK,102677,3131,0.0305,3.67,11490.77,79,145.45,13056.26,1.14,0.025231555413605878,1.1362389117526501,0.00831062443852195,11.539353156805507,0.11191182056351472,0,0,1,2,5
2024-12-29,Google Ads,Search,Fintech,Germany,137737,3925,0.0285,0.9,3532.5,78,45.29,11545.1,3.27,0.019872611464968153,3.26825194621373,0.031666631481520574,11.833108608882918,0.025646703500148835,0,0,1,2,2
2024-05-05,Google Ads,Shopping,EdTech,USA,93534,3544,0.0379,0.95,3366.8,187,18.0,32280.5,9.59,0.052765237020316026,9.587887608411547,0.039894694847689635,11.446090976783005,0.035995466889045695,1,0,2,1,6
2024-06-17,Google Ads,Video,Fintech,Australia,127475,7342,0.0576,2.34,17180.28,574,29.93,74747.49,4.35,0.07818033233451376,4.350772513602806,0.024615374095993976,11.755683390568013,0.13477372033732105,1,0,3,2,0
2024-09-09,Google Ads,Display,SaaS,USA,82700,2679,0.0324,0.86,2303.94,140,16.46,20788.45,9.02,0.052258305337812616,9.02299973089577,0.037674374797238605,11.322986972837104,0.0278590084643289,1,0,0,4,6
2024-05-19,TikTok Ads,Shopping,E-commerce,UK,96432,7155,0.0742,0.35,2504.25,336,7.45,47954.95,19.15,0.0469601677148847,19.14942597584107,0.21199939428744494,11.476603745670717,0.025969076655052263,1,2,2,0,5
2024-12-06,TikTok Ads,Shopping,SaaS,USA,154656,6557,0.0424,0.4,2622.8,345,7.6,49646.11,18.93,0.05261552539271008,18.928667835900562,0.1059997350006625,11.948965040587076,0.016958928201944962,1,2,2,4,6
2024-06-22,Google Ads,Video,Healthcare,UK,115415,3866,0.0335,3.29,12719.14,280,45.43,61322.57,4.82,0.07242628039317124,4.821282728234771,0.010182367725724095,11.656298271625609,0.11020352640471343,1,0,3,3,5
2024-09-14,Google Ads,Search,E-commerce,Canada,157963,5607,0.0355,0.88,4934.16,205,24.07,50937.22,10.32,0.036561441055823075,10.3233822981014,0.04034086324901903,11.970122437946516,0.031236175560099517,1,0,1,0,1
2024-06-06,Meta Ads,Video,Fintech,Canada,133684,2018,0.0151,1.72,3470.96,44,78.89,11449.27,3.3,0.02180376610505451,3.2985888630234865,0.0087790646633345,11.803241565322653,0.025963914903803,0,1,3,2,1
2024-01-05,Google Ads,Shopping,Healthcare,UAE,20091,956,0.0476,3.41,3259.96,36,90.55,9230.05,2.83,0.03765690376569038,2.8313384213303228,0.01395894018799408,9.908077004869936,0.16225971828181773,0,0,2,3,4
2024-12-19,Google Ads,Display,E-commerce,Canada,126946,6728,0.053,2.31,15541.68,132,117.74,34256.99,2.2,0.019619500594530322,2.204201218915844,0.022943713011379645,11.751524955502674,0.12242748885352828,0,0,0,0,1
2024-12-30,TikTok Ads,Search,Healthcare,Germany,8311,476,0.0573,1.61,766.36,18,42.58,1064.02,1.39,0.037815126050420166,1.3884075369278146,0.03559004000618633,9.025455532779063,0.0922103236674287,0,2,1,3,2
2024-04-26,Google Ads,Video,Healthcare,UK,140091,7242,0.0517,2.52,18249.84,347,52.59,24525.17,1.34,0.04791494062413698,1.3438567132643353,0.020515864874656797,11.850054628624763,0.13027132363963423,0,0,3,3,5
2024-05-16,TikTok Ads,Shopping,E-commerce,Canada,140121,4778,0.0341,0.86,4109.08,291,14.12,84859.67,20.65,0.060904143993302635,20.65174442940999,0.039651116684748036,11.850268750689432,0.029325226054624218,1,2,2,0,1
2024-07-31,Meta Ads,Display,Fintech,UK,159301,6738,0.0423,2.18,14688.84,302,48.64,57570.61,3.92,0.0448204214900564,3.919343528828689,0.01940366082400879,11.978557050747137,0.09220808406726888,0,1,0,2,5
2024-01-16,TikTok Ads,Shopping,SaaS,Germany,88940,4384,0.0493,0.32,1402.88,66,21.26,10447.12,7.45,0.015054744525547446,7.446909215328467,0.154062018556192,11.395728507536447,0.01577333033505734,1,2,2,4,2
2024-08-04,Meta Ads,Search,Fintech,Canada,194287,5032,0.0259,0.85,4277.2,338,12.65,32920.35,7.7,0.06717011128775835,7.696705788833817,0.030470552387585427,12.1770968732936,0.022014854313464102,1,1,1,2,1
2024-02-08,TikTok Ads,Search,Healthcare,India,17911,1148,0.0641,1.15,1320.2,52,25.39,3388.21,2.57,0.04529616724738676,2.56643690349947,0.055739081966015694,9.79322615827859,0.07370889397576909,0,2,1,3,3
2024-07-22,Meta Ads,Display,SaaS,UK,9909,170,0.0172,1.86,316.2,10,31.62,1238.47,3.92,0.058823529411764705,3.9167299177735613,0.009247306856286636,9.201299627324033,0.031910384498940354,0,1,0,4,5
2024-01-18,TikTok Ads,Search,E-commerce,India,168616,6508,0.0386,1.02,6638.16,508,13.07,151081.09,22.76,0.07805777504609711,22.759483049519748,0.03784310015382338,12.035385149834587,0.03936850595435783,1,2,1,0,3
2024-09-29,Meta Ads,Shopping,Healthcare,Germany,139346,4096,0.0294,0.62,2539.52,236,10.76,12521.54,4.93,0.0576171875,4.930671938004033,0.047419278356002646,11.844722504153056,0.018224563317210396,1,1,2,3,2
2024-03-15,Meta Ads,Search,Fintech,UK,98740,1589,0.0161,2.09,3321.01,47,70.66,5063.31,1.52,0.02957835116425425,1.5246295554665599,0.007703345596485361,11.500255539369428,0.033633886975896296,0,1,1,2,5
2024-06-02,TikTok Ads,Video,EdTech,India,26471,1890,0.0714,0.94,1776.6,74,24.01,21647.86,12.18,0.039153439153439155,12.184993808398065,0.07595736600280213,10.183842849601447,0.0671149559895735,1,2,3,1,3
2024-07-25,Meta Ads,Display,Healthcare,USA,174048,3846,0.0221,1.74,6692.04,75,89.23,18304.27,2.74,0.01950078003120125,2.7352302138062536,0.01270114212578039,12.067092147747642,0.03844939327082184,0,1,0,3,6
2024-04-01,Meta Ads,Search,Healthcare,Australia,8877,230,0.026,0.76,174.8,9,19.42,1921.06,10.99,0.0391304347826087,10.990045766590388,0.03421048130199828,9.09133158539398,0.019691337163456123,1,1,1,3,0
2024-05-13,Meta Ads,Shopping,EdTech,Germany,32488,919,0.0283,1.93,1773.67,32,55.43,7341.13,4.14,0.03482045701849837,4.138949184459341,0.014663204837717702,10.388656849488333,0.054594619551834526,0,1,2,1,2
2024-11-10,Google Ads,Search,Healthcare,USA,77968,3001,0.0385,2.85,8552.85,193,44.32,31448.71,3.68,0.06431189603465512,3.676986033895134,0.013508767189906248,11.264066590775714,0.10969692694438744,0,0,1,3,6
2024-07-31,TikTok Ads,Video,Fintech,UAE,10156,474,0.0467,0.31,146.94,29,5.07,1480.61,10.08,0.06118143459915612,10.07628964203076,0.15064467533975698,9.2259184019395,0.014468294604174871,1,2,3,2,4
2024-03-23,Meta Ads,Display,Fintech,UK,63676,1757,0.0276,1.16,2038.12,137,14.88,8830.01,4.33,0.07797381900967558,4.332428905069378,0.02379308293699747,11.061578708855764,0.03200766379797726,1,1,0,2,5
2024-06-29,Google Ads,Video,EdTech,UAE,93545,2974,0.0318,1.16,3449.84,58,59.48,4267.11,1.24,0.019502353732347006,1.2369008417781693,0.027413769470888392,11.446208572904606,0.036878935271794325,0,0,3,1,4
2024-02-18,Meta Ads,Display,EdTech,India,8671,156,0.018,1.46,227.76,7,32.54,1461.2,6.42,0.04487179487179487,6.415525114155251,0.012328758678932412,9.067854723679428,0.026266866566716642,1,1,0,1,3
2024-04-06,Meta Ads,Video,Fintech,USA,95930,1554,0.0162,0.72,1118.88,62,18.05,5774.95,5.16,0.039897039897039896,5.161366723866723,0.0224999687500434,11.471384462025355,0.011663504638799126,1,1,3,2,6
2024-07-23,Google Ads,Display,E-commerce,Australia,73683,3757,0.051,3.32,12473.24,131,95.22,33721.52,2.7,0.0348682459409103,2.7035092726508907,0.015361441156192422,11.207540958272109,0.16928246678338288,0,0,0,0,0
2024-07-17,Meta Ads,Shopping,SaaS,India,152932,6591,0.0431,1.25,8238.75,200,41.19,14211.23,1.72,0.030344409042633896,1.7249255044758003,0.03447997241602207,11.937755195967913,0.05387198231893914,0,1,2,4,3
2024-03-01,TikTok Ads,Shopping,SaaS,UAE,125354,6179,0.0493,0.35,2162.65,259,8.35,9238.12,4.27,0.041916167664670656,4.27166670519964,0.14085674040931312,11.738904991103647,0.017252341369242308,0,2,2,4,4
2024-09-06,Google Ads,Shopping,E-commerce,Canada,193613,9157,0.0473,2.79,25548.03,458,55.78,127981.37,5.01,0.05001638091077864,5.00944182389014,0.01695339894143407,12.173621765259666,0.13195410432150734,1,0,2,0,1
2024-11-25,Google Ads,Display,EdTech,Australia,158138,2846,0.018,2.04,5805.84,143,40.6,22164.01,3.82,0.050245959241040056,3.8175371694707394,0.008823525086507309,11.971229672094111,0.036713756339399765,0,0,0,1,0
2024-06-28,Google Ads,Video,Healthcare,UAE,134814,2804,0.0208,1.91,5355.64,195,27.46,46646.16,8.71,0.0695435092724679,8.709726568626719,0.010890046654425835,11.811658747234025,0.03972614120195232,1,0,3,3,4
2024-02-19,Google Ads,Search,E-commerce,Australia,102366,2589,0.0253,1.59,4116.51,148,27.81,35080.15,8.52,0.05716492854383932,8.521818239236636,0.015911939678025358,11.536319674023819,0.04021364515561808,1,0,1,0,0
2024-05-24,Meta Ads,Display,Healthcare,Canada,159044,2385,0.015,1.65,3935.25,184,21.39,35387.51,8.99,0.07714884696016772,8.992442665650213,0.009090903581270557,11.976942460028008,0.024743152838208295,1,1,0,3,1
2024-04-22,TikTok Ads,Shopping,EdTech,USA,35932,1440,0.0401,0.91,1310.4,68,19.27,16668.75,12.72,0.04722222222222222,12.720352564102564,0.044065885641883906,10.48941137230805,0.036468885672937774,1,2,2,1,6
2024-04-01,TikTok Ads,Display,EdTech,Australia,116561,4231,0.0363,1.0,4231.0,172,24.6,42291.58,10.0,0.040652328054833375,9.99564641928622,0.036299963700036304,11.666178599266836,0.036298590437624935,1,2,0,1,0
2024-07-07,Meta Ads,Shopping,Fintech,Australia,8608,100,0.0117,0.58,58.0,3,19.33,661.12,11.4,0.03,11.398620689655173,0.020172379013139632,9.060563446657955,0.006737918215613383,1,1,2,2,0
2024-08-19,Meta Ads,Search,E-commerce,UAE,19284,642,0.0333,1.57,1007.94,21,48.0,5907.29,5.86,0.03271028037383177,5.860755600531777,0.021210177573135307,9.867082870642328,0.052268201617921596,1,1,1,0,4
2024-03-07,Meta Ads,Display,Fintech,India,161764,2652,0.0164,0.99,2625.48,76,34.55,16956.51,6.46,0.02865761689291101,6.458441884912473,0.016565639832687037,11.993899943766703,0.016230310823174502,1,1,0,2,3
2024-12-11,TikTok Ads,Video,Fintech,Germany,116045,6660,0.0574,0.35,2331.0,467,4.99,76092.65,32.64,0.07012012012012012,32.64377949377949,0.16399953142991022,11.661741943206785,0.020087035201861347,1,2,3,2,2
2024-06-06,Meta Ads,Shopping,E-commerce,UK,61395,2038,0.0332,2.36,4809.68,102,47.15,16290.15,3.39,0.050049067713444556,3.3869508990203085,0.014067790649241251,11.025099965433299,0.07833992996172327,0,1,2,0,5
2024-04-02,Google Ads,Shopping,EdTech,UAE,119183,5041,0.0423,3.38,17038.58,121,140.81,25438.17,1.49,0.024003173973417974,1.4929747666765656,0.01251478919680793,11.688423796416057,0.1429614961865367,0,0,2,1,4
2024-10-04,Meta Ads,Search,E-commerce,UAE,26747,1099,0.0411,1.14,1252.86,36,34.8,5626.79,4.49,0.03275705186533212,4.491156234535383,0.03605259995385969,10.19421498317387,0.046841141062549066,1,1,1,0,4
2024-12-16,Meta Ads,Display,EdTech,Germany,157898,3094,0.0196,2.39,7394.66,245,30.18,72430.36,9.79,0.07918552036199095,9.79495473760795,0.00820083338877264,11.96971086710145,0.04683187880783797,1,1,0,1,2
2024-06-27,Meta Ads,Search,Healthcare,USA,49456,801,0.0162,1.86,1489.86,50,29.8,4108.2,2.76,0.062421972534332085,2.757440296403689,0.008709672736735088,10.808858884161006,0.03012495956001294,0,1,1,3,6
2024-02-17,Google Ads,Video,SaaS,Canada,150213,5242,0.0349,3.15,16512.3,332,49.74,64497.69,3.91,0.06333460511255246,3.9060391344634002,0.01107936156210744,11.919816223023071,0.10992590521459528,0,0,3,4,1
2024-01-07,Google Ads,Shopping,EdTech,USA,73305,3635,0.0496,2.48,9014.8,47,191.8,2210.35,0.25,0.012929848693259973,0.24519124107024007,0.01999999193548712,11.202397739913586,0.12297660459723074,0,0,2,1,6
2024-06-22,TikTok Ads,Display,Fintech,UK,187663,10790,0.0575,0.69,7445.1,121,61.53,18190.79,2.44,0.011214087117701575,2.4433237968596795,0.08333321256056152,12.142408408761286,0.03967271118973906,0,2,0,2,5
2024-10-31,TikTok Ads,Display,Healthcare,USA,85066,5903,0.0694,1.3,7673.9,465,16.5,85397.14,11.13,0.07877350499745892,11.128258121685192,0.05338457431955822,11.351194460272282,0.09021113018127101,1,2,0,3,6
2024-02-05,Google Ads,Shopping,EdTech,USA,12045,255,0.0212,2.02,515.1,4,128.78,161.02,0.31,0.01568627450980392,0.312599495243642,0.010495044309384005,9.396487933603666,0.04276463262764633,0,0,2,1,6
2024-05-08,Google Ads,Video,Fintech,UAE,77796,3703,0.0476,2.67,9887.01,182,54.32,43235.35,4.37,0.04914933837429111,4.372944904475671,0.017827708678760795,11.261858149011701,0.1270889248804566,1,0,3,2,4
2024-02-05,TikTok Ads,Shopping,Fintech,UK,90443,3789,0.0419,0.57,2159.73,94,22.98,16003.58,7.41,0.02480865663763526,7.409991063697777,0.07350864296729304,11.41248615363147,0.023879459991375782,1,2,2,2,5
2024-03-17,Meta Ads,Display,E-commerce,Canada,52838,660,0.0125,1.78,1174.8,14,83.91,2258.16,1.92,0.021212121212121213,1.9221654749744637,0.007022467964905638,10.875004833400405,0.022233998258828873,0,1,0,0,1
2024-06-13,Meta Ads,Video,E-commerce,Australia,61284,1574,0.0257,1.52,2392.48,32,74.77,3680.82,1.54,0.020330368487928845,1.5384956196081054,0.016907883613234465,11.023290393775266,0.039039227204490566,0,1,3,0,0
2024-01-02,Meta Ads,Search,Healthcare,India,163624,4368,0.0267,1.28,5591.04,296,18.89,31041.33,5.55,0.06776556776556776,5.5519778073489015,0.020859358703626017,12.005332503212202,0.034170048403657165,1,1,1,3,3
2024-06-08,Meta Ads,Display,Healthcare,UK,194674,3601,0.0185,1.45,5221.45,165,31.65,8945.17,1.71,0.04582060538739239,1.713158222332877,0.01275861189061249,12.179086780445187,0.026821506724061764,0,1,0,3,5
2024-09-17,Meta Ads,Search,Healthcare,India,15485,196,0.0127,1.54,301.84,8,37.73,362.78,1.2,0.04081632653061224,1.2018950437317784,0.008246747891722148,9.647691668946669,0.01949241201162415,0,1,1,3,3
2024-03-17,Google Ads,Search,Fintech,Germany,138154,9518,0.0689,2.22,21129.96,534,39.57,24562.44,1.16,0.05610422357638159,1.1624461191597144,0.031036022055845918,11.836131522240963,0.1529449744488035,0,0,1,2,2
2024-05-29,TikTok Ads,Video,Fintech,USA,76922,2669,0.0347,1.32,3523.08,110,32.03,12940.72,3.67,0.04121393780442113,3.673126923033255,0.026287858872834188,11.250560200502237,0.04580068120953693,0,2,3,2,6
2024-08-12,Google Ads,Shopping,EdTech,Germany,13947,718,0.0515,1.56,1120.08,44,25.46,11863.61,10.59,0.06128133704735376,10.59175237483037,0.033012799350769645,9.543091407795542,0.08030974403097439,1,0,2,1,2
2024-11-08,Google Ads,Display,EdTech,Germany,199164,6671,0.0335,3.19,21280.49,118,180.34,27461.46,1.29,0.017688502473392296,1.290452428492013,0.010501564106092758,12.201888905883843,0.10684907915085057,0,0,0,1,2
2024-09-21,Meta Ads,Shopping,E-commerce,Canada,138018,1683,0.0122,1.03,1733.49,56,30.96,8635.5,4.98,0.033273915626856804,4.981568973573542,0.011844648694515831,11.83514663582158,0.012559883493457375,1,1,2,0,1
2024-03-03,Meta Ads,Shopping,Fintech,UAE,161408,1581,0.0098,1.11,1754.91,51,34.41,6128.54,3.49,0.03225806451612903,3.4922246724903268,0.008828820874936149,11.991696795345122,0.010872509417129262,0,1,2,2,4
2024-10-29,TikTok Ads,Shopping,E-commerce,Germany,130811,8895,0.068,0.32,2846.4,150,18.98,31192.02,10.96,0.016863406408094434,10.958410623946037,0.2124993359395752,11.781516456916359,0.02175963795093685,1,2,2,0,2
2024-06-27,Meta Ads,Display,EdTech,UAE,140460,2753,0.0196,0.51,1404.03,87,16.14,18763.62,13.36,0.03160188884852888,13.364116151364287,0.038431297193534913,11.852685149152284,0.009995941905168731,1,1,0,1,4
2024-03-21,Meta Ads,Shopping,EdTech,Canada,119731,2969,0.0248,0.56,1662.64,47,35.38,11619.48,6.99,0.01583024587403166,6.9885723908964055,0.044285635204222844,11.693011190822606,0.013886462152658877,1,1,2,1,1
2024-10-12,Meta Ads,Search,E-commerce,USA,61437,1087,0.0177,2.23,2424.01,80,30.3,11780.01,4.86,0.07359705611775529,4.859720050659857,0.007937216171651941,11.02578381520839,0.039455214284551655,1,1,1,0,6
2024-08-29,Google Ads,Search,E-commerce,UAE,37827,2072,0.0548,0.81,1678.32,133,12.62,19268.21,11.48,0.06418918918918919,11.48065327231994,0.06765423746390437,10.540804848135403,0.04436830835117773,1,0,1,0,4
2024-06-24,Google Ads,Display,SaaS,Germany,180848,5515,0.0305,3.32,18309.8,362,50.58,84316.14,4.6,0.0656391659111514,4.604973292990639,0.009186744220860174,12.105417707920665,0.1012441387242325,1,0,0,4,2
2024-02-19,Google Ads,Video,Fintech,UAE,30545,1728,0.0566,1.73,2989.44,51,58.62,3408.09,1.14,0.029513888888888888,1.1400429511881824,0.032716744094367575,10.326989023130391,0.09787002782779505,0,0,3,2,4
2024-07-26,TikTok Ads,Shopping,Fintech,UAE,21643,1142,0.0528,1.03,1176.26,81,14.52,18823.45,16.0,0.07092819614711034,16.00279700066312,0.051262086153314415,9.982483558762626,0.054348288130111354,1,2,2,2,4
2024-02-06,Meta Ads,Display,Healthcare,UK,58164,936,0.0161,0.88,823.68,13,63.36,1791.65,2.18,0.013888888888888888,2.1751772533022535,0.018295433755188915,10.971039078250866,0.014161336909428512,0,1,0,3,5
2024-04-09,Meta Ads,Shopping,Fintech,UAE,69102,1354,0.0196,1.61,2179.94,89,24.49,14410.72,6.61,0.06573116691285082,6.610603961576924,0.012173905482046284,11.14335342415343,0.0315466990825157,1,1,2,2,4
2024-08-01,TikTok Ads,Shopping,Fintech,UK,164852,6445,0.0391,1.64,10569.8,471,22.44,43233.91,4.09,0.07307990690457719,4.090324320233117,0.023841448877165324,12.012809446696437,0.06411690486011695,0,2,2,2,5
2024-10-24,Google Ads,Shopping,Fintech,India,149064,5724,0.0384,1.32,7555.68,369,20.48,107029.4,14.17,0.06446540880503145,14.165422569510618,0.02909088705235829,11.912137731412628,0.05068748993720818,1,0,2,2,3
2024-07-06,Meta Ads,Shopping,E-commerce,UK,80888,2070,0.0256,0.74,1531.8,71,21.57,19601.22,12.8,0.03429951690821256,12.796200548374463,0.03459454784520562,11.300833123468033,0.018937296014241913,1,1,2,0,5
2024-12-16,Meta Ads,Display,SaaS,USA,21471,753,0.0351,1.79,1347.87,28,48.14,7559.0,5.61,0.03718459495351926,5.608107606816682,0.01960892759277788,9.974505039771408,0.06277630292021796,1,1,0,4,6
2024-05-05,Meta Ads,Shopping,Healthcare,India,160182,4901,0.0306,1.02,4999.02,88,56.81,22338.67,4.47,0.017955519281779228,4.468609847530115,0.02999997058826413,11.984072190632244,0.03120837547289958,1,1,2,3,3
2024-04-01,TikTok Ads,Display,EdTech,Canada,30226,1196,0.0396,1.46,1746.16,12,145.51,2625.21,1.5,0.010033444816053512,1.5034189306821826,0.02712326909365131,10.316490843682582,0.05777013167471713,0,2,0,1,1
2024-07-12,Google Ads,Search,SaaS,Australia,146677,7597,0.0518,1.42,10787.74,186,58.0,35941.14,3.33,0.024483348690272477,3.3316653905266533,0.036478847550107364,11.895994986968223,0.073547590965182,0,0,1,4,0
2024-06-24,Meta Ads,Shopping,Healthcare,UAE,74859,1661,0.0222,1.35,2242.35,101,22.2,6046.11,2.7,0.060806742925948225,2.6963275135460565,0.016444432263383508,11.22337498145842,0.02995431411052779,0,1,2,3,4
2024-05-02,Google Ads,Display,SaaS,Australia,127232,3867,0.0304,2.95,11407.65,177,64.45,6676.28,0.59,0.045771916214119475,0.5852458657129207,0.01030508125251483,11.753775330203252,0.08966022698692153,0,0,0,4,0
2024-12-21,Google Ads,Video,SaaS,UK,83243,2821,0.0339,3.03,8547.63,181,47.22,43894.09,5.14,0.0641616448068061,5.135235147052458,0.011188115119433954,11.329531333173302,0.1026828682291604,1,0,3,4,5
2024-05-20,Meta Ads,Shopping,EdTech,UAE,85846,2274,0.0265,0.43,977.82,113,8.65,8382.57,8.57,0.04969217238346526,8.572712769221328,0.06162776365636359,11.360321921044104,0.011390396756983437,1,1,2,1,4
2024-02-03,TikTok Ads,Display,Healthcare,USA,150227,8683,0.0578,1.7,14761.1,315,46.86,86296.01,5.85,0.03627778417597605,5.846177452899851,0.03399998000001177,11.919909419047663,0.09825863526529852,1,2,0,3,6
2024-07-30,Google Ads,Display,Healthcare,Canada,50411,1320,0.0262,2.68,3537.6,49,72.2,12873.07,3.64,0.037121212121212124,3.6389275214834917,0.009776115755180687,10.827984520957383,0.07017516018329333,0,0,0,3,1
2024-01-17,Google Ads,Shopping,Fintech,UK,100552,3861,0.0384,1.91,7374.51,57,129.38,14567.86,1.98,0.014763014763014764,1.97543430004163,0.02010470151586308,11.518440230658252,0.07334026175511178,0,0,2,2,5
2024-07-02,Google Ads,Display,Fintech,UAE,32428,603,0.0186,1.61,970.83,47,20.66,11645.06,11.99,0.0779436152570481,11.994952772370032,0.01155278785541127,10.386808363179929,0.02993801652892562,1,0,0,2,4
2024-11-13,Google Ads,Search,Healthcare,USA,84517,1664,0.0197,2.4,3993.6,91,43.89,21828.0,5.47,0.0546875,5.4657451923076925,0.008208329913195868,11.344719808411686,0.04725203213554669,1,0,1,3,6
2024-03-21,Meta Ads,Shopping,EdTech,Germany,160091,4210,0.0263,1.07,4504.7,322,13.99,62914.38,13.97,0.07648456057007126,13.966386218838103,0.024579416280919364,11.983503928966806,0.028138371301322372,1,1,2,1,2
2024-06-23,Google Ads,Search,EdTech,UK,158778,7256,0.0457,1.5,10884.0,431,25.25,17905.23,1.65,0.05939911797133407,1.6450964718853363,0.030466646355569095,11.97526857723685,0.06854853947020369,0,0,1,1,5
2024-04-16,Google Ads,Search,Healthcare,Germany,145284,8121,0.0559,2.66,21601.86,503,42.95,135453.16,6.27,0.06193818495259205,6.270439675102051,0.021015029693597857,11.886452609542452,0.1486871231518956,1,0,1,3,2
2024-02-04,Meta Ads,Shopping,E-commerce,Germany,82665,2521,0.0305,0.64,1613.44,182,8.87,48413.75,30.01,0.07219357397857992,30.006538823879414,0.04765617553722572,11.322563671930363,0.019517812859130224,1,1,2,0,2
2024-07-21,TikTok Ads,Shopping,Fintech,UK,157973,12227,0.0774,0.53,6480.31,540,12.0,99930.16,15.42,0.04416455385621984,15.420583274565567,0.14603746030667863,11.970185741506096,0.04102163027859192,1,2,2,2,5
2024-04-09,TikTok Ads,Display,Fintech,India,48898,3193,0.0653,0.89,2841.77,179,15.88,27594.33,9.71,0.056060131537738804,9.71026156233615,0.07337070407786057,10.797512225356112,0.0581162828745552,1,2,0,2,3
2024-03-08,Google Ads,Search,SaaS,USA,185923,7827,0.0421,3.68,28803.36,215,133.97,61106.18,2.12,0.02746901750351348,2.1214948533782167,0.011440214282550465,12.133093267044195,0.15492090811787676,0,0,1,4,6
2024-08-20,TikTok Ads,Search,Healthcare,Canada,89688,6583,0.0734,0.34,2238.22,273,8.2,36559.47,16.33,0.04147045420021267,16.33417179723173,0.2158817179949471,11.404103409534896,0.024955623940772453,1,2,1,3,1
2024-08-15,TikTok Ads,Search,Fintech,Canada,15273,464,0.0304,0.77,357.28,24,14.89,871.3,2.44,0.05172413793103448,2.438703537841469,0.03948046820718414,9.63390731544833,0.02339291560269757,0,2,1,2,1
2024-03-10,Google Ads,Shopping,SaaS,Australia,71107,2936,0.0413,2.67,7839.12,215,36.46,26952.54,3.44,0.07322888283378746,3.4382099011113496,0.015468159000689513,11.171955127042576,0.11024399848116219,0,0,2,4,0
2024-06-30,Google Ads,Shopping,SaaS,UAE,79681,2916,0.0366,2.34,6823.44,184,37.08,46327.26,6.79,0.06310013717421124,6.789428792515213,0.015641018956829508,11.285798992345077,0.08563446743891266,1,0,2,4,4
2024-03-19,Meta Ads,Video,Healthcare,UK,102148,1205,0.0118,1.31,1578.55,59,26.76,17697.95,11.21,0.04896265560165975,11.21152323334706,0.009007626711735335,11.534187810672643,0.015453557583114695,1,1,3,3,5
2024-06-27,Meta Ads,Search,Fintech,UK,115540,1686,0.0146,1.58,2663.88,87,30.62,20354.07,7.64,0.051601423487544484,7.640760845083111,0.009240500480695898,11.657380724309053,0.023055911372684784,1,1,1,2,5
2024-06-13,Google Ads,Video,E-commerce,UAE,16766,846,0.0505,2.46,2081.16,34,61.21,7254.65,3.49,0.04018912529550828,3.48586845797536,0.020528446939655717,9.727167947937808,0.12412978647262315,0,0,3,0,4
2024-02-07,Google Ads,Display,E-commerce,Germany,96931,5844,0.0603,1.12,6545.28,297,22.04,47765.4,7.3,0.05082135523613963,7.297686271633911,0.05383923764353782,11.481764980720603,0.06752514675387647,1,0,0,0,2
2024-01-10,Meta Ads,Search,SaaS,UK,175574,6935,0.0395,0.69,4785.15,515,9.29,69264.33,14.47,0.07426099495313626,14.474850318171846,0.05724629384595095,12.07582158102722,0.027254320115734674,1,1,1,4,5
2024-12-08,TikTok Ads,Shopping,EdTech,Australia,175330,8766,0.05,0.73,6399.18,302,21.19,35245.68,5.51,0.034451289071412275,5.507843192409028,0.06849305685882623,12.074430894978395,0.03649791821137284,1,2,2,1,0
2024-12-30,Google Ads,Shopping,E-commerce,UAE,45225,2211,0.0489,0.91,2012.01,156,12.9,38495.98,19.13,0.07055630936227951,19.13309575996143,0.05373620468548935,10.719427421682939,0.04448888888888889,1,0,2,0,4
2024-09-04,Meta Ads,Shopping,Fintech,India,79992,1055,0.0132,1.52,1603.6,21,76.36,4912.79,3.06,0.01990521327014218,3.0636006485407834,0.00868420481302315,11.28969440982767,0.020047004700470047,0,1,2,2,3
2024-09-17,Meta Ads,Display,EdTech,Australia,23113,228,0.0099,0.6,136.8,17,8.05,2097.34,15.33,0.07456140350877193,15.331432748538012,0.016499972500045833,10.048193773535386,0.005918747025483495,1,1,0,1,0
2024-07-31,Meta Ads,Search,EdTech,Germany,39754,1164,0.0293,1.35,1571.4,72,21.83,9221.61,5.87,0.061855670103092786,5.868403970981291,0.021703687626898054,10.590490898335585,0.039528097801479097,1,1,1,1,2
2024-08-16,Google Ads,Shopping,SaaS,UAE,89383,5631,0.063,3.67,20665.77,163,126.78,35918.24,1.74,0.028946901083288935,1.7380547639889536,0.017166207856619112,11.400696974227174,0.23120470335522414,0,0,2,4,4
2024-02-08,TikTok Ads,Search,EdTech,USA,128900,10273,0.0797,0.84,8629.32,238,36.26,11417.91,1.32,0.023167526525844445,1.3231529251435803,0.0948808394275721,11.766799946849087,0.06694584949573312,0,2,1,1,6
2024-08-18,Google Ads,Display,EdTech,Canada,179159,6593,0.0368,2.23,14702.39,459,32.03,76527.74,5.21,0.0696192931897467,5.205122432475265,0.016502234752361098,12.096034540321236,0.08206336271133462,1,0,0,1,1
2024-03-30,TikTok Ads,Display,SaaS,India,15739,1205,0.0766,0.46,554.3,60,9.24,6092.69,10.99,0.04979253112033195,10.991683204041133,0.16652137712744103,9.663960521971394,0.035218247665035896,1,2,0,4,3
2024-03-20,Meta Ads,Shopping,Fintech,Australia,25243,580,0.023,1.98,1148.4,13,88.34,3883.09,3.38,0.022413793103448276,3.3813044235458025,0.011616155749416289,10.136343782704131,0.045493800261458626,0,1,2,2,0
2024-06-07,TikTok Ads,Video,Fintech,Canada,196745,13240,0.0673,1.63,21581.2,761,28.36,195233.42,9.05,0.0574773413897281,9.046458028283878,0.04128831822802563,12.189668835704497,0.10969122468169458,1,2,3,2,1
2024-11-22,Meta Ads,Search,E-commerce,Germany,23186,512,0.0221,2.11,1080.32,26,41.55,2663.68,2.47,0.05078125,2.4656398104265405,0.010473928685341857,10.05134705577498,0.04659363408953679,0,1,1,0,2
2024-10-26,Google Ads,Shopping,SaaS,USA,189480,6290,0.0332,3.55,22329.5,204,109.46,44620.04,2.0,0.032432432432432434,1.9982552229113952,0.009352110041659143,12.15204403462562,0.11784621068186615,0,0,2,4,6
2024-11-11,Meta Ads,Video,Fintech,UK,112518,1597,0.0142,1.08,1724.76,105,16.43,25379.08,14.71,0.06574827802128992,14.714557387694521,0.013148135973948174,11.630877375255379,0.015328747400415933,1,1,3,2,5
2024-08-12,Google Ads,Video,E-commerce,USA,116789,6586,0.0564,2.69,17716.34,220,80.53,34309.56,1.94,0.033404190707561496,1.936605416242858,0.020966534956678454,11.66813272927261,0.15169527952118778,0,0,3,0,6
2024-04-26,TikTok Ads,Search,SaaS,Germany,42575,2188,0.0514,1.8,3938.4,63,62.51,13519.27,3.43,0.028793418647166363,3.4326807840747513,0.02855553969136684,10.65904599321747,0.0925049911920141,0,2,1,4,2
2024-07-23,TikTok Ads,Video,Fintech,Canada,51557,2882,0.0559,1.25,3602.5,135,26.69,6028.08,1.67,0.04684247050659265,1.6733046495489243,0.04471996422402862,10.850462666541278,0.06987411990612331,0,2,3,2,1
2024-01-06,Meta Ads,Video,Healthcare,Australia,131681,1725,0.0131,0.79,1362.75,108,12.62,31291.1,22.96,0.06260869565217392,22.96173179233168,0.016582257490813303,11.788145204130913,0.010348873413780272,1,1,3,3,0
2024-05-11,Google Ads,Search,SaaS,Canada,89833,4536,0.0505,3.74,16964.64,166,102.2,42497.44,2.51,0.03659611992945326,2.5050599364324855,0.01350267018645182,11.40571880178582,0.18884641501452695,0,0,1,4,1
2024-12-09,Meta Ads,Shopping,Fintech,USA,116161,4379,0.0377,1.77,7750.83,264,29.36,18090.29,2.33,0.060287736926238865,2.333981005905174,0.021299422994676274,11.662741047541255,0.06672489045376676,0,1,2,2,6
2024-01-09,Google Ads,Search,SaaS,Australia,53544,1670,0.0312,1.41,2354.7,20,117.73,4659.21,1.98,0.011976047904191617,1.9786851828258378,0.022127643881103633,10.888277700834976,0.043976916181084715,0,0,1,4,0
2024-12-13,Meta Ads,Shopping,Fintech,Canada,107126,3631,0.0339,1.08,3921.48,260,15.08,19151.86,4.88,0.07160561828697329,4.883834674663648,0.03138885982512979,11.581770325504099,0.036606239381662714,1,1,2,2,1
2024-10-29,Google Ads,Shopping,EdTech,USA,182395,8517,0.0467,3.45,29383.65,517,56.83,27133.78,0.92,0.06070212516144182,0.9234312279107598,0.013536227960513634,12.113935426557344,0.16109898845911347,0,0,2,1,6
2024-10-15,Meta Ads,Video,SaaS,USA,39253,1122,0.0286,1.25,1402.5,81,17.31,15452.61,11.02,0.07219251336898395,11.01790374331551,0.022879981696014646,10.577808628846025,0.035729753139887396,1,1,3,4,6
2024-02-26,TikTok Ads,Search,E-commerce,Canada,109794,3886,0.0354,1.61,6256.46,73,85.7,9808.76,1.57,0.01878538342768914,1.5677811414122362,0.021987563982879516,11.606370269680092,0.05698362387744321,0,2,1,0,1
2024-11-09,Google Ads,Video,E-commerce,UAE,27612,963,0.0349,3.3,3177.9,75,42.37,12575.02,3.96,0.0778816199376947,3.9570219327228675,0.010575754370983525,10.226041955305488,0.11509126466753586,0,0,3,0,4
2024-10-13,Meta Ads,Search,E-commerce,India,61994,1847,0.0298,0.8,1477.6,147,10.05,5622.21,3.8,0.07958852192744992,3.804960747157553,0.0372499534375582,11.034809015613943,0.023834564635287284,0,1,1,0,3
2024-10-05,Google Ads,Search,E-commerce,UAE,48953,2447,0.05,1.11,2716.17,144,18.86,17526.62,6.45,0.05884756845116469,6.4526962598070075,0.045045004463959946,10.798636360656856,0.05548526137315384,1,0,1,0,4
2024-04-18,Google Ads,Search,E-commerce,Germany,13484,382,0.0284,1.34,511.88,23,22.26,1623.76,3.17,0.060209424083769635,3.1721497225912323,0.021194014034317886,9.50933323557383,0.03796202907149214,0,0,1,0,2
2024-11-16,TikTok Ads,Display,EdTech,UK,13255,709,0.0535,1.32,935.88,37,25.29,11059.11,11.82,0.05218617771509168,11.816803436337993,0.040530272325551266,9.492205559106399,0.07060580912863071,1,2,0,1,5
2024-11-08,Meta Ads,Video,EdTech,Australia,162889,4658,0.0286,1.11,5170.38,332,15.57,57094.6,11.04,0.07127522541863461,11.042631295958904,0.025765742553385085,12.000830405351651,0.03174173823892344,1,1,3,1,0
2024-10-28,TikTok Ads,Shopping,Healthcare,UAE,21972,1915,0.0872,1.05,2010.75,36,55.85,2412.15,1.2,0.018798955613577025,1.199627004848937,0.08304753995472386,9.997569705897266,0.09151419989077007,0,2,2,3,4
2024-08-20,TikTok Ads,Shopping,SaaS,Canada,186136,13885,0.0746,0.95,13190.75,891,14.8,133397.7,10.11,0.06416996759092546,10.112973106153934,0.07852623313028091,12.134238240708566,0.0708661946103924,1,2,2,4,1
2024-04-28,Google Ads,Display,Healthcare,UAE,135171,5231,0.0387,1.78,9311.18,149,62.49,19918.92,2.14,0.028484037468935193,2.1392476571175725,0.021741560819347854,11.814303320550996,0.06888445006695224,0,0,0,3,4
2024-03-27,Meta Ads,Search,Fintech,India,176656,2897,0.0164,1.87,5417.39,86,62.99,23130.95,4.27,0.02968588194684156,4.269759053714058,0.008770048786070168,12.081965278382034,0.030666323249705644,0,1,1,2,3
2024-02-06,Google Ads,Display,Healthcare,USA,51678,2966,0.0574,2.58,7652.28,192,39.86,21240.9,2.78,0.06473364801078894,2.7757609496777436,0.022248053392227365,10.852806788424072,0.1480761639382329,0,0,0,3,6
2024-08-11,Meta Ads,Search,SaaS,Germany,26491,423,0.016,0.95,401.85,28,14.35,3219.77,8.01,0.06619385342789598,8.012367798929949,0.016842087534644702,10.18459807960487,0.015169302782076932,1,1,1,4,2
2024-09-15,Meta Ads,Shopping,Healthcare,UK,174862,3846,0.022,0.45,1730.7,299,5.79,67036.78,38.73,0.07774310972438897,38.73391113422314,0.048888780247155005,12.071758089170118,0.009897519186558543,1,1,2,3,5
2024-10-13,Meta Ads,Video,E-commerce,Germany,77353,1895,0.0245,1.69,3202.55,73,43.87,9316.26,2.91,0.03852242744063324,2.909013130161902,0.014497032841992403,11.256147567657031,0.04140175558801857,0,1,3,0,2
2024-03-17,Meta Ads,Shopping,EdTech,UAE,108726,2968,0.0273,2.32,6885.76,49,140.53,2393.62,0.35,0.01650943396226415,0.34761885398271214,0.01176723630722573,11.596595432329993,0.0633313098982764,0,1,2,1,4
2024-06-28,Google Ads,Search,Fintech,UK,196883,10119,0.0514,1.48,14976.12,636,23.55,121588.49,8.12,0.06285206048028462,8.118824501940422,0.03472970626371199,12.190370001802883,0.07606609001285028,1,0,1,2,5
2024-12-23,Google Ads,Search,EdTech,UAE,180627,8074,0.0447,1.58,12756.92,266,47.96,72041.28,5.65,0.032945256378498884,5.647231463393985,0.02829112133473333,12.104194946707446,0.07062576469741512,1,0,1,1,4
2024-02-25,Google Ads,Video,SaaS,India,85196,2572,0.0302,2.29,5889.88,34,173.23,8900.58,1.51,0.013219284603421462,1.511164913376843,0.0131877671669139,11.35272150092987,0.06913329264284708,0,0,3,4,3
2024-03-18,Google Ads,Video,E-commerce,Australia,74098,1911,0.0258,2.85,5446.35,91,59.85,9234.96,1.7,0.047619047619047616,1.6956236745710427,0.009052628402586525,11.213157315916463,0.07350198385921348,0,0,3,0,0
2024-01-07,TikTok Ads,Search,Healthcare,UK,166711,13670,0.082,1.5,20505.0,592,34.64,43676.76,2.13,0.04330651060716898,2.130054133138259,0.05466663022224652,12.024023051750925,0.12299728272279574,0,2,1,3,5
2024-09-18,Google Ads,Video,Healthcare,UAE,141501,6452,0.0456,2.97,19162.44,193,99.29,47970.13,2.5,0.02991320520768754,2.503341432510682,0.01535353018399657,11.86006913024116,0.1354226471897725,0,0,3,3,4
2024-03-30,Google Ads,Video,Fintech,UAE,81303,4154,0.0511,1.95,8100.3,121,66.94,35667.19,4.4,0.029128550794415023,4.40319370887498,0.026205114766607814,11.305950494817603,0.099631009925833,1,0,3,2,4
2024-01-13,TikTok Ads,Shopping,SaaS,India,83871,6382,0.0761,1.05,6701.1,196,34.19,31406.57,4.69,0.03071137574428079,4.68677829013147,0.07247612145131291,11.337047106123133,0.07989770003934614,1,2,2,4,3
2024-11-05,Meta Ads,Video,Healthcare,Germany,178013,1886,0.0106,1.14,2150.04,83,25.9,22320.49,10.38,0.0440084835630965,10.381430112928133,0.009298237457686442,12.089617477866733,0.012077994303786801,1,1,3,3,2
2024-09-10,Meta Ads,Search,EdTech,India,160341,2228,0.0139,0.86,1916.08,70,27.37,6302.54,3.29,0.03141831238779174,3.289288547451046,0.0161627719037536,11.985064313012975,0.01195003149537548,0,1,1,1,3
2024-06-15,Google Ads,Shopping,E-commerce,USA,138135,7721,0.0559,1.66,12816.86,112,114.44,4652.6,0.36,0.014505893019038985,0.3630062277344061,0.03367467850922982,11.835993986092266,0.09278502913816195,0,0,2,0,6
2024-10-09,Meta Ads,Display,E-commerce,Germany,72500,1341,0.0185,1.55,2078.55,30,69.29,5770.13,2.78,0.02237136465324385,2.776036179067138,0.011935476170660535,11.19135563385109,0.028669655172413797,0,1,0,0,2
2024-01-28,TikTok Ads,Display,Healthcare,India,104626,9144,0.0874,1.1,10058.4,389,25.86,83739.39,8.33,0.04254155730533683,8.325319136244334,0.07945447322320616,11.558156923499153,0.09613671553915852,1,2,0,3,3
2024-11-04,Google Ads,Shopping,Fintech,India,70107,4045,0.0577,2.72,11002.4,203,54.2,22267.98,2.02,0.05018541409147095,2.0239202355849635,0.021213227495136946,11.157792189193067,0.1569372530560429,0,0,2,2,3
2024-02-22,Meta Ads,Search,EdTech,USA,63952,1451,0.0227,2.24,3250.24,86,37.79,25126.44,7.73,0.059269469331495524,7.7306414295559716,0.010133924047355336,11.065903717556399,0.0508231173380035,1,1,1,1,6
2024-04-05,Meta Ads,Shopping,E-commerce,UK,43148,979,0.0227,1.11,1086.69,71,15.31,7719.69,7.1,0.07252298263534218,7.103856665654417,0.020450432026637815,10.672414521272,0.02518517660146473,1,1,2,0,5
2024-03-06,Google Ads,Shopping,SaaS,UAE,193326,12334,0.0638,1.28,15787.52,715,22.08,196162.94,12.43,0.05796983946813686,12.425190276876926,0.04984371105960073,12.172138334697227,0.0816626837569701,1,0,2,4,4
2024-01-22,Meta Ads,Search,Fintech,USA,80507,2318,0.0288,0.71,1645.78,119,13.83,23887.12,14.51,0.05133735979292493,14.514163496943699,0.04056332315024908,11.296111837350889,0.020442694424087346,1,1,1,2,6
2024-01-27,Meta Ads,Search,Fintech,Canada,128556,4910,0.0382,0.88,4320.8,55,78.56,10684.27,2.47,0.01120162932790224,2.472752730975745,0.043409041580634564,11.764127664731527,0.03361025545287657,0,1,1,2,1
2024-08-10,Meta Ads,Search,Healthcare,UK,29055,912,0.0314,1.47,1340.64,41,32.7,6404.23,4.78,0.044956140350877194,4.776994569757727,0.021360529686714497,10.27698028140102,0.04614145585957667,1,1,1,3,5
2024-04-03,Meta Ads,Video,SaaS,UAE,172517,3191,0.0185,1.81,5775.71,96,60.16,13225.69,2.29,0.030084612973989344,2.2898812440375296,0.010220988828182967,12.058256857835783,0.03347907742425384,0,1,3,4,4
2024-01-18,Meta Ads,Video,Fintech,Canada,84712,1473,0.0174,2.27,3343.71,74,45.19,3310.43,0.99,0.05023761031907671,0.9900469837396185,0.007665194861147637,11.34702435174361,0.039471503446973276,0,1,3,2,1
2024-12-02,Google Ads,Video,Fintech,India,115760,2558,0.0221,3.19,8160.02,164,49.76,37092.55,4.55,0.06411258795934324,4.5456444959693725,0.00692789751476567,11.659282999830596,0.07049084312370422,1,0,3,2,3
2024-04-16,Google Ads,Search,Fintech,Germany,187831,7306,0.0389,1.37,10009.22,321,31.18,91963.37,9.19,0.043936490555707634,9.1878657877437,0.02839413985829207,12.143303225277094,0.05328843481640411,1,0,1,2,2
2024-01-18,Meta Ads,Video,Fintech,UK,72278,2421,0.0335,1.29,3123.09,26,120.12,5625.44,1.8,0.0107393638992152,1.8012417189386152,0.02596897211707588,11.188288909524681,0.04320941365284042,0,1,3,2,5
2024-10-21,Google Ads,Search,EdTech,USA,121107,3148,0.026,2.39,7523.72,243,30.96,33241.31,4.42,0.07719186785260483,4.418201368471979,0.010878656536126971,11.704437988465768,0.06212456753119143,1,0,1,1,6
2024-08-19,Google Ads,Shopping,Fintech,India,112930,2427,0.0215,0.95,2305.65,53,43.5,10549.62,4.58,0.021837659662134322,4.575551362956216,0.022631555124678814,11.634532291721458,0.02041662977065439,1,0,2,2,3
2024-12-14,Google Ads,Video,SaaS,Canada,94767,4662,0.0492,2.9,13519.8,136,99.41,33757.52,2.5,0.02917202917202917,2.4968949244811314,0.01696551139120297,11.459187078516747,0.14266358542530627,0,0,3,4,1
2024-10-28,TikTok Ads,Display,E-commerce,India,189933,13295,0.07,1.03,13693.85,284,48.22,45485.98,3.32,0.021361414065438136,3.321635624751257,0.06796109906689413,12.154431922375185,0.07209831888086853,0,2,0,0,3
2024-09-21,Meta Ads,Shopping,Fintech,Canada,17281,793,0.0459,1.18,935.74,46,20.34,12594.97,13.46,0.058007566204287514,13.459903391967854,0.03889827212010838,9.757420776401345,0.05414848677738557,1,1,2,2,1
2024-03-11,Google Ads,Video,Fintech,UK,41388,964,0.0233,3.04,2930.56,72,40.7,19679.4,6.72,0.07468879668049792,6.715235313387203,0.007664471163002907,10.630770424025688,0.07080699719725524,1,0,3,2,5
2024-11-09,Google Ads,Shopping,EdTech,USA,52083,2781,0.0534,2.64,7341.84,160,45.89,39686.47,5.41,0.05753326141675656,5.405520959323549,0.0202272650654299,10.860613078848619,0.1409642301710731,1,0,2,1,6
2024-12-02,Google Ads,Video,E-commerce,UAE,110109,2378,0.0216,3.19,7585.82,41,185.02,6931.99,0.91,0.017241379310344827,0.9138089224368625,0.006771157751988166,11.609235145107636,0.06889373257408568,0,0,3,0,4
2024-07-26,TikTok Ads,Display,Fintech,Canada,73743,1991,0.027,1.77,3524.07,155,22.74,29721.14,8.43,0.077850326469111,8.433754153578107,0.015254228669927306,11.208354914960289,0.04778853586103088,1,2,0,2,1
2024-07-28,Google Ads,Shopping,Healthcare,Australia,79189,4315,0.0545,0.92,3969.8,197,20.15,21995.7,5.54,0.045654692931633836,5.540757720791979,0.05923906604449342,11.279605307204458,0.05013069997095557,1,0,2,3,0
2024-12-13,Meta Ads,Search,Fintech,USA,179943,4174,0.0232,2.2,9182.8,289,31.77,32129.87,3.5,0.06923814087206516,3.498918630483077,0.010545449752068291,12.100400970356135,0.05103171559882851,0,1,1,2,6
2024-03-08,Google Ads,Search,E-commerce,Canada,22414,472,0.0211,2.51,1184.72,34,34.84,7160.99,6.04,0.07203389830508475,6.044457762171652,0.008406371152840179,10.01748565658954,0.05285625055768716,1,0,1,0,1
2024-11-07,Meta Ads,Video,SaaS,Australia,107299,2585,0.0241,1.32,3412.2,110,31.02,23820.26,6.98,0.0425531914893617,6.980909677041205,0.01825756192608945,11.58338392861879,0.03180085555317384,1,1,3,4,0
2024-04-03,TikTok Ads,Shopping,SaaS,Australia,68815,3172,0.0461,0.79,2505.88,76,32.97,2602.57,1.04,0.02395964691046658,1.038585247497885,0.05835435651347277,11.139191555023517,0.03641473515948558,0,2,2,4,0
2024-10-24,Google Ads,Display,EdTech,Germany,164457,8321,0.0506,1.76,14644.96,610,24.01,27104.12,1.85,0.0733084965749309,1.850747287804132,0.02874998366478201,12.010410497439144,0.08905039007156886,0,0,0,1,2
2024-11-17,Google Ads,Display,E-commerce,India,105477,6391,0.0606,1.84,11759.44,116,101.37,17001.07,1.45,0.01815052417462056,1.4457380623567109,0.03293476470936701,11.566257679347,0.11148819173848327,0,0,0,0,3
2024-12-05,Google Ads,Video,Fintech,UK,160816,9745,0.0606,1.22,11888.9,553,21.5,62922.41,5.29,0.056747049769112365,5.292534212584848,0.049672090432712764,11.988022351531924,0.07392858919510496,1,0,3,2,5
2024-09-02,Google Ads,Display,Healthcare,UK,23904,609,0.0255,1.66,1010.94,35,28.88,7211.31,7.13,0.05747126436781609,7.133272004273251,0.015361436529255104,10.081842921060204,0.04229166666666667,1,0,0,3,5
2024-12-30,Meta Ads,Display,SaaS,USA,60448,1493,0.0247,2.29,3418.97,89,38.42,24577.78,7.19,0.05961152042866711,7.188650383010088,0.01078602149082031,11.00955531330892,0.05656051482265749,1,1,0,4,6
2024-08-24,TikTok Ads,Video,Fintech,UAE,138332,9558,0.0691,0.35,3345.3,195,17.16,26087.06,7.8,0.020401757689893284,7.798122739365677,0.19742800734855045,11.837419100903269,0.024183124656623197,1,2,3,2,4
2024-03-12,Google Ads,Video,SaaS,India,112399,3585,0.0319,3.11,11149.35,91,122.52,20140.14,1.81,0.025383542538354256,1.8063958885495566,0.010257231428542948,11.629819216441728,0.09919438785042572,0,0,3,4,3
2024-02-16,Google Ads,Video,E-commerce,Germany,180069,5780,0.0321,1.47,8496.6,272,31.24,74348.97,8.75,0.047058823529411764,8.750437822187699,0.021836719838966095,12.101100943163551,0.04718524565583193,1,0,3,0,2
2024-09-27,Meta Ads,Shopping,Fintech,USA,155354,3371,0.0217,1.27,4281.17,100,42.81,7916.95,1.85,0.029664787896766538,1.8492491538528018,0.017086600719212034,11.953468099691088,0.02755751380717587,0,1,2,2,6
2024-05-15,Meta Ads,Shopping,Fintech,UAE,163564,1946,0.0119,0.66,1284.36,72,17.84,6787.22,5.28,0.03699897225077081,5.2845152449469,0.018030275711703465,12.004965743832804,0.007852339145533247,1,1,2,2,4
2024-01-11,TikTok Ads,Display,Fintech,UK,146587,5995,0.0409,1.52,9112.4,161,56.6,27684.26,3.04,0.026855713094245205,3.038086563364207,0.026907877034291424,11.89538120969554,0.06216376622756452,0,2,0,2,5
2024-03-29,Google Ads,Display,Healthcare,USA,79843,2427,0.0304,1.43,3470.61,127,27.33,27833.99,8.02,0.0523279769262464,8.019912925969786,0.02125872639249903,11.287830009930774,0.04346793081422291,1,0,0,3,6
2024-10-11,Meta Ads,Video,SaaS,Canada,128245,2949,0.023,1.59,4688.91,85,55.16,8616.72,1.84,0.02882332994235334,1.837680825607657,0.014465399707295781,11.761705573462805,0.0365621271784475,0,1,3,4,1
2024-09-26,Google Ads,Shopping,Fintech,Australia,161252,8046,0.0499,3.05,24540.3,550,44.62,130994.6,5.34,0.06835694755157842,5.337938004017881,0.016360650373557255,11.990729839136117,0.152186019398209,1,0,2,2,0
2024-01-24,TikTok Ads,Shopping,SaaS,Germany,107262,5127,0.0478,1.24,6357.48,343,18.53,93405.13,14.69,0.06690072166959235,14.692162617892626,0.03854835600939032,11.583039041565879,0.0592705711249091,1,2,2,4,2
2024-05-24,Meta Ads,Video,SaaS,Germany,22139,458,0.0207,0.43,196.94,8,24.62,2367.39,12.02,0.017467248908296942,12.020869300294505,0.04813942293157458,10.005141206262628,0.008895614074709788,1,1,3,4,2
2024-04-17,Meta Ads,Shopping,SaaS,India,30618,719,0.0235,1.27,913.13,40,22.83,6289.61,6.89,0.055632823365785816,6.887967759245671,0.018503922437856347,10.32937601028517,0.029823306551701612,1,1,2,4,3
2024-12-12,Google Ads,Search,Healthcare,Canada,78606,3914,0.0498,1.23,4814.22,88,54.71,6101.96,1.27,0.022483392948390392,1.2674867372076888,0.04048777196116101,11.272216032975996,0.061244943134111905,0,0,1,3,1
2024-02-22,Google Ads,Display,SaaS,Germany,31885,1613,0.0506,1.01,1629.13,67,24.32,19023.45,11.68,0.041537507749535026,11.677060762492864,0.05009896029805912,10.36992232096731,0.051093931315665676,1,0,0,4,2
2024-08-18,TikTok Ads,Shopping,EdTech,Canada,11713,334,0.0286,1.46,487.64,13,37.51,2344.33,4.81,0.038922155688622756,4.807501435485194,0.019589027678748167,9.368539986649727,0.041632374284982496,1,2,2,1,1
2024-04-04,Meta Ads,Shopping,E-commerce,UK,26637,479,0.018,0.83,397.57,35,11.36,1488.52,3.74,0.07306889352818371,3.744045073823478,0.021686720859372458,10.190094046760976,0.014925479596050607,0,1,2,0,5
2024-07-30,Google Ads,Display,EdTech,India,44387,1886,0.0425,2.81,5299.66,112,47.32,16115.2,3.04,0.05938494167550371,3.0407988436994073,0.015124549777740293,10.700724441620455,0.11939667019622863,0,0,0,1,3
2024-01-03,Meta Ads,Search,E-commerce,UK,91392,2705,0.0296,2.04,5518.2,87,63.43,12147.08,2.2,0.03216266173752311,2.2012757783335144,0.014509796808923132,11.42292416807609,0.060379464285714286,0,1,1,0,5
2024-09-24,TikTok Ads,Search,EdTech,UK,31727,2233,0.0704,0.46,1027.18,74,13.88,9946.57,9.68,0.033139274518584866,9.683375844545258,0.15304314555837922,10.364954850759577,0.03237557915970624,1,2,1,1,5
2024-08-23,Meta Ads,Shopping,SaaS,Germany,154676,1624,0.0105,1.69,2744.56,26,105.56,1813.36,0.66,0.01600985221674877,0.6607106421430029,0.006213014075139601,11.949094350653398,0.01774392924564897,0,1,2,4,2
2024-08-14,Meta Ads,Shopping,E-commerce,UK,122710,5129,0.0418,1.02,5231.58,157,33.32,24344.87,4.65,0.030610255410411385,4.653445039548282,0.040980351980047076,11.717587276232473,0.04263368918588542,1,1,2,0,5
2024-12-22,TikTok Ads,Search,EdTech,Canada,194117,16422,0.0846,1.33,21841.26,1133,19.28,121361.12,5.56,0.06899281451711119,5.55650727110066,0.06360897473009418,12.176221500560658,0.11251595687137138,1,2,1,1,1
2024-02-03,TikTok Ads,Shopping,Healthcare,Australia,23043,1534,0.0666,1.36,2086.24,119,17.53,6284.67,3.01,0.07757496740547588,3.012438645601657,0.04897055222753513,10.045160710852274,0.09053682246235298,0,2,2,3,0
2024-02-23,Google Ads,Search,Fintech,USA,21198,703,0.0332,1.96,1377.88,28,49.21,6226.83,4.52,0.03982930298719772,4.519138096205765,0.016938766867976088,9.961709289736252,0.06500047174261724,1,0,1,2,6
2024-06-20,Meta Ads,Display,Healthcare,India,132208,3133,0.0237,1.57,4918.81,183,26.88,53669.78,10.91,0.05841046919885094,10.911130944273106,0.015095531786285485,11.79213928275116,0.03720508592520876,1,1,0,3,3
2024-02-16,Meta Ads,Shopping,Fintech,India,19040,784,0.0412,1.93,1513.12,39,38.8,5591.9,3.7,0.04974489795918367,3.695609072644602,0.021347139198373475,9.85434982797458,0.07947058823529411,0,1,2,2,3
2024-03-15,Google Ads,Display,Healthcare,India,157270,5535,0.0352,1.0,5535.0,356,15.55,86412.59,15.61,0.06431797651309847,15.612030713640468,0.035199964800035205,11.965725710956322,0.03519425192344376,1,0,0,3,3
2024-01-07,Google Ads,Video,E-commerce,UK,33433,1698,0.0508,2.93,4975.14,60,82.92,4216.81,0.85,0.0353356890459364,0.8475761486108934,0.017337878041679848,10.417328625262575,0.14880926031166813,0,0,3,0,5
2024-03-27,Meta Ads,Video,Fintech,Germany,94786,2682,0.0283,1.5,4023.0,155,25.95,6510.51,1.62,0.05779269202087994,1.6183221476510068,0.018866654088897275,11.459387548038137,0.04244297681092144,0,1,3,2,2
2024-04-25,Meta Ads,Display,E-commerce,Australia,144895,2158,0.0149,1.92,4143.36,151,27.44,25541.81,6.16,0.06997219647822057,6.16451623802904,0.007760412624785092,11.883771522682746,0.028595603713033574,1,1,0,0,0
2024-12-10,Meta Ads,Display,Fintech,Germany,57996,1705,0.0294,2.04,3478.2,127,27.39,26935.06,7.74,0.07448680351906159,7.743965269392215,0.014411757641295273,10.968146564052885,0.05997310159321332,1,1,0,2,2
2024-09-02,Google Ads,Shopping,Healthcare,Canada,154631,4793,0.031,3.14,15050.02,155,97.1,15403.3,1.02,0.0323388274567077,1.0234737229585076,0.009872608320825375,11.948803379486588,0.09732860810574853,0,0,2,3,1
2024-02-28,Meta Ads,Video,SaaS,Germany,56209,1405,0.025,2.39,3357.95,94,35.72,20195.05,6.01,0.06690391459074733,6.014100865111154,0.010460246669352857,10.93684995599612,0.05974043302673949,1,1,3,4,2
2024-07-06,TikTok Ads,Video,SaaS,Canada,187411,15667,0.0836,0.43,6736.81,996,6.76,51799.95,7.69,0.0635731154656284,7.689091721452734,0.19441815251592437,12.141064680887908,0.03594671604121423,1,2,3,4,1
2024-09-10,Google Ads,Video,Fintech,India,46583,2319,0.0498,2.76,6400.44,50,128.01,11413.39,1.78,0.0215610176800345,1.7832195911531084,0.01804347172337981,10.749012413516956,0.13739862181482515,0,0,3,2,3
2024-03-09,Meta Ads,Display,E-commerce,Canada,17438,371,0.0213,1.63,604.73,19,31.83,902.7,1.49,0.05121293800539083,1.4927322937509302,0.01306747664571985,9.766464356369461,0.03467886225484574,0,1,0,0,1
2024-03-11,Google Ads,Video,SaaS,UAE,122784,6237,0.0508,2.69,16777.53,134,125.21,15407.61,0.92,0.02148468815135482,0.9183479332178218,0.018884751343958606,11.718190137397146,0.13664264073494917,0,0,3,4,4
2024-09-08,Meta Ads,Shopping,EdTech,Germany,151730,2063,0.0136,0.74,1526.62,32,47.71,6146.93,4.03,0.015511391177896268,4.026496443122716,0.018378353542765482,11.929864495152021,0.010061424899492518,0,1,2,1,2
2024-08-20,Google Ads,Search,Fintech,India,83498,3531,0.0423,1.03,3636.93,234,15.54,36561.1,10.05,0.06627017841971113,10.052736786245543,0.041067921293280296,11.33258993471933,0.04355709118781288,1,0,1,2,3
2024-10-21,TikTok Ads,Shopping,Fintech,UK,194060,11721,0.0604,1.73,20277.33,504,40.23,76238.77,3.76,0.042999744049142564,3.759803189078641,0.03491327461660427,12.175927821611463,0.10449000309182728,0,2,2,2,5
2024-03-17,Google Ads,Shopping,E-commerce,Germany,30118,951,0.0316,3.28,3119.28,30,103.98,2408.76,0.77,0.031545741324921134,0.7722166653843194,0.009634143404224573,10.312911480831472,0.10356863005511655,0,0,2,0,2
2024-03-05,Meta Ads,Search,Healthcare,USA,88904,1724,0.0194,1.0,1724.0,59,29.22,8894.16,5.16,0.034222737819025524,5.159025522041763,0.019399980600019403,11.395323662890048,0.01939170341042023,1,1,1,3,6
2024-12-18,Google Ads,Display,Healthcare,Australia,119911,4592,0.0383,2.83,12995.36,163,79.73,24856.01,1.91,0.03549651567944251,1.9126834500929562,0.013533564122415504,11.694513419410432,0.10837504482491181,0,0,0,3,0
2024-05-22,Meta Ads,Search,EdTech,UK,184702,5134,0.0278,2.01,10319.34,70,147.42,16883.49,1.64,0.013634592910011687,1.6361017274360572,0.013830838890129905,12.126504408610918,0.05587021255860792,0,1,1,1,5
2024-04-11,Meta Ads,Video,Fintech,USA,5209,198,0.0381,0.7,138.6,3,46.2,490.6,3.54,0.015151515151515152,3.53968253968254,0.05442849367358047,8.558335134747413,0.0266077942023421,0,1,3,2,6
2024-06-19,Meta Ads,Display,E-commerce,India,88717,816,0.0092,1.87,1525.92,46,33.17,4879.02,3.2,0.056372549019607844,3.197428436615288,0.004919783465356435,11.393218078938776,0.01719986022971922,0,1,0,0,3
2024-08-06,Google Ads,Shopping,E-commerce,India,146788,6003,0.0409,2.42,14527.26,476,30.52,104420.05,7.19,0.07929368649008829,7.187869563840669,0.016900819462471295,11.89675146047491,0.09896762678148077,1,0,2,0,3
2024-01-30,Google Ads,Video,SaaS,Australia,89052,2591,0.0291,3.66,9483.06,190,49.91,12653.72,1.33,0.07333076032419915,1.3343498828437235,0.007950817499776639,11.396986977089147,0.10648901765260746,0,0,3,4,0
2024-10-29,Google Ads,Shopping,E-commerce,Germany,46971,2437,0.0519,2.04,4971.48,141,35.26,14817.7,2.98,0.05785802215839146,2.9805410058976407,0.02544116399942941,10.757306958484971,0.1058414766558089,0,0,2,0,2
2024-09-26,Meta Ads,Shopping,E-commerce,UK,185419,7750,0.0418,1.38,10695.0,400,26.74,13470.33,1.26,0.05161290322580645,1.2594978962131838,0.030289833123309334,12.130378801160973,0.05768017301355309,0,1,2,0,5
2024-06-27,Google Ads,Display,EdTech,UAE,36391,1684,0.0463,3.59,6045.56,18,335.86,4868.51,0.81,0.010688836104513063,0.8053033962114345,0.01289693234068737,10.50210424924984,0.16612788876370532,0,0,0,1,4
2024-04-03,Google Ads,Display,EdTech,India,169575,3730,0.022,2.71,10108.3,284,35.59,8952.89,0.89,0.07613941018766757,0.885696902545433,0.008118078185211002,12.041056482892573,0.05960961226595901,0,0,0,1,3
2024-07-24,Google Ads,Video,E-commerce,UK,146656,5719,0.039,1.75,10008.25,357,28.03,62250.35,6.22,0.06242350061199511,6.219903579546874,0.022285701551027687,11.895851805963325,0.0682430313113681,1,0,3,0,5
2024-05-25,Google Ads,Display,Fintech,Germany,116972,6269,0.0536,2.83,17741.27,83,213.75,8852.61,0.5,0.013239751156484288,0.4989840073455846,0.01893992263606974,11.669698417917807,0.1516710836781452,0,0,0,2,2
2024-11-17,Meta Ads,Search,SaaS,Canada,45664,516,0.0113,1.67,861.72,34,25.34,7132.56,8.28,0.06589147286821706,8.277120178248156,0.006766463014094004,10.72908741912578,0.018870882971268394,1,1,1,4,1
2024-12-15,Meta Ads,Shopping,SaaS,UK,125759,2804,0.0223,1.75,4907.0,164,29.92,46752.65,9.53,0.05848787446504993,9.52774607703281,0.012742849861228651,11.742130607663034,0.039019076169498804,1,1,2,4,5
2024-03-24,Google Ads,Shopping,EdTech,UAE,26529,1106,0.0417,1.78,1968.68,78,25.24,2995.39,1.52,0.0705244122965642,1.5215220350691834,0.02342695313092521,10.186031447131786,0.07420860190734668,0,0,2,1,4
2024-12-13,TikTok Ads,Shopping,EdTech,India,114863,5766,0.0502,1.63,9398.58,89,105.6,22499.92,2.39,0.015435310440513354,2.393970152937997,0.03079752711808153,11.651504098816265,0.08182426020563628,0,2,2,1,3
2024-10-24,Meta Ads,Display,Healthcare,USA,171353,5534,0.0323,1.86,10293.24,221,46.58,52725.19,5.12,0.0399349475966751,5.12231231371269,0.017365582061515023,12.051486871062968,0.060070381026302425,1,1,0,3,6
2024-12-22,Meta Ads,Shopping,EdTech,UK,49522,1554,0.0314,1.71,2657.34,23,115.54,1909.73,0.72,0.014800514800514801,0.7186622712938502,0.01836256236107464,10.810192487106686,0.053659787569161184,0,1,2,1,5
2024-05-03,Google Ads,Search,Healthcare,India,136135,7936,0.0583,1.36,10792.96,406,26.58,40442.85,3.75,0.05115927419354839,3.7471509206000952,0.042867615538517985,11.821409665051272,0.07928130164909832,0,0,1,3,3
2024-05-11,Meta Ads,Video,Healthcare,UK,172108,6109,0.0355,2.28,13928.52,435,32.02,13163.33,0.95,0.0712064167621542,0.9450630792072667,0.01557016860957517,12.055883276009508,0.08092895158853743,0,1,3,3,5
2024-10-24,TikTok Ads,Video,EdTech,India,193151,12168,0.063,1.13,13749.84,612,22.47,109401.0,7.96,0.05029585798816568,7.956528948700494,0.05575216305118315,12.171232722687465,0.07118699877298072,1,2,3,1,3
2024-06-21,TikTok Ads,Display,EdTech,Canada,102519,4285,0.0418,1.2,5142.0,137,37.53,26733.75,5.2,0.031971995332555424,5.199095682613769,0.034833304305579744,11.537813180478008,0.050156556345653004,1,2,0,1,1
2024-09-06,Google Ads,Shopping,Healthcare,Germany,36092,1050,0.0291,3.68,3864.0,34,113.65,1685.69,0.44,0.03238095238095238,0.4362551759834369,0.007907606546846047,10.493854219701634,0.10705973622963538,0,0,2,3,2
2024-09-01,TikTok Ads,Video,EdTech,Australia,6628,261,0.0395,1.28,334.08,11,30.37,2224.48,6.66,0.0421455938697318,6.65852490421456,0.030859350891132117,8.79920924224139,0.0504043452021726,1,2,3,1,0
2024-03-23,Meta Ads,Video,SaaS,UK,28593,694,0.0243,1.58,1096.52,7,156.65,2098.0,1.91,0.010086455331412104,1.9133257943311568,0.015379737101432214,10.26095218458911,0.03834924631902913,0,1,3,4,5
2024-06-03,Meta Ads,Search,EdTech,Germany,186845,4204,0.0225,1.81,7609.24,275,27.67,24004.25,3.15,0.06541389153187441,3.154618595286783,0.012430932358600906,12.138040027138326,0.040724878910326744,0,1,1,1,2
2024-08-14,Meta Ads,Search,Fintech,USA,25930,609,0.0235,0.55,334.95,7,47.85,509.29,1.52,0.011494252873563218,1.5204955963576654,0.04272719504146356,10.163194443157385,0.012917470111839567,0,1,1,2,6
2024-10-26,Google Ads,Display,Fintech,UAE,114914,3803,0.0331,2.69,10230.07,224,45.67,67007.76,6.55,0.0589008677359979,6.550078347459988,0.012304828139469091,11.651948003619031,0.08902370468350244,1,0,0,2,4
2024-09-27,Google Ads,Display,EdTech,Australia,34652,866,0.025,1.57,1359.62,43,31.62,2728.57,2.01,0.049653579676674366,2.0068622115002723,0.015923556736588067,10.45313958095679,0.03923640771095463,0,0,0,1,0
2024-02-21,Google Ads,Display,EdTech,India,136585,5668,0.0415,2.89,16380.52,120,136.5,20065.19,1.22,0.02117148906139732,1.2249421874275053,0.01435985662288698,11.824709731847435,0.11992912838159388,0,0,0,1,3
2024-11-23,Google Ads,Display,Healthcare,Canada,192822,6228,0.0323,3.35,20863.8,87,239.81,18207.05,0.87,0.013969171483622351,0.8726622187712689,0.009641788166630399,12.169527948649355,0.10820238354544605,0,0,0,3,1
2024-12-30,Google Ads,Search,Healthcare,UK,63738,1306,0.0205,0.93,1214.58,87,13.96,16951.52,13.96,0.0666156202143951,13.956692848556704,0.022042987050551556,11.06255189911277,0.01905582227242775,1,0,1,3,5
2024-02-28,Google Ads,Search,Fintech,India,28267,1769,0.0626,2.59,4581.71,33,138.84,1968.12,0.43,0.018654607122668174,0.4295601423922509,0.024169874837886164,10.249485701810745,0.16208688576785651,0,0,1,2,3
2024-04-04,Meta Ads,Display,Fintech,Australia,42606,1495,0.0351,0.77,1151.15,96,11.99,14890.27,12.94,0.06421404682274247,12.935125743821395,0.045584356383952744,10.659773838007359,0.027018495047645873,1,1,0,2,0
2024-01-22,TikTok Ads,Display,Healthcare,Canada,120409,8356,0.0694,0.96,8021.76,663,12.1,50787.7,6.33,0.07934418382000957,6.331241523057284,0.07229159136292566,11.698657864886265,0.06662093365113904,1,2,0,3,1
2024-05-04,TikTok Ads,Display,EdTech,Germany,120210,6455,0.0537,1.78,11489.9,289,39.76,23286.47,2.03,0.0447714949651433,2.0266903976535917,0.030168522377234618,11.697003811039176,0.09558189834456368,0,2,0,1,2
2024-08-07,Meta Ads,Search,Healthcare,UAE,96360,3247,0.0337,0.43,1396.21,211,6.62,50567.51,36.22,0.06498306128734216,36.21769647832346,0.07837191076299824,11.475856834425063,0.014489518472395185,1,1,1,3,4
2024-04-22,TikTok Ads,Shopping,EdTech,Canada,186006,9002,0.0484,1.52,13683.04,266,51.44,31194.26,2.28,0.029548989113530325,2.2797755469544776,0.03184208431441821,12.133539586395784,0.07356235820349882,0,2,2,1,1
2024-10-14,Google Ads,Shopping,E-commerce,Germany,34036,2086,0.0613,3.45,7196.7,110,65.42,21503.08,2.99,0.052732502396931925,2.9879083468812095,0.017768110791851942,10.43520344719362,0.21144376542484428,0,0,2,0,2
2024-02-10,TikTok Ads,Shopping,SaaS,USA,116709,6640,0.0569,1.97,13080.8,304,43.03,83458.18,6.38,0.04578313253012048,6.380204574643752,0.02888323406942433,11.667447504406399,0.1120804736567017,1,2,2,4,6
2024-06-05,Meta Ads,Shopping,EdTech,UK,98276,2368,0.0241,1.41,3338.88,115,29.03,21637.86,6.48,0.048564189189189186,6.480574324324325,0.01709218645944223,11.495545301138693,0.03397452073751476,1,1,2,1,5
2024-09-19,Google Ads,Shopping,EdTech,UK,162353,3977,0.0245,1.45,5766.65,57,101.17,15175.48,2.63,0.014332411365350767,2.631593732929864,0.016896540071351676,11.99753441535498,0.03551920814521444,0,0,2,1,5
2024-12-05,Meta Ads,Search,SaaS,UK,129790,5697,0.0439,0.52,2962.44,223,13.28,58627.34,19.79,0.039143408811655254,19.79022022386951,0.08442291457131813,11.773680743405956,0.022824870945373294,1,1,1,4,5
2024-12-18,Google Ads,Video,Healthcare,India,184982,4772,0.0258,3.08,14697.76,141,104.24,26098.46,1.78,0.029547359597652974,1.7756760213801286,0.008376620656941345,12.128019207946252,0.07945508211609778,0,0,3,3,3
2024-08-16,Google Ads,Search,Fintech,UK,166673,4733,0.0284,0.84,3975.72,336,11.83,98987.51,24.9,0.07099091485315867,24.898008411055105,0.033809483560138624,12.023795087768248,0.023853413570284327,1,0,1,2,5
2024-06-05,Google Ads,Video,EdTech,UAE,109148,3951,0.0362,1.79,7072.29,249,28.4,56329.34,7.96,0.0630220197418375,7.9647949956803235,0.020223452389132746,11.600469200232045,0.06479541539927437,1,0,3,1,4
2024-12-26,Google Ads,Video,EdTech,USA,173700,7208,0.0415,2.29,16506.32,178,92.73,32171.36,1.95,0.024694783573806882,1.9490328552942147,0.018122262828706187,12.065090709265014,0.09502774899251583,0,0,3,1,6
2024-04-27,Meta Ads,Video,EdTech,UAE,173001,3477,0.0201,0.95,3303.15,51,64.77,11186.61,3.39,0.014667817083692839,3.3866491076699514,0.021157872465397406,12.061058434106734,0.019093242235594013,0,1,3,1,4
2024-01-29,Meta Ads,Search,Fintech,UK,56534,1079,0.0191,0.6,647.4,27,23.98,4508.39,6.96,0.025023169601482854,6.963839975285759,0.0318332802778662,10.942615194369345,0.011451515901935118,1,1,1,2,5
2024-12-15,Google Ads,Search,Healthcare,Australia,58520,3604,0.0616,1.48,5333.92,265,20.13,78186.23,14.66,0.07352941176470588,14.658305711371748,0.04162159349892332,10.977140943163043,0.09114695830485305,1,0,1,3,0
2024-09-10,Google Ads,Video,Healthcare,Canada,111071,2865,0.0258,2.83,8107.95,39,207.9,8971.28,1.11,0.013612565445026177,1.1064794430158056,0.009116604552436553,11.617933918661512,0.07299790224270962,0,0,3,3,1
2024-04-08,Google Ads,Shopping,SaaS,India,153750,4920,0.032,2.98,14661.6,117,125.31,30000.6,2.05,0.02378048780487805,2.0462023244393515,0.010738251430116969,11.943089689712654,0.09536,0,0,2,4,3
2024-05-02,Meta Ads,Display,SaaS,USA,108717,1435,0.0132,1.75,2511.25,108,23.25,22074.54,8.79,0.07526132404181185,8.790259830761574,0.0075428528326555245,11.596512652776497,0.02309896336359539,1,1,0,4,6
2024-06-13,Google Ads,Shopping,E-commerce,India,141455,2673,0.0189,2.82,7537.86,122,61.79,19810.32,2.63,0.04564160119715675,2.6281093042322357,0.006702125282934297,11.859743993645585,0.0532880421335407,0,0,2,0,3
2024-12-04,Meta Ads,Search,Healthcare,USA,158742,5778,0.0364,2.17,12538.26,388,32.32,68610.11,5.47,0.06715126341294565,5.472059918999925,0.01677418581834755,11.975041821294559,0.07898514570813017,1,1,1,3,6
2024-04-26,Meta Ads,Search,E-commerce,Germany,26845,528,0.0197,2.08,1098.24,11,99.84,1590.52,1.45,0.020833333333333332,1.4482444638694638,0.009471149292716684,10.197872113047582,0.04091041162227603,0,1,1,0,2
2024-10-05,Google Ads,Video,Fintech,USA,92332,5336,0.0578,0.94,5015.84,213,23.55,39347.29,7.84,0.03991754122938531,7.844606287281891,0.06148929628798267,11.433156886386547,0.0543239613568427,1,0,3,2,6
2024-09-05,Google Ads,Search,E-commerce,India,90953,4365,0.048,3.04,13269.6,73,181.78,19836.75,1.49,0.01672394043528064,1.4949018809911376,0.015789468490306418,11.418109163188074,0.1458951326509296,0,0,1,0,3
2024-09-26,Meta Ads,Shopping,SaaS,Canada,15047,368,0.0245,1.06,390.08,27,14.45,6244.19,16.01,0.07336956521739131,16.007460008203445,0.023113185742277602,9.619000370980867,0.025924104472652355,1,1,2,4,1
2024-04-12,Google Ads,Search,Healthcare,UAE,57632,1256,0.0218,1.75,2198.0,20,109.9,1647.61,0.75,0.01592356687898089,0.7495950864422202,0.012457135738779579,10.961850599296552,0.038138534147695725,0,0,1,3,4
2024-10-28,TikTok Ads,Shopping,EdTech,UAE,193568,12659,0.0654,1.24,15697.16,366,42.89,17585.84,1.12,0.02891223635358243,1.120319854037291,0.052741892950086335,12.173389317036461,0.08109377583071582,0,2,2,1,4
2024-05-21,Google Ads,Video,SaaS,Germany,30343,743,0.0245,3.05,2266.15,39,58.11,7450.31,3.29,0.052489905787348586,3.2876508615934514,0.008032784251546148,10.320354083368734,0.07468444122202815,0,0,3,4,2
2024-08-23,Meta Ads,Display,SaaS,Germany,6903,225,0.0326,1.92,432.0,7,61.71,513.46,1.19,0.03111111111111111,1.188564814814815,0.0169791578233553,8.839856232763264,0.06258148631029987,0,1,0,4,2
2024-02-18,TikTok Ads,Display,SaaS,USA,194291,9248,0.0476,1.08,9987.84,669,14.93,34771.85,3.48,0.07233996539792388,3.4814184047802126,0.04407403326478402,12.177117461074753,0.051406601438049114,0,2,0,4,6
2024-08-09,Meta Ads,Shopping,Healthcare,India,25704,616,0.024,1.0,616.0,18,34.22,2381.36,3.87,0.02922077922077922,3.865844155844156,0.023999976000024,10.154440804489605,0.023965141612200435,0,1,2,3,3
2024-05-31,Google Ads,Display,Healthcare,Germany,18696,327,0.0175,2.61,853.47,8,106.68,1284.99,1.51,0.024464831804281346,1.5056065239551477,0.006704978273954685,9.836118362165275,0.045649871630295255,0,0,0,3,2
2024-02-16,Meta Ads,Video,EdTech,UK,165408,1670,0.0101,1.3,2171.0,80,27.14,9561.0,4.4,0.04790419161676647,4.403961308152925,0.007769224792904005,12.01617647363429,0.013125120913136003,1,1,3,1,5
2024-04-14,Google Ads,Search,E-commerce,Australia,191372,11711,0.0612,2.48,29043.28,335,86.7,75028.42,2.58,0.02860558449321151,2.5833314969934524,0.0246774094042704,12.161979682219549,0.15176347637062892,0,0,1,0,0
2024-09-06,Meta Ads,Display,EdTech,USA,71247,1888,0.0265,0.47,887.36,57,15.57,9045.86,10.19,0.030190677966101694,10.194126397403535,0.05638285875987498,11.173922027561483,0.012454699847011103,1,1,0,1,6
2024-04-11,TikTok Ads,Search,Fintech,UAE,132294,7527,0.0569,0.9,6774.3,262,25.86,50030.33,7.39,0.03480802444533015,7.385313611738482,0.06322215197538669,11.792789556493942,0.05120640391854506,1,2,1,2,4
2024-12-29,TikTok Ads,Display,E-commerce,Germany,66086,3317,0.0502,0.33,1094.61,206,5.31,51119.73,46.7,0.0621043111245101,46.701318277742764,0.15212075114923895,11.09872733478783,0.016563417365251337,1,2,0,0,2
2024-12-23,Google Ads,Search,Healthcare,UK,186232,9292,0.0499,2.4,22300.8,265,84.15,67766.02,3.04,0.028519156263452434,3.0387259649878033,0.020791658003475832,12.134753856908189,0.11974741183040508,0,0,1,3,5
2024-11-01,TikTok Ads,Shopping,Healthcare,India,145225,5562,0.0383,0.84,4672.08,378,12.36,102053.93,21.84,0.06796116504854369,21.8433609869694,0.045595183815257366,11.886046428703784,0.03217132036495094,1,2,2,3,3
2024-05-27,Google Ads,Search,SaaS,Germany,15470,529,0.0342,1.2,634.8,5,126.96,1223.76,1.93,0.00945179584120983,1.927788279773157,0.028499976250019796,9.646722582719068,0.04103425985778927,0,0,1,4,2
2024-04-05,Google Ads,Display,Healthcare,Australia,91814,2607,0.0284,2.48,6465.36,129,50.12,25405.84,3.93,0.04948216340621404,3.9295321528886253,0.011451608285641821,11.42753096195328,0.07041801903849086,0,0,0,3,0
2024-03-24,Google Ads,Display,EdTech,Australia,96087,3238,0.0337,3.04,9843.52,45,218.74,7783.0,0.79,0.013897467572575664,0.7906724423783361,0.011085522669235964,11.473019717234326,0.1024438269484946,0,0,0,1,0
2024-03-12,Google Ads,Shopping,Fintech,Germany,92943,5037,0.0542,2.26,11383.62,232,49.07,64994.16,5.71,0.04605916219972206,5.709445677209886,0.02398229027332289,11.439752440232313,0.12247958426132147,1,0,2,2,2
2024-04-10,Meta Ads,Display,SaaS,India,36411,873,0.024,2.03,1772.19,47,37.71,13565.96,7.65,0.053837342497136315,7.654912847945197,0.011822654274554546,10.502653669625179,0.048671829941501196,1,1,0,4,3
2024-08-17,Meta Ads,Video,EdTech,USA,145170,4688,0.0323,1.75,8204.0,106,77.4,30413.14,3.71,0.022610921501706484,3.7071111652852267,0.018457132310210112,11.885667636907328,0.05651305366122477,0,1,3,1,6
2024-03-25,Google Ads,Video,E-commerce,Germany,146428,2796,0.0191,2.24,6263.04,164,38.19,33829.22,5.4,0.058655221745350504,5.401405707132639,0.008526781907686647,11.894295948324318,0.04277214740350206,1,0,3,0,2
2024-08-28,Google Ads,Search,Fintech,Germany,151772,6237,0.0411,1.02,6361.74,302,21.07,77929.21,12.25,0.04842071508738175,12.249669115682188,0.040294078143060644,11.930141262511054,0.04191642727248768,1,0,1,2,2
2024-01-19,TikTok Ads,Search,E-commerce,USA,179561,8600,0.0479,1.44,12384.0,212,58.42,34386.07,2.78,0.024651162790697675,2.776652939276486,0.03326386578898209,12.098275831171998,0.06896820579078976,0,2,1,0,6
2024-09-11,Google Ads,Search,EdTech,UAE,100381,5691,0.0567,0.83,4723.53,321,14.72,58283.85,12.34,0.05640484976278334,12.33904516325714,0.06831317070702325,11.516738187298145,0.047056016576842226,1,0,1,1,4
2024-12-23,TikTok Ads,Display,E-commerce,India,180552,6030,0.0334,1.7,10251.0,383,26.77,23539.41,2.3,0.06351575456053069,2.29630377524144,0.019647047266442785,12.103779642463435,0.056775887279011034,0,2,0,0,3
2024-07-03,TikTok Ads,Display,EdTech,USA,163328,4981,0.0305,1.21,6027.01,142,42.44,21158.33,3.51,0.028508331660309173,3.5105848505311923,0.025206590738354764,12.003521850454511,0.036901266163793106,0,2,0,1,6
2024-06-03,TikTok Ads,Display,EdTech,USA,93635,4363,0.0466,1.36,5933.68,117,50.72,29999.39,5.06,0.02681641072656429,5.055781572312629,0.03426468068773479,11.447170203904761,0.0633703209270038,1,2,0,1,6
2024-12-29,Google Ads,Display,SaaS,UAE,133526,4633,0.0347,3.07,14223.31,340,41.83,62193.85,4.37,0.07338657457371034,4.372670637144237,0.011302927914355729,11.802058983564246,0.10652090229618201,1,0,0,4,4
2024-02-06,TikTok Ads,Video,E-commerce,Canada,48475,3160,0.0652,0.76,2401.6,124,19.37,19990.89,8.32,0.039240506329113925,8.3239881745503,0.08578936080347262,10.788824109088377,0.049543063434760184,1,2,3,0,1
2024-11-13,TikTok Ads,Video,Fintech,India,195722,12624,0.0645,2.01,25374.24,755,33.61,129016.77,5.08,0.05980671736375159,5.08455701530371,0.03208953627386255,12.184455673305207,0.12964429139289402,1,2,3,2,3
2024-05-04,Google Ads,Search,Healthcare,UK,106277,6961,0.0655,2.96,20604.56,180,114.47,42397.44,2.06,0.0258583536848154,2.057672670515653,0.0221283709025774,11.573813581480652,0.19387600327446203,0,0,1,3,5
2024-01-22,Google Ads,Shopping,Fintech,Australia,153953,5095,0.0331,2.86,14571.7,110,132.47,30634.7,2.1,0.021589793915603533,2.102342211272535,0.011573422526775339,11.944409135476945,0.09465031535598527,0,0,2,2,0
2024-09-07,Meta Ads,Video,Healthcare,Germany,142135,2387,0.0168,1.92,4583.04,98,46.77,25385.35,5.54,0.04105571847507331,5.538976312665828,0.008749995442710707,11.864539624715741,0.032244274809160305,1,1,3,3,2
2024-11-25,Google Ads,Shopping,EdTech,Canada,107891,3733,0.0346,2.31,8623.23,148,58.27,15202.91,1.76,0.03964639699973212,1.7630180338457864,0.01497834849422143,11.588886005772773,0.07992538765976773,0,0,2,1,1
2024-03-20,TikTok Ads,Video,SaaS,USA,191380,8171,0.0427,0.5,4085.5,572,7.14,155778.92,38.13,0.07000367152123363,38.12970750214173,0.0853998292003416,12.162021484525997,0.021347580729438813,1,2,3,4,6
2024-08-11,Meta Ads,Search,Healthcare,UK,123372,3355,0.0272,2.3,7716.5,224,34.45,57352.38,7.43,0.06676602086438152,7.4324343938314,0.011826081814747036,11.722967565864773,0.06254660700969426,1,1,1,3,5
2024-12-24,Google Ads,Search,E-commerce,UAE,104464,4314,0.0413,2.26,9749.64,82,118.9,10226.11,1.05,0.019007881316643487,1.0488705223987758,0.018274328197199916,11.556607366056351,0.09333014244141521,0,0,1,0,4
2024-06-03,Google Ads,Video,SaaS,UK,113502,2235,0.0197,1.21,2704.35,34,79.54,6126.9,2.27,0.015212527964205816,2.2655721337844583,0.01628097828018324,11.639584547272344,0.023826452397314585,0,0,3,4,5
2024-09-09,Google Ads,Shopping,Healthcare,Australia,95196,3170,0.0333,1.05,3328.5,170,19.58,13047.52,3.92,0.05362776025236593,3.919939912873667,0.03171425551023285,11.463703707677881,0.03496470439934451,0,0,2,3,0
2024-01-27,Google Ads,Display,Healthcare,UK,86362,2547,0.0295,1.41,3591.27,164,21.9,33307.3,9.27,0.06438947781703966,9.274518485104156,0.02092197097732555,11.366314622330153,0.04158391422153262,1,0,0,3,5
2024-06-28,Google Ads,Search,E-commerce,USA,78532,4735,0.0603,2.82,13352.7,310,43.07,45765.16,3.43,0.06546990496304118,3.4274086888794026,0.021382971140790377,11.271274197600277,0.1700287780777263,0,0,1,0,6
2024-03-19,Google Ads,Shopping,Healthcare,Canada,184081,5135,0.0279,2.18,11194.3,96,116.61,24545.05,2.19,0.0186952288218111,2.192638217664347,0.012798159266899417,12.1231365894916,0.060811816537285214,0,0,2,3,1
2024-01-28,Meta Ads,Display,Healthcare,Canada,93966,2104,0.0224,0.97,2040.88,157,13.0,6975.9,3.42,0.07461977186311787,3.4180843557680998,0.023092759698185878,11.450698935785022,0.021719345295106742,0,1,0,3,1
2024-07-23,Google Ads,Video,SaaS,UAE,28667,1338,0.0467,2.9,3880.2,24,161.67,3421.56,0.88,0.017937219730941704,0.8817999072212773,0.016103442722950785,10.26353679711381,0.13535424006697597,0,0,3,4,4
2024-01-21,Google Ads,Display,Healthcare,Australia,154239,7465,0.0484,3.2,23888.0,484,49.36,25632.04,1.07,0.06483590087073007,1.073009042196919,0.015124995273438975,11.946265109844372,0.15487652279903266,0,0,0,3,0
2024-04-05,Meta Ads,Video,Fintech,UAE,103576,1263,0.0122,0.47,593.61,22,26.98,5190.25,8.74,0.01741884402216944,8.74353531780125,0.02595739158001792,11.54807057643815,0.005731153935274581,1,1,3,2,4
2024-09-25,TikTok Ads,Video,EdTech,India,111154,5124,0.0461,0.89,4560.36,368,12.39,82164.4,18.02,0.07181889149102264,18.01708637037427,0.0517976946093319,11.618680902636092,0.041027403422279,1,2,3,1,3
2024-10-28,Google Ads,Search,E-commerce,USA,104456,6403,0.0613,2.11,13510.33,440,30.71,111130.68,8.23,0.06871778853662346,8.22560810875826,0.029052118932645057,11.556530782450949,0.12933991345638354,1,0,1,0,6
2024-10-12,Meta Ads,Display,SaaS,UAE,173307,3292,0.019,1.03,3390.76,74,45.82,21574.44,6.36,0.022478736330498177,6.362715143507649,0.018446584032442686,12.062825637361833,0.01956504930556758,1,1,0,4,4
2024-03-10,Google Ads,Display,Fintech,Australia,197459,5667,0.0287,3.56,20174.52,105,192.14,17723.39,0.88,0.018528321863419798,0.8785036769152376,0.008061795488259693,12.19329131116544,0.10217067846996085,0,0,0,2,0
2024-09-01,TikTok Ads,Video,EdTech,UK,154676,5970,0.0386,1.09,6507.3,107,60.82,14099.39,2.17,0.01792294807370184,2.1667035483226527,0.035412811547879314,11.949094350653398,0.04207052160645478,0,2,3,1,5
2024-04-24,Meta Ads,Video,Fintech,India,138528,3698,0.0267,2.27,8394.46,264,31.8,34788.99,4.14,0.0713899405083829,4.144279679693512,0.011762109355898963,11.83883496897287,0.06059756872256872,0,1,3,2,3
2024-08-01,Google Ads,Display,SaaS,Canada,188490,6879,0.0365,2.84,19536.36,279,70.02,18268.77,0.94,0.040558220671609246,0.935116367634503,0.012852108150666144,12.146805539372266,0.10364666560560243,0,0,0,4,1
2024-09-21,TikTok Ads,Display,SaaS,USA,155929,6408,0.0411,0.97,6215.76,481,12.92,51123.92,8.22,0.07506242197253434,8.224886417751007,0.042371090339082124,11.95716246757893,0.039862758050138204,1,2,0,4,6
2024-05-31,Google Ads,Display,EdTech,Canada,177220,4607,0.026,2.32,10688.24,114,93.76,9297.03,0.87,0.02474495333188626,0.8698373165273235,0.011206891721167362,12.085152820289357,0.06031057442726554,0,0,0,1,1
2024-10-10,Meta Ads,Video,E-commerce,Canada,188552,6373,0.0338,0.65,4142.45,129,32.11,8973.49,2.17,0.02024164443747058,2.1662277154823837,0.051999920000123066,12.147134413458891,0.02196980143408715,0,1,3,0,1
2024-09-15,Google Ads,Video,E-commerce,Canada,136460,4462,0.0327,0.88,3926.56,322,12.19,59937.98,15.26,0.07216494845360824,15.264755918666722,0.03715904868289922,11.823794138497334,0.028774439396160048,1,0,3,0,1
2024-10-07,TikTok Ads,Display,Healthcare,Canada,124614,4573,0.0367,0.29,1326.17,240,5.53,46988.2,35.43,0.052481959326481524,35.43150576472096,0.1265512877541802,11.732984263322514,0.010642223185195886,1,2,0,3,1
2024-04-15,Meta Ads,Video,SaaS,India,28359,612,0.0216,0.75,459.0,30,15.3,6591.07,14.36,0.049019607843137254,14.359629629629628,0.0287999616000512,10.252734980646064,0.016185337987940335,1,1,3,4,3
2024-06-28,Meta Ads,Search,E-commerce,USA,81759,1316,0.0161,0.9,1184.4,46,25.75,6171.89,5.21,0.034954407294832825,5.2109844647078685,0.01788886901236776,11.311543405437531,0.014486478552819874,1,1,1,0,6
2024-04-05,Meta Ads,Video,E-commerce,Germany,131230,2139,0.0163,2.23,4769.97,105,45.43,24738.73,5.19,0.04908835904628331,5.186349180393168,0.007309413762594724,11.784714408070093,0.03634816733978511,1,1,3,0,2
2024-06-01,TikTok Ads,Search,E-commerce,Canada,49659,2413,0.0486,1.45,3498.85,191,18.32,38157.72,10.91,0.07915457936179031,10.90578904497192,0.0335172182639874,10.812955059062158,0.07045752028836666,1,2,1,0,1
2024-02-07,TikTok Ads,Display,Fintech,Germany,103029,6830,0.0663,0.52,3551.6,148,24.0,14545.74,4.1,0.021669106881405564,4.095545669557382,0.1274997548081638,11.542775486939114,0.034471847732191904,0,2,0,2,2
2024-06-01,TikTok Ads,Shopping,Healthcare,Canada,52368,3351,0.064,0.61,2044.11,117,17.47,12829.28,6.28,0.03491495076096687,6.276218011750836,0.10491786079039214,10.866070092189561,0.03903357011915674,1,2,2,3,1
2024-06-15,TikTok Ads,Video,EdTech,Canada,144585,8357,0.0578,0.52,4345.64,412,10.55,78373.31,18.03,0.049299988033983486,18.03492926243315,0.11115363239686075,11.881629765209047,0.03005595324549573,1,2,3,1,1
2024-03-22,TikTok Ads,Shopping,Fintech,UK,40308,3853,0.0956,1.09,4199.77,291,14.43,33059.93,7.87,0.07552556449519855,7.871842981877578,0.0877063415538151,10.60433004806348,0.10419197181700904,1,2,2,2,5
2024-08-08,TikTok Ads,Search,E-commerce,Germany,43635,2469,0.0566,1.21,2987.49,133,22.46,19667.27,6.58,0.05386796273795059,6.583208646723504,0.04677682084560261,10.683637776717648,0.06846545204537641,1,2,1,0,2
2024-08-08,Meta Ads,Search,EdTech,India,164074,6152,0.0375,0.95,5844.4,360,16.23,47241.24,8.08,0.05851755526657997,8.083163370063652,0.039473642659323516,12.008078919341923,0.035620512695491054,1,1,1,1,3
2024-08-13,Meta Ads,Shopping,Healthcare,Canada,107300,2693,0.0251,0.57,1535.01,153,10.03,18121.16,11.81,0.05681396212402525,11.805239053817239,0.04403501046489392,11.583393248239855,0.01430577819198509,1,1,2,3,1
2024-11-04,Meta Ads,Display,EdTech,India,177443,4400,0.0248,2.17,9548.0,231,41.33,43094.26,4.51,0.0525,4.513433179723503,0.011428566161951077,12.086410345161488,0.05380882875064105,1,1,0,1,3
2024-04-20,TikTok Ads,Shopping,EdTech,UAE,141268,7402,0.0524,1.24,9178.48,335,27.4,31326.97,3.41,0.045258038368008645,3.4130890953621953,0.042258030437072235,11.858421153236925,0.06497210974884617,0,2,2,1,4
2024-05-26,TikTok Ads,Display,EdTech,Germany,145631,4194,0.0288,0.84,3522.96,59,59.71,15427.34,4.38,0.014067715784453982,4.379084633376479,0.03428567346943635,11.888838170816369,0.024191003289134868,1,2,0,1,2
2024-11-22,TikTok Ads,Search,EdTech,Canada,191041,7393,0.0387,0.53,3918.29,446,8.79,15789.02,4.03,0.060327336669822804,4.029569021180158,0.07301873015333932,12.1602485781433,0.020510204615763108,0,2,1,1,1
2024-11-13,TikTok Ads,Video,Healthcare,UK,72145,3058,0.0424,0.77,2354.66,78,30.19,7543.67,3.2,0.025506867233485938,3.203719432954227,0.055064863552125254,11.18644712260972,0.03263788204310763,0,2,3,3,5
2024-03-04,Meta Ads,Video,SaaS,UAE,113447,1826,0.0161,1.73,3158.98,24,131.62,4477.79,1.42,0.013143483023001095,1.4174796928122368,0.009306353002108091,11.639099861141181,0.027845425617248582,0,1,3,4,4
2024-12-12,TikTok Ads,Search,Healthcare,India,195512,8328,0.0426,1.63,13574.64,198,68.56,14486.58,1.07,0.02377521613832853,1.0671796821131168,0.0261349532914397,12.183382152360469,0.06943123695732231,0,2,1,3,3
2024-06-19,Meta Ads,Search,SaaS,USA,149446,6456,0.0432,2.19,14138.64,397,35.61,118768.88,8.4,0.061493184634448576,8.400304414003045,0.01972601838994594,11.914697093907394,0.09460701524296401,1,1,1,4,6
2024-09-03,TikTok Ads,Video,SaaS,Germany,154307,9212,0.0597,1.3,11975.6,700,17.11,61706.24,5.15,0.07598784194528875,5.152663749624236,0.045923041597660315,11.946705884058439,0.07760892247273293,1,2,3,4,2
2024-11-26,Meta Ads,Display,Healthcare,India,149675,3143,0.021,1.55,4871.65,147,33.14,33184.47,6.81,0.0467706013363029,6.811751665246888,0.013548378355884932,11.91622823691371,0.032548187740103554,1,1,0,3,3
2024-04-05,TikTok Ads,Shopping,Healthcare,UAE,184065,6350,0.0345,1.34,8509.0,273,31.17,39093.51,4.59,0.04299212598425197,4.5943718415795045,0.025746249443097433,12.12304966792739,0.04622823459104121,1,2,2,3,4
2024-10-04,TikTok Ads,Search,EdTech,Germany,64484,2966,0.046,1.25,3707.5,227,16.33,27232.61,7.35,0.076534052596089,7.345275792312879,0.03679997056002356,11.074187917598492,0.057494882451460824,1,2,1,1,2
2024-07-28,Meta Ads,Video,EdTech,UAE,148088,4561,0.0308,1.36,6202.96,173,35.86,48056.97,7.75,0.03793027844770883,7.74742542270142,0.02264704217129252,11.905568723358334,0.041886986116363246,1,1,3,1,4
2024-09-09,Google Ads,Display,SaaS,India,28068,990,0.0353,1.01,999.9,28,35.71,5661.1,5.66,0.028282828282828285,5.661666166616662,0.03495046044508867,10.242421043498677,0.03562419837537409,1,0,0,4,3
2024-03-23,TikTok Ads,Search,Healthcare,USA,131385,6910,0.0526,0.34,2349.4,206,11.4,6729.96,2.86,0.029811866859623733,2.864544138929088,0.15470542733697842,11.78589483445527,0.017881797769912854,0,2,1,3,6
2024-05-16,TikTok Ads,Search,EdTech,UAE,77882,3029,0.0389,0.47,1423.63,228,6.24,44433.62,31.21,0.07527236711786069,31.211494559681938,0.0827657813494014,11.262962979545462,0.018279319996918418,1,2,1,1,4
2024-09-10,TikTok Ads,Shopping,Healthcare,UAE,90066,6025,0.0669,1.77,10664.25,417,25.57,40275.46,3.78,0.06921161825726141,3.776680029069086,0.037796588815486545,11.408309116795527,0.1184048364532676,0,2,2,3,4
2024-07-25,Meta Ads,Shopping,E-commerce,India,186775,2409,0.0129,0.69,1662.21,107,15.53,10079.71,6.06,0.044416770444167704,6.064041246292586,0.018695625078804234,12.137665316865274,0.008899531521884621,1,1,2,0,3
2024-04-15,Google Ads,Video,Fintech,India,57328,2161,0.0377,1.53,3306.33,99,33.4,17903.97,5.42,0.045812124016658955,5.415058388001198,0.024640506770910606,10.956561882875715,0.05767391152665364,1,0,3,2,3
2024-02-22,Google Ads,Video,SaaS,India,87570,3415,0.039,2.57,8776.55,236,37.19,46705.85,5.32,0.06910688140556369,5.321663979581954,0.015175091371559778,11.38020517188695,0.1002232499714514,1,0,3,4,3
2024-06-18,Meta Ads,Video,SaaS,UAE,54864,1876,0.0342,1.52,2851.52,121,23.57,23640.39,8.29,0.06449893390191898,8.290452109751993,0.022499985197378163,10.9126309014249,0.051974336541265674,1,1,3,4,4
2024-11-04,Google Ads,Display,SaaS,Australia,91861,2535,0.0276,1.24,3143.4,137,22.94,8299.82,2.64,0.05404339250493097,2.64039574982503,0.02225804656609148,11.42804272990491,0.03421909188883204,0,0,0,4,0
2024-06-04,Meta Ads,Search,E-commerce,Australia,16920,389,0.023,1.23,478.47,15,31.9,3222.58,6.74,0.038560411311053984,6.735176709093569,0.01869917178929123,9.736310733068626,0.028278368794326242,1,1,1,0,0
2024-08-16,Meta Ads,Shopping,Healthcare,India,117421,3428,0.0292,0.61,2091.08,99,21.12,25079.21,11.99,0.028879813302217037,11.993424450523175,0.04786877398561642,11.673529562346564,0.017808398838367923,1,1,2,3,3
2024-06-29,Google Ads,Display,EdTech,UK,146332,7184,0.0491,2.8,20115.2,366,54.96,40775.67,2.03,0.05094654788418708,2.0271073615972,0.01753570802296142,11.893640125482277,0.13746275592488313,0,0,0,1,5
2024-01-11,Meta Ads,Shopping,SaaS,USA,144993,2783,0.0192,1.47,4091.01,120,34.09,10562.14,2.58,0.04311893639956881,2.5817927602230255,0.013061215604615236,11.88444764123622,0.028215224183236434,0,1,2,4,6
2024-07-28,Google Ads,Display,Fintech,Canada,35702,999,0.028,1.58,1578.42,15,105.23,2820.45,1.79,0.015015015015015015,1.786881818527388,0.017721507771197614,10.482989997850549,0.04421096857318918,0,0,0,2,1
2024-09-01,Google Ads,Shopping,Healthcare,Germany,184976,6270,0.0339,2.66,16678.2,412,40.48,40433.91,2.42,0.0657097288676236,2.4243569449940643,0.012744356111144318,12.127986772007228,0.09016412940057089,0,0,2,3,2
2024-06-10,Google Ads,Search,E-commerce,UAE,119235,5258,0.0441,1.1,5783.8,141,41.02,24150.02,4.18,0.026816279954355267,4.175459040769044,0.040090872644661234,11.688860001439332,0.04850756908625823,0,0,1,0,4
2024-08-14,Google Ads,Shopping,EdTech,India,127211,3968,0.0312,2.63,10435.84,194,53.79,37337.18,3.58,0.04889112903225806,3.577783867901386,0.011863113360032942,11.753610265061099,0.08203567301569833,0,0,2,1,3
2024-12-16,TikTok Ads,Video,Fintech,USA,27584,1561,0.0566,0.94,1467.34,93,15.78,19425.98,13.24,0.05957719410634209,13.238908501097225,0.060212701901380956,10.22502742570653,0.05319533062645011,1,2,3,2,6
2024-05-25,Google Ads,Shopping,SaaS,Germany,194928,9161,0.047,1.88,17222.68,571,30.16,17839.23,1.04,0.06232944001746534,1.0357987258661254,0.024999986702134734,12.18039066868035,0.08835405893458098,0,0,2,4,2
2024-10-26,Google Ads,Search,E-commerce,Australia,90349,5420,0.06,3.02,16368.4,105,155.89,16913.07,1.03,0.01937269372693727,1.0332757019623175,0.01986754309021752,11.411446296020374,0.18116857961903285,0,0,1,0,0
2024-07-08,TikTok Ads,Video,EdTech,Germany,170011,10149,0.0597,0.55,5581.95,110,50.74,29617.76,5.31,0.010838506256774067,5.305988050770788,0.10854525719044146,12.043624301776461,0.0328328755198193,1,2,3,1,2
2024-08-06,Google Ads,Display,Healthcare,USA,54158,3374,0.0623,0.81,2732.94,55,49.69,5839.17,2.14,0.016301126259632485,2.1365891677094995,0.07691348529199346,10.899679443604768,0.0504623508992208,0,0,0,3,6
2024-01-02,Meta Ads,Display,SaaS,UK,143485,3945,0.0275,0.71,2800.95,187,14.98,30765.32,10.98,0.047401774397972114,10.983887609561043,0.038732339813605896,11.873992748446822,0.0195208558385894,1,1,0,4,5
2024-02-18,Google Ads,Video,Fintech,Canada,165470,4136,0.025,0.82,3391.52,56,60.56,12113.24,3.57,0.013539651837524178,3.5716257017502477,0.030487767697844274,12.01655123185918,0.020496283314195927,0,0,3,2,1
2024-05-11,Meta Ads,Search,EdTech,USA,112596,2668,0.0237,1.2,3201.6,39,82.09,10899.61,3.4,0.01461769115442279,3.4044259120439784,0.019749983541680383,11.631570351348783,0.028434402643077904,0,1,1,1,6
2024-07-03,Google Ads,Video,EdTech,Canada,82604,5146,0.0623,2.88,14820.48,75,197.61,11977.45,0.81,0.014574426739214923,0.8081688312389343,0.02163193693335523,11.321825490364692,0.17941600890998013,0,0,3,1,1
2024-06-25,Google Ads,Display,Healthcare,UAE,162454,4337,0.0267,1.57,6809.09,329,20.7,13568.06,1.99,0.07585888863269541,1.992639251353705,0.017006358594676054,11.99815631932473,0.04191395718172529,0,0,0,3,4
2024-10-20,TikTok Ads,Shopping,E-commerce,UK,143667,6852,0.0477,1.13,7742.76,142,54.53,19589.64,2.53,0.02072387624051372,2.530059048711312,0.04221235202446724,11.875260361117169,0.05389379607007873,0,2,2,0,5
2024-02-16,Google Ads,Video,Healthcare,Australia,83702,3900,0.0466,2.18,8502.0,60,141.7,11812.78,1.39,0.015384615384615385,1.3894119030816279,0.0213761369834234,11.335030098129154,0.1015746338199804,0,0,3,3,0
2024-02-12,TikTok Ads,Video,Fintech,USA,41497,3299,0.0795,0.65,2144.35,112,19.15,6822.75,3.18,0.033949681721733856,3.1817333924032924,0.12230750414230131,10.633400512286396,0.05167481986649637,0,2,3,2,6
2024-05-26,Google Ads,Search,Fintech,UAE,88442,2485,0.0281,2.89,7181.65,69,104.08,12989.18,1.81,0.027766599597585512,1.8086623547513456,0.009723180026581305,11.390113555698646,0.08120180457248818,0,0,1,2,4
2024-02-23,Google Ads,Shopping,SaaS,UAE,143723,4254,0.0296,1.14,4849.56,281,17.26,41783.61,8.62,0.06605547719793135,8.615958973597603,0.025964889504482894,11.875650072735507,0.03374240726953932,1,0,2,4,4
2024-10-15,Meta Ads,Search,SaaS,UK,30392,1325,0.0436,1.31,1735.75,101,17.19,3539.63,2.04,0.07622641509433963,2.039251044217197,0.033282417341666155,10.321967597721788,0.057112068965517244,0,1,1,4,5
2024-05-10,Google Ads,Video,E-commerce,India,94412,4786,0.0507,1.29,6173.94,343,18.0,93767.6,15.19,0.07166736314249895,15.18764354690846,0.03930229511449992,11.45543405451659,0.06539359403465661,1,0,3,0,3
2024-05-21,Google Ads,Video,EdTech,UK,56305,1644,0.0292,1.65,2712.6,126,21.53,24269.48,8.95,0.07664233576642336,8.94694389146944,0.01769695897154002,10.938556380385453,0.04817689370393393,1,0,3,1,5
2024-09-29,TikTok Ads,Display,SaaS,Germany,142456,9943,0.0698,0.91,9048.13,266,34.02,72736.17,8.04,0.02675248918837373,8.038806913693769,0.07670321241405229,11.866795478767862,0.06351526085247373,1,2,0,4,2
2024-12-26,Meta Ads,Display,EdTech,Australia,27169,546,0.0201,1.08,589.68,15,39.31,1578.78,2.68,0.027472527472527472,2.6773504273504276,0.01861109387861678,10.209868702420394,0.021704148109978283,0,1,0,1,0
2024-09-15,Google Ads,Video,SaaS,Germany,127179,5125,0.0403,2.22,11377.5,87,130.78,5905.23,0.52,0.016975609756097562,0.519027027027027,0.01815314497606082,11.753358684821398,0.08946052414313684,0,0,3,4,2
2024-07-18,Google Ads,Shopping,Fintech,USA,20797,846,0.0407,1.08,913.68,56,16.32,11660.97,12.76,0.06619385342789598,12.762641187286578,0.03768515029152751,9.942612107220178,0.04393325960475068,1,0,2,2,6
2024-08-13,Meta Ads,Shopping,E-commerce,USA,188201,5627,0.0299,1.88,10578.76,77,137.39,14242.93,1.35,0.01368402345832593,1.3463704630788487,0.015904246859443163,12.145271133069512,0.05620990324174686,0,1,2,0,6
2024-06-03,TikTok Ads,Shopping,E-commerce,Canada,77726,2557,0.0329,0.49,1252.93,37,33.86,2932.31,2.34,0.014470082127493155,2.340362191024239,0.06714272011689772,11.260957966342442,0.016119831201914417,0,2,2,0,1
2024-03-10,Meta Ads,Search,EdTech,Australia,23123,286,0.0124,1.21,346.06,3,115.35,585.7,1.69,0.01048951048951049,1.692481072646362,0.010247925414937674,10.048626318202366,0.014966051117934524,0,1,1,1,0
2024-04-06,Google Ads,Search,SaaS,Canada,86689,3727,0.043,1.16,4323.32,276,15.66,76876.24,17.78,0.07405419908773812,17.78176031383289,0.03706893356126417,11.370093815862687,0.049871610008190195,1,0,1,4,1
2024-05-17,Google Ads,Search,Healthcare,USA,159251,9172,0.0576,2.84,26048.48,407,64.0,30602.6,1.17,0.04437418229393807,1.1748324662321947,0.020281682999407392,11.97824313222525,0.16356870600498583,0,0,1,3,6
2024-01-13,Meta Ads,Display,E-commerce,UK,70180,736,0.0105,1.4,1030.4,45,22.9,2168.72,2.1,0.06114130434782609,2.10473602484472,0.0074999946428609705,11.1588328981095,0.01468224565403249,0,1,0,0,5
2024-09-16,Google Ads,Video,Fintech,Canada,83466,4089,0.049,2.26,9241.14,108,85.57,12521.2,1.35,0.02641232575201761,1.3549410570557314,0.021681406335660916,11.33220662314222,0.11071741787074976,0,0,3,2,1
2024-11-13,Meta Ads,Display,SaaS,India,137602,2641,0.0192,0.59,1558.19,179,8.7,52473.54,33.68,0.06777735706171904,33.67595736078398,0.03254231772488521,11.832128006569295,0.011323890641124403,1,1,0,4,3
2024-09-03,TikTok Ads,Video,SaaS,UAE,64222,2067,0.0322,1.89,3906.63,68,57.45,14851.97,3.8,0.03289791969037252,3.801734487269078,0.017037028022736496,11.070116680971605,0.0608300893774719,0,2,3,4,4
2024-07-08,TikTok Ads,Shopping,Healthcare,India,116739,4319,0.037,0.34,1468.46,306,4.8,46873.98,31.92,0.0708497337346608,31.920501750132793,0.10882320934350193,11.667704518757782,0.012579001019367993,1,2,2,3,3
2024-12-30,Meta Ads,Shopping,Healthcare,USA,50869,890,0.0175,1.08,961.2,61,15.76,16803.54,17.48,0.06853932584269663,17.48183520599251,0.01620368870028824,10.837028637816811,0.018895594566435355,1,1,2,3,6
2024-12-02,Meta Ads,Search,EdTech,Germany,127155,3089,0.0243,1.25,3861.25,95,40.64,23894.64,6.19,0.030754289414049854,6.188317254775008,0.019439984448012444,11.753169958097134,0.03036648185285675,1,1,1,1,2
2024-03-26,Google Ads,Video,EdTech,Germany,162883,8974,0.0551,2.38,21358.12,292,73.14,80812.08,3.78,0.03253844439491865,3.783670098304533,0.023151250776785388,12.000793569999532,0.1311255318234561,0,0,3,1,2
2024-01-17,TikTok Ads,Search,SaaS,Canada,115716,7394,0.0639,1.16,8577.04,242,35.44,49142.56,5.73,0.032729239924262916,5.7295477227575,0.05508615940848328,11.658902834108325,0.0741214698053856,1,2,1,4,1
2024-06-14,Google Ads,Video,EdTech,USA,40306,1176,0.0292,0.85,999.6,41,24.38,11838.48,11.84,0.03486394557823129,11.843217286914765,0.03435290076129322,10.604280430121621,0.024800277874261898,1,0,3,1,6
2024-02-29,TikTok Ads,Search,Fintech,Canada,138025,9192,0.0666,0.64,5882.88,420,14.01,38810.35,6.6,0.04569190600522193,6.597168393711923,0.10406233740259781,11.8351973521903,0.042621843868864334,1,2,1,2,1
2024-02-05,Meta Ads,Video,SaaS,India,145510,5805,0.0399,1.04,6037.2,166,36.37,30713.7,5.09,0.02859603789836348,5.08740806996621,0.038365347725627184,11.888006964110614,0.04148993196343894,1,1,3,4,3
2024-09-07,TikTok Ads,Display,Fintech,USA,168297,10535,0.0626,1.4,14749.0,561,26.29,30094.65,2.04,0.053251067869008066,2.0404535900739034,0.04471425377553302,12.033491496566992,0.08763673743441654,0,2,0,2,6
2024-12-14,Meta Ads,Search,E-commerce,Australia,66157,1687,0.0255,1.3,2193.1,41,53.49,5082.94,2.32,0.024303497332542976,2.317696411472345,0.019615369526638823,11.099801099494575,0.033149931224209075,0,1,1,0,0
2024-03-26,Meta Ads,Shopping,Fintech,India,115003,2921,0.0254,0.4,1168.4,36,32.46,4203.19,3.6,0.012324546388223211,3.5973895926052717,0.06349984125039687,11.652722189349182,0.010159734963435738,0,1,2,2,3
2024-01-19,Meta Ads,Shopping,Healthcare,USA,173292,7330,0.0423,1.88,13780.4,355,38.82,66981.68,4.86,0.048431105047748974,4.860648457229107,0.02249998803192126,12.062739082504752,0.07952127045680124,1,1,2,3,6
2024-01-07,Meta Ads,Video,EdTech,Germany,94440,2219,0.0235,1.93,4282.67,156,27.45,39424.24,9.21,0.07030193780982424,9.205528326954912,0.012176159494217879,11.455730579876976,0.04534805167301991,1,1,3,1,2
2024-06-24,Meta Ads,Video,Healthcare,India,93003,1283,0.0138,1.76,2258.08,49,46.08,1614.11,0.71,0.03819173811379579,0.714815241266917,0.00784090463584964,11.440397781963146,0.024279646893110973,0,1,3,3,3
2024-02-02,TikTok Ads,Video,E-commerce,USA,112294,9039,0.0805,0.99,8948.61,99,90.39,20435.34,2.28,0.010952538997676734,2.2836328770613536,0.0813130491787382,11.628884616137823,0.07968911963239354,0,2,3,0,6
2024-05-22,Meta Ads,Display,SaaS,USA,165321,4447,0.0269,1.56,6937.32,301,23.05,23975.23,3.46,0.06768608050371036,3.4559786776449695,0.01724357869001366,12.01565036630231,0.04196272705826846,0,1,0,4,6
2024-11-11,TikTok Ads,Video,Healthcare,USA,137895,5901,0.0428,1.34,7907.34,379,20.86,86835.97,10.98,0.06422640230469412,10.98169169404629,0.031940274671436814,11.834255056834227,0.05734319590993147,1,2,3,3,6
2024-02-27,TikTok Ads,Display,E-commerce,Germany,7978,557,0.0699,0.61,339.77,34,9.99,6686.61,19.68,0.06104129263913824,19.67981281455102,0.11458997608200643,8.984568369308281,0.04258836801203309,1,2,0,0,2
2024-02-08,TikTok Ads,Display,Fintech,Germany,113994,4320,0.0379,0.77,3326.4,142,23.43,25985.24,7.81,0.03287037037037037,7.811820586820587,0.04922071529777234,11.643909866765647,0.02918048318332544,1,2,0,2,2
2024-02-16,Google Ads,Search,EdTech,UAE,90794,5638,0.0621,3.1,17477.8,217,80.54,54642.18,3.13,0.038488825824760556,3.1263763173854833,0.020032251602499482,11.416359496993897,0.19249950437253563,0,0,1,1,4
2024-12-20,Meta Ads,Display,Healthcare,Australia,118694,2338,0.0197,2.26,5283.88,76,69.52,6774.6,1.28,0.032506415739948676,1.282126013459806,0.008716810302296325,11.684312456711403,0.04451682477631557,0,1,0,3,0
2024-07-17,Google Ads,Shopping,Healthcare,UAE,99805,1936,0.0194,1.4,2710.4,112,24.2,29346.97,10.83,0.05785123966942149,10.827542060212515,0.013857132959190745,11.510983580732887,0.027156956064325437,1,0,2,3,4
2024-01-30,Google Ads,Search,Fintech,Canada,187156,3986,0.0213,2.39,9526.54,269,35.41,34393.23,3.61,0.0674862017059709,3.6102540901523534,0.008912130162288635,12.139703115785647,0.05090160080360769,0,0,1,2,1
2024-08-04,TikTok Ads,Video,EdTech,UAE,120152,4613,0.0384,0.97,4474.61,108,41.43,27205.77,6.08,0.023412096249729026,6.0800315558227425,0.03958758805403293,11.696521209641913,0.03724124442372994,1,2,3,1,4
2024-12-16,Google Ads,Search,Fintech,UK,117458,6824,0.0581,2.01,13716.24,251,54.65,12200.18,0.89,0.036781946072684646,0.8894697088998151,0.028905458255990918,11.673844615503747,0.11677569854756593,0,0,1,2,5
2024-06-22,Meta Ads,Video,EdTech,Australia,35398,1044,0.0295,0.45,469.8,20,23.49,1596.24,3.4,0.019157088122605363,3.3977011494252873,0.06555540987686694,10.474438850135297,0.01327193626758574,0,1,3,1,0
2024-03-30,TikTok Ads,Video,Healthcare,India,98386,7556,0.0768,0.35,2644.6,385,6.87,43735.3,16.54,0.05095288512440445,16.537586024351512,0.21942794449158717,11.496663960491407,0.026879840627731588,1,2,3,3,3
2024-08-06,Meta Ads,Video,E-commerce,Canada,70133,2293,0.0327,1.04,2384.72,75,31.8,14249.95,5.98,0.03270824247710423,5.975523331879635,0.0314422774593486,11.158162976835825,0.03400282320733463,1,1,3,0,1
2024-06-26,Google Ads,Video,SaaS,USA,30169,1523,0.0505,1.44,2193.12,34,64.5,8282.71,3.78,0.02232435981615233,3.776678886700226,0.035069420090680495,10.314603332153107,0.07269448771918194,0,0,3,4,6
2024-01-25,Google Ads,Search,EdTech,Germany,122959,3553,0.0289,1.67,5933.51,133,44.61,11079.66,1.87,0.0374331550802139,1.86730282750008,0.017305378859054577,11.719614378212478,0.04825600403386495,0,0,1,1,2
2024-04-12,Meta Ads,Search,Healthcare,Australia,73083,3040,0.0416,0.6,1824.0,203,8.99,29701.35,16.28,0.06677631578947368,16.283634868421053,0.06933321777797037,11.199364743531556,0.024957924551537294,1,1,1,3,0
2024-05-02,Meta Ads,Display,Fintech,India,113889,4623,0.0406,1.19,5501.37,362,15.2,19216.96,3.49,0.0783041315163314,3.4931226221832015,0.034117618388555974,11.642988349268396,0.04830466506861945,0,1,0,2,3
2024-06-23,Meta Ads,Search,Healthcare,Australia,57203,1029,0.018,0.87,895.23,11,81.38,1505.4,1.68,0.010689990281827016,1.6815790355551088,0.020689631391228282,10.954379104992826,0.015650053318881876,0,1,1,3,0
2024-07-12,TikTok Ads,Display,SaaS,UAE,36562,1257,0.0344,0.43,540.51,74,7.3,11838.52,21.9,0.0588703261734288,21.902499491221256,0.07999981395392104,10.506792079094383,0.014783381653082435,1,2,0,4,4
2024-12-01,Google Ads,Search,EdTech,USA,177256,4059,0.0229,2.19,8889.21,138,64.41,32140.46,3.62,0.03399852180339985,3.615671133880289,0.010456616229855602,12.085355935857171,0.050148993546057674,0,0,1,1,6
2024-02-23,TikTok Ads,Shopping,SaaS,India,179036,11046,0.0617,0.87,9610.02,787,12.21,127296.84,13.25,0.0712475104110085,13.246261714335661,0.07091945871326584,12.095347767373196,0.05367646730266539,1,2,2,4,3
2024-07-02,Google Ads,Display,EdTech,Germany,87481,4181,0.0478,2.88,12041.28,104,115.78,28643.42,2.38,0.024874431954077972,2.3787687023306487,0.016597216459299843,11.379188336897906,0.13764451709514067,0,0,0,1,2
2024-06-22,TikTok Ads,Shopping,E-commerce,India,130645,8243,0.0631,0.95,7830.85,356,22.0,16420.6,2.1,0.043188159650612644,2.096911574094766,0.06642098271475504,11.780246654330055,0.05993991350606606,0,2,2,0,3
2024-11-24,Google Ads,Search,SaaS,India,121089,3499,0.0289,0.93,3254.07,185,17.59,28042.42,8.62,0.05287224921406116,8.617644979978918,0.03107523540297268,11.704289349748413,0.026873374129772316,1,0,1,4,3
2024-05-07,Google Ads,Search,EdTech,Canada,15589,285,0.0183,1.18,336.3,10,33.63,1359.76,4.04,0.03508771929824561,4.043294677371394,0.015508461433507263,9.654384962051822,0.021572903970748604,0,0,1,1,1
2024-08-11,TikTok Ads,Search,Fintech,Germany,101411,9370,0.0924,0.81,7589.7,523,14.51,26633.21,3.51,0.05581643543223052,3.509125525383085,0.11407393324205771,11.526946706332483,0.07484099358057804,0,2,1,2,2
2024-03-25,Google Ads,Shopping,E-commerce,UK,142045,9161,0.0645,2.39,21894.79,525,41.7,131680.16,6.01,0.057308154131645014,6.014223475082428,0.02698743640693037,11.86390622778695,0.15413981484740752,1,0,2,0,5
2024-07-05,Meta Ads,Shopping,Healthcare,UK,42236,1013,0.024,1.43,1448.59,29,49.95,4720.08,3.26,0.028627838104639685,3.2583960955135685,0.01678320504670976,10.651051893130637,0.03429751870442276,0,1,2,3,5
2024-05-23,Meta Ads,Shopping,E-commerce,Canada,75628,794,0.0105,0.5,397.0,49,8.1,3639.22,9.17,0.061712846347607056,9.166801007556675,0.020999958000084,11.233595086496363,0.00524937853704977,1,1,2,0,1
2024-12-08,TikTok Ads,Video,Fintech,Germany,116184,4089,0.0352,0.34,1390.26,263,5.29,54249.41,39.02,0.06431890437759843,39.021053615870414,0.10352910726733157,11.662939027287713,0.011966019417475727,1,2,3,2,2
2024-10-19,Google Ads,Video,E-commerce,USA,121465,5575,0.0459,1.64,9143.0,273,33.49,28769.59,3.15,0.04896860986547085,3.1466247402384337,0.02798778781232451,11.707389667210565,0.07527271230395587,0,0,3,0,6
2024-01-09,Google Ads,Video,Fintech,UK,108510,3721,0.0343,1.41,5246.61,116,45.23,23480.01,4.48,0.031174415479709755,4.47527260459611,0.024326223882110722,11.594606829312273,0.04835139618468343,1,0,3,2,5
2024-03-12,Meta Ads,Shopping,Healthcare,Canada,199650,4152,0.0208,0.78,3238.56,165,19.63,10558.75,3.26,0.039739884393063585,3.2603224890074602,0.026666632478676306,12.204326121244163,0.016221187077385426,0,1,2,3,1
2024-07-10,Google Ads,Shopping,SaaS,USA,73734,1990,0.027,0.82,1631.8,143,11.41,16954.02,10.39,0.07185929648241206,10.389765902684154,0.03292678911367181,11.20823286368504,0.0221309029755608,1,0,2,4,6
2024-03-10,Meta Ads,Shopping,E-commerce,Canada,149532,5069,0.0339,2.39,12114.91,397,30.52,95392.09,7.87,0.07831919510751628,7.873941283922043,0.014184094483642475,11.915272383240271,0.08101884546451596,1,1,2,0,1
2024-01-27,Google Ads,Search,Fintech,India,79432,4130,0.052,2.29,9457.7,311,30.41,59366.41,6.28,0.07530266343825666,6.2770451589709975,0.022707413664884858,11.282669178018816,0.11906662302346663,1,0,1,2,3
2024-10-07,TikTok Ads,Display,Fintech,Canada,192583,11285,0.0586,1.63,18394.55,562,32.73,124224.31,6.75,0.04980062029242357,6.753321500118242,0.03595089818963302,12.168287701167415,0.09551492083932642,1,2,0,2,1
2024-03-09,Meta Ads,Video,SaaS,Australia,79266,2425,0.0306,0.72,1746.0,104,16.79,20287.27,11.62,0.04288659793814433,11.619284077892326,0.0424999409723042,11.280577179776333,0.022027098629929603,1,1,3,4,0
2024-02-25,Google Ads,Video,Fintech,Australia,33695,1277,0.0379,2.88,3677.76,89,41.32,25041.09,6.81,0.0696945967110415,6.808788501696685,0.013159717652875816,10.425134414933702,0.10914853835880695,1,0,3,2,0
2024-03-19,TikTok Ads,Search,Fintech,India,92030,6267,0.0681,0.58,3634.86,136,26.73,11204.78,3.08,0.02170097335248125,3.082589150613779,0.11741359066622298,11.429880755795818,0.03949646854286646,0,2,1,2,3
2024-11-02,Google Ads,Search,Healthcare,India,26259,669,0.0255,1.41,943.29,22,42.88,2731.41,2.9,0.03288490284005979,2.895620646884839,0.018085093556671237,10.175802147856787,0.03592254084313949,0,0,1,3,3
2024-04-15,Google Ads,Video,Fintech,UK,99447,5917,0.0595,1.05,6212.85,195,31.86,28481.71,4.58,0.03295588980902484,4.584322814811237,0.0566666126984641,11.507390173471551,0.0624739811155691,1,0,3,2,5
2024-11-17,Meta Ads,Shopping,Healthcare,UAE,170910,3315,0.0194,0.5,1657.5,167,9.93,41334.16,24.94,0.05037707390648567,24.937653092006034,0.0387999224001552,12.048898232158141,0.009698086712304722,1,1,2,3,4
2024-03-04,Meta Ads,Video,Healthcare,USA,180259,2072,0.0115,1.37,2838.64,136,20.87,10032.66,3.53,0.06563706563706563,3.534319251472536,0.008394154456821564,12.1021555321104,0.015747563228465707,0,1,3,3,6
2024-02-23,Meta Ads,Video,Healthcare,UAE,146964,5246,0.0357,1.99,10439.54,131,79.69,7261.59,0.7,0.02497140678612276,0.6955852460932186,0.01793968947754298,11.897949742173607,0.07103467515854224,0,1,3,3,4
2024-09-10,Meta Ads,Display,EdTech,Germany,153057,2969,0.0194,2.24,6650.56,148,44.94,28216.02,4.24,0.0498484338160997,4.24265325025261,0.008660710419325705,11.93857221350734,0.04345152459541217,0,1,0,1,2
2024-12-08,Google Ads,Search,SaaS,UK,78635,2587,0.0329,2.35,6079.45,106,57.35,21303.72,3.5,0.04097410127560881,3.504218309222052,0.013999994042555725,11.272584888827497,0.07731226553061614,0,0,1,4,5
2024-11-12,Meta Ads,Display,Healthcare,UAE,54031,2215,0.041,1.66,3676.9,157,23.42,22778.62,6.2,0.0708803611738149,6.195061056868557,0.02469878030193958,10.897331742625349,0.06805167403897762,1,1,0,3,4
2024-09-17,Google Ads,Video,SaaS,Germany,162743,8723,0.0536,1.77,15439.71,106,145.66,20056.78,1.3,0.012151782643585922,1.2990386477466223,0.0302824687669668,11.999933693031787,0.09487173027411316,0,0,3,4,2
2024-08-04,Google Ads,Display,Healthcare,Canada,144494,8409,0.0582,3.04,25563.36,93,274.87,20233.22,0.79,0.011059579022475919,0.791492980578453,0.01914473054449653,11.881000183859834,0.1769164117541213,0,0,0,3,1
2024-11-09,Google Ads,Search,Fintech,Australia,112549,6640,0.059,3.67,24368.8,374,65.16,21696.69,0.89,0.056325301204819274,0.8903470831555103,0.01607628989746869,11.631152846334878,0.2165172502643293,0,0,1,2,0
2024-12-23,Google Ads,Search,E-commerce,USA,148994,7509,0.0504,3.46,25981.14,588,44.19,82753.51,3.19,0.07830603276068718,3.1851377576195654,0.014566469778476943,11.911668027317566,0.17437708901029572,0,0,1,0,6
2024-11-24,Google Ads,Display,Fintech,Canada,87373,3643,0.0417,1.05,3825.15,289,13.24,35842.03,9.37,0.0793302223442218,9.370097904657333,0.03971424789119249,11.377953034549302,0.04377954287937921,1,0,0,2,1
2024-04-01,TikTok Ads,Shopping,E-commerce,Australia,41200,1763,0.0428,1.78,3138.14,101,31.07,27614.2,8.8,0.05728871242200794,8.799543678739637,0.024044930311836903,10.626217806887722,0.07616844660194175,1,2,2,0,0
2024-12-23,Google Ads,Search,Fintech,India,51986,1996,0.0384,1.53,3053.88,82,37.24,20819.66,6.82,0.041082164328657314,6.8174453482127655,0.025098022811749793,10.858748966308355,0.05874427730542839,1,0,1,2,3
2024-10-15,Meta Ads,Search,Fintech,Germany,190392,6016,0.0316,2.29,13776.64,165,83.49,35908.75,2.61,0.02742686170212766,2.6064954880144944,0.013799120611737725,12.156845635957682,0.07235934282953065,0,1,1,2,2
2024-12-06,TikTok Ads,Shopping,E-commerce,Germany,137817,8654,0.0628,1.52,13154.08,392,33.56,54000.95,4.11,0.0452969724982667,4.105262397674333,0.04131576229226165,11.833689253124,0.09544598997220953,0,2,2,0,2
2024-01-20,TikTok Ads,Video,Fintech,USA,153145,7197,0.047,1.02,7340.94,89,82.48,6214.05,0.85,0.012366263720994858,0.8464924110536254,0.046078386197660595,11.939146993735049,0.04793457181102876,0,2,3,2,6
2024-03-07,Google Ads,Shopping,E-commerce,USA,20718,426,0.0206,2.65,1128.9,22,51.31,1505.14,1.33,0.051643192488262914,1.333280184250155,0.007773581972233218,9.938806432660483,0.05448885027512308,0,0,2,0,6
2024-01-22,TikTok Ads,Shopping,Fintech,Germany,5059,415,0.0822,0.73,302.95,4,75.74,798.87,2.64,0.00963855421686747,2.6369697969962043,0.1126025854759103,8.52912176228151,0.05988337616129669,0,2,2,2,2
2024-02-28,TikTok Ads,Search,SaaS,USA,96045,5820,0.0606,0.31,1804.2,235,7.68,47063.54,26.09,0.040378006872852236,26.0855448398182,0.19548324037664397,11.472582522352951,0.018784944557238795,1,2,1,4,6
2024-05-19,Google Ads,Display,E-commerce,UAE,12644,572,0.0453,2.22,1269.84,36,35.27,7362.94,5.8,0.06293706293706294,5.798321048321048,0.020405396213785485,9.445017159104065,0.10043024359379943,1,0,0,0,4
2024-07-16,Google Ads,Video,EdTech,Canada,91901,3326,0.0362,2.58,8581.08,261,32.88,77117.41,8.99,0.07847263980757667,8.986911903862918,0.014031002313564994,11.42847807089261,0.09337308625586228,1,0,3,1,1
2024-03-30,Google Ads,Search,Fintech,Canada,120431,6262,0.052,2.77,17345.74,188,92.26,8830.89,0.51,0.030022357074417118,0.5091100177911118,0.01877255639979913,11.698840557274313,0.14403052370236902,0,0,1,2,1
2024-01-23,Google Ads,Search,Fintech,Germany,7948,289,0.0364,2.07,598.23,6,99.7,1368.08,2.29,0.020761245674740483,2.286879628236631,0.017584532567858663,8.980801413573113,0.07526799194765979,0,0,1,2,2
2024-08-14,Meta Ads,Video,E-commerce,UAE,108924,2134,0.0196,0.41,874.94,85,10.29,7418.36,8.48,0.039831302717900655,8.478707111344777,0.04780476145180134,11.598414850985643,0.008032573170283868,1,1,3,0,4
2024-03-30,Google Ads,Search,SaaS,Germany,66402,2695,0.0406,1.86,5012.7,199,25.19,14266.46,2.85,0.0738404452690167,2.8460629999800506,0.021827945253792874,11.103497515166799,0.07549019607843137,0,0,1,4,2
2024-08-29,Google Ads,Display,EdTech,Canada,96676,5326,0.0551,1.67,8894.42,355,25.05,14113.5,1.59,0.06665414945550131,1.5867813752892264,0.03299399221916634,11.479130804133241,0.09200235839298275,0,0,0,1,1
2024-04-10,Meta Ads,Search,Fintech,USA,10108,320,0.0317,0.51,163.2,8,20.4,624.2,3.82,0.025,3.8247549019607847,0.06215674086913554,9.221181395154058,0.016145627225959636,0,1,1,2,6
2024-03-30,Google Ads,Search,SaaS,UK,23936,1211,0.0506,2.7,3269.7,49,66.73,7236.18,2.21,0.04046242774566474,2.213102119460501,0.01874073379972822,10.08318065797639,0.13660177139037433,0,0,1,4,5
2024-05-21,Meta Ads,Display,SaaS,India,157455,3810,0.0242,1.24,4724.4,244,19.36,55928.06,11.84,0.06404199475065617,11.838129709592753,0.01951611329345702,11.966901333138766,0.03000476326569496,1,1,0,4,3
2024-03-29,Google Ads,Shopping,Fintech,Australia,165805,9832,0.0593,2.76,27136.32,509,53.31,143237.84,5.28,0.05176973148901546,5.278454853126732,0.021485499461775557,12.018573709207084,0.16366406320677904,1,0,2,2,0
2024-10-27,Meta Ads,Search,Fintech,USA,69385,2650,0.0382,1.7,4505.0,160,28.16,32080.73,7.12,0.06037735849056604,7.121138734739179,0.022470575017308814,11.147440397038215,0.0649275780067738,1,1,1,2,6
2024-04-27,TikTok Ads,Video,Healthcare,Australia,89944,2644,0.0294,0.31,819.64,80,10.25,12715.09,15.51,0.030257186081694403,15.513017910302084,0.09483840374708469,11.406953651396787,0.009112781286133595,1,2,3,3,0
2024-04-03,Meta Ads,Search,SaaS,India,62603,1396,0.0223,1.5,2094.0,17,123.18,2988.24,1.43,0.012177650429799427,1.4270487106017191,0.014866656755562164,11.044584452810392,0.03344887625193681,0,1,1,4,3
2024-01-10,Meta Ads,Shopping,EdTech,USA,62284,1413,0.0227,1.06,1497.78,88,17.02,10561.64,7.05,0.06227883934890304,7.051529597137096,0.021415074136722514,11.039475905320193,0.02404758846573759,1,1,2,1,6
2024-11-09,Meta Ads,Video,EdTech,USA,172812,2972,0.0172,0.99,2942.28,178,16.53,47180.83,16.04,0.059892328398384924,16.035465693271885,0.01737371982452543,12.059965364003828,0.017025900979098674,1,1,3,1,6
2024-01-19,Google Ads,Search,Healthcare,UAE,82764,2276,0.0275,0.91,2071.16,130,15.93,22792.2,11.0,0.05711775043936731,11.004557832325847,0.03021974701126702,11.323760545694267,0.025024890048813492,1,0,1,3,4
2024-04-14,Meta Ads,Search,E-commerce,India,133260,2611,0.0196,2.08,5430.88,108,50.29,16755.51,3.09,0.04136346227499042,3.085229281442418,0.009423072392753655,11.800064890215642,0.04075401470808945,0,1,1,0,3
2024-07-08,Google Ads,Search,Fintech,Australia,188420,9364,0.0497,2.65,24814.6,324,76.59,68719.44,2.77,0.03460059803502777,2.769314838844874,0.018754709903883057,12.146434099880794,0.13169833351024307,0,0,1,2,0
2024-02-20,Google Ads,Shopping,Fintech,UK,89431,3300,0.0369,1.47,4851.0,56,86.62,9891.88,2.04,0.01696969696969697,2.0391424448567306,0.025102023740119907,11.401233838950162,0.05424293589471212,0,0,2,2,5
2024-01-04,Google Ads,Display,E-commerce,USA,52897,1883,0.0356,2.77,5215.91,108,48.3,5473.28,1.05,0.05735528412108338,1.0493432593737237,0.012851980919862484,10.876120809948317,0.09860502485963286,0,0,0,0,6
2024-06-09,Google Ads,Shopping,SaaS,UK,83334,3341,0.0401,1.73,5779.93,256,22.58,32514.9,5.63,0.07662376533971865,5.625483353604628,0.023179177353076674,11.330623907976276,0.06935860513115895,1,0,2,4,5
2024-10-17,TikTok Ads,Shopping,SaaS,USA,180721,9379,0.0519,1.3,12192.7,286,42.63,52558.42,4.31,0.03049365604008956,4.310646534401732,0.03992304621304138,12.104715217924383,0.06746697948771864,1,2,2,4,6
2024-12-09,TikTok Ads,Display,Healthcare,Australia,195759,7262,0.0371,0.47,3413.14,75,45.51,16681.83,4.89,0.010327733406774993,4.887531715663584,0.07893600226382498,12.184644698116553,0.017435418039528194,1,2,0,3,0
2024-07-10,Google Ads,Video,SaaS,USA,158514,4565,0.0288,2.14,9769.1,235,41.57,15388.32,1.58,0.05147864184008762,1.5752034476052041,0.013457937636477738,11.973604505045628,0.061629256721803756,0,0,3,4,6
2024-05-17,Meta Ads,Video,SaaS,USA,82948,2347,0.0283,2.31,5421.57,65,83.41,10510.94,1.94,0.027694929697486152,1.9387262361271738,0.012251076947585735,11.32598124009083,0.06536106958576457,0,1,3,4,6
2024-02-02,Google Ads,Video,SaaS,Canada,44420,1066,0.024,3.64,3880.24,44,88.19,2655.91,0.68,0.04127579737335835,0.6844705482135126,0.006593404782031653,10.701467609576829,0.08735344439441692,0,0,3,4,1
2024-02-25,TikTok Ads,Search,Fintech,UAE,57006,2981,0.0523,1.1,3279.1,192,17.08,40566.37,12.37,0.06440791680644078,12.371190265621665,0.04754541132235334,10.950929346294066,0.05752201522646739,1,2,1,2,4
2024-08-15,Meta Ads,Video,SaaS,USA,37588,1191,0.0317,1.96,2334.36,48,48.63,13381.03,5.73,0.04030226700251889,5.732204972669169,0.016173461135989217,10.534466733384463,0.06210386293497925,1,1,3,4,6
2024-02-02,TikTok Ads,Shopping,Healthcare,Australia,196605,14922,0.0759,1.76,26262.72,757,34.69,181823.28,6.92,0.050730465085109235,6.923246335490002,0.043124975497173014,12.188957005049453,0.1335811398489357,1,2,2,3,0
2024-04-01,Meta Ads,Video,Fintech,Germany,59376,564,0.0095,0.64,360.96,25,14.44,4065.83,11.26,0.044326241134751775,11.263935062056738,0.014843726806676864,10.991662224980168,0.006079223928860145,1,1,3,2,2
2024-05-21,Meta Ads,Video,E-commerce,India,15865,528,0.0333,1.88,992.64,39,25.45,3165.22,3.19,0.07386363636363637,3.188688749194068,0.017712756535767805,9.671933733861948,0.06256791679798299,0,1,3,0,3
2024-11-26,Google Ads,Video,EdTech,UAE,80511,3622,0.045,3.32,12025.04,140,85.89,31780.44,2.64,0.03865267807840972,2.6428552420615645,0.013554212784875667,11.296161520620057,0.14935896958179629,0,0,3,1,4
2024-06-26,Google Ads,Shopping,E-commerce,UK,143944,7873,0.0547,2.11,16612.03,513,32.38,65899.82,3.97,0.06515940556331767,3.966993799072119,0.02592415832978278,11.877186561154335,0.11540619963319068,0,0,2,0,5
2024-07-08,Meta Ads,Search,SaaS,UK,44612,811,0.0182,2.0,1622.0,23,70.52,1008.1,0.62,0.02836004932182491,0.6215166461159063,0.009099995450002275,10.705780575356794,0.036357930601631845,0,1,1,4,5
2024-11-13,Google Ads,Display,E-commerce,Australia,17299,479,0.0277,1.94,929.26,30,30.98,3163.73,3.4,0.06263048016701461,3.404569227126961,0.01427834315549322,9.75846178048587,0.05371755592808833,0,0,0,0,0
2024-10-29,TikTok Ads,Shopping,Healthcare,UAE,71514,3354,0.0469,1.31,4393.74,165,26.63,17363.87,3.95,0.049194991055456175,3.9519566474119996,0.03580149938816841,11.177662496889,0.061438879100595686,0,2,2,3,4
2024-03-14,Google Ads,Video,E-commerce,India,37135,1006,0.0271,1.92,1931.52,62,31.15,17772.87,9.2,0.061630218687872766,9.201494160039761,0.014114575981991676,10.522342128514218,0.052013464386697184,1,0,3,0,3
2024-11-23,Google Ads,Display,EdTech,UAE,80542,4236,0.0526,2.15,9107.4,104,87.57,15932.35,1.75,0.024551463644948063,1.7493851154006632,0.02446510489995121,11.296546482283873,0.11307640734026966,0,0,0,1,4
2024-04-03,Google Ads,Shopping,E-commerce,Australia,112992,2802,0.0248,3.0,8406.0,124,67.79,7395.68,0.88,0.04425410421127766,0.8798096597668332,0.008266663911112028,11.635081148873034,0.0743946474086661,0,0,2,0,0
2024-06-09,Meta Ads,Search,SaaS,UK,119863,1114,0.0093,1.23,1370.22,75,18.27,21180.36,15.46,0.06732495511669659,15.457634540438761,0.0075609694626264535,11.69411304572298,0.011431551020748689,1,1,1,4,5
2024-02-07,TikTok Ads,Search,Fintech,Germany,108806,5070,0.0466,0.36,1825.2,279,6.54,26787.94,14.68,0.05502958579881657,14.676714880561033,0.12944408487754203,11.597330949569658,0.016774810212672096,1,2,1,2,2
2024-11-30,TikTok Ads,Shopping,Healthcare,UK,7234,496,0.0687,0.71,352.16,10,35.22,399.8,1.14,0.020161290322580645,1.1352794184461608,0.09676042709799,8.886685639065584,0.04868122753663257,0,2,2,3,5
2024-05-03,Meta Ads,Shopping,Fintech,Australia,143541,1980,0.0138,1.41,2791.8,152,18.37,42063.3,15.07,0.07676767676767676,15.066731141199226,0.009787227101257377,11.87438295428535,0.01944949526616089,1,1,2,2,0
2024-03-21,TikTok Ads,Video,EdTech,India,5497,231,0.0422,1.38,318.78,18,17.71,4467.32,14.01,0.07792207792207792,14.013802622498275,0.03057968798573335,8.612139668725192,0.057991631799163175,1,2,3,1,3
2024-03-03,Meta Ads,Display,EdTech,UK,160478,4413,0.0275,1.02,4501.26,82,54.89,13362.88,2.97,0.018581463856786766,2.9686976535458958,0.026960757881609922,11.985918371870266,0.028049078378344697,0,1,0,1,5
2024-10-14,Google Ads,Video,E-commerce,UK,116011,2726,0.0235,1.96,5342.96,127,42.07,4188.78,0.78,0.04658840792369773,0.7839811639989818,0.011989789801127653,11.66144891301396,0.046055632655524044,0,0,3,0,5
2024-09-17,Meta Ads,Search,EdTech,Germany,166243,1895,0.0114,0.92,1743.4,51,34.18,5887.21,3.38,0.02691292875989446,3.376855569576689,0.012391290879031652,12.021211867641268,0.010487058101694507,0,1,1,1,2
2024-01-16,TikTok Ads,Video,E-commerce,Australia,62868,2715,0.0432,1.6,4344.0,180,24.13,35590.01,8.19,0.06629834254143646,8.192912062615102,0.02699998312501055,11.048808475413166,0.06909715594579117,1,2,3,0,0
2024-12-15,Google Ads,Video,EdTech,UAE,132953,8163,0.0614,2.76,22529.88,130,173.31,16572.4,0.74,0.015925517579321327,0.7355742684825662,0.022246368751315672,11.79775848271726,0.1694574774544388,0,0,3,1,4
2024-03-11,Meta Ads,Display,Healthcare,UAE,107326,2436,0.0227,0.77,1875.72,84,22.33,5936.35,3.16,0.034482758620689655,3.164838035527691,0.02948048119418027,11.58363552790632,0.017476846244153327,0,1,0,3,4
2024-03-28,TikTok Ads,Search,E-commerce,Australia,24854,1106,0.0445,1.14,1260.84,38,33.18,8735.32,6.93,0.034358047016274866,6.928174867548619,0.03903505347802327,10.120814218528773,0.050729862396394945,1,2,1,0,0
2024-04-05,Google Ads,Display,Healthcare,India,175949,7108,0.0404,2.44,17343.52,75,231.25,22062.99,1.27,0.010551491277433878,1.2721171942027916,0.016557370263372843,12.077955142749731,0.09857129054441913,0,0,0,3,3
2024-12-27,TikTok Ads,Shopping,EdTech,USA,131956,7772,0.0589,0.29,2253.88,211,10.68,23120.58,10.26,0.02714873906330417,10.25812376878982,0.20310274792155894,11.790231390922225,0.017080541998848103,1,2,2,1,6
2024-11-11,Google Ads,Video,Healthcare,UAE,90096,4784,0.0531,3.17,15165.28,310,48.92,81015.37,5.34,0.06479933110367893,5.342161173417173,0.016750783359374334,11.408642146704691,0.1683235659740721,1,0,3,3,4
2024-02-13,Google Ads,Video,E-commerce,UK,48766,1731,0.0355,1.04,1800.24,44,40.91,12477.84,6.93,0.025418833044482957,6.9312091721103855,0.03413458256290138,10.794809133586739,0.03691588401755321,1,0,3,0,5
2024-04-24,Meta Ads,Display,Fintech,USA,68989,2952,0.0428,1.79,5284.08,169,31.27,14776.11,2.8,0.05724932249322493,2.79634486987328,0.023910601167261916,11.141716845540154,0.07659308005624085,0,1,0,2,6
2024-10-13,Google Ads,Search,E-commerce,India,197557,4326,0.0219,1.18,5104.68,259,19.71,39016.05,7.64,0.059870550161812294,7.643192129575214,0.018559306305672624,12.193787491096536,0.02583902367418011,1,0,1,0,3
2024-05-14,Google Ads,Video,E-commerce,Canada,96178,4328,0.045,3.36,14542.08,275,52.88,37193.1,2.56,0.06353974121996303,2.5576189926062844,0.01339285315688894,11.473966317605633,0.15119965064775728,0,0,3,0,1
2024-09-10,TikTok Ads,Shopping,Healthcare,India,144940,5333,0.0368,1.31,6986.23,148,47.2,32610.09,4.67,0.027751734483405212,4.66776644914353,0.028091581609479686,11.884082042046122,0.048200841727611424,1,2,2,3,3
2024-04-12,TikTok Ads,Shopping,SaaS,UAE,152322,13678,0.0898,0.41,5607.98,813,6.9,103237.84,18.41,0.059438514402690455,18.40909561018406,0.21902385603937555,11.933758545209391,0.03681661217683591,1,2,2,4,4
2024-08-22,Google Ads,Display,EdTech,Australia,89124,2664,0.0299,1.24,3303.36,198,16.68,52262.98,15.82,0.07432432432432433,15.821157851399787,0.024112883779932436,11.397795157716597,0.037064763700013464,1,0,0,1,0
2024-12-13,Google Ads,Video,Fintech,India,126404,2073,0.0164,0.92,1907.16,24,79.47,3807.61,2.0,0.011577424023154847,1.9964816795654272,0.017826067580361326,11.747246316874563,0.01508781367678238,0,0,3,2,3
2024-11-20,Meta Ads,Search,Healthcare,Canada,84654,2937,0.0347,1.84,5404.08,104,51.96,30747.28,5.69,0.035410282601293835,5.689641900193927,0.01885868540288837,11.346339452562333,0.06383726699269969,1,1,1,3,1
2024-06-20,Meta Ads,Video,EdTech,Germany,95987,1919,0.02,1.71,3281.49,124,26.46,28533.79,8.7,0.06461698801459093,8.695376185818029,0.011695899593041174,11.471978462636823,0.03418681696479731,1,1,3,1,2
2024-06-01,Google Ads,Shopping,SaaS,UAE,154088,9106,0.0591,3.24,29503.44,294,100.35,42565.78,1.44,0.03228640456841643,1.44273955850572,0.018240735110884223,11.945285636541037,0.1914713670110586,0,0,2,4,4
2024-02-29,TikTok Ads,Search,EdTech,Australia,71883,2077,0.0289,1.71,3551.67,87,40.82,12811.32,3.61,0.04188733750601829,3.607125662012518,0.016900574911944497,11.182808987651912,0.04940903968949543,0,2,1,1,0
2024-07-22,Meta Ads,Shopping,E-commerce,UAE,133716,1617,0.0121,0.85,1374.45,48,28.63,3570.09,2.6,0.029684601113172542,2.597468078140347,0.014235277370261918,11.80348090534369,0.010278874629812439,0,1,2,0,4
2024-12-26,TikTok Ads,Display,Fintech,Germany,43319,2534,0.0585,1.66,4206.44,111,37.9,10456.87,2.49,0.04380426203630623,2.48591920959291,0.03524094262593818,10.676369701114927,0.09710381126064774,0,2,0,2,2
2024-09-03,Google Ads,Search,E-commerce,India,144911,7897,0.0545,1.63,12872.11,555,23.19,21004.5,1.63,0.07027985310877548,1.6317837557323547,0.03343556230947098,11.88388194061473,0.08882769423991278,0,0,1,0,3
2024-10-22,Google Ads,Search,Fintech,UAE,180634,7821,0.0433,2.21,17284.41,581,29.75,136556.31,7.9,0.07428717555299834,7.90054795043626,0.01959275131549714,12.10423369963814,0.09568746747566903,1,0,1,2,4
2024-02-03,Meta Ads,Display,EdTech,Australia,76095,2031,0.0267,1.49,3026.19,135,22.42,33172.87,10.96,0.06646971935007386,10.961925721782176,0.017919451060771103,11.239750980050454,0.039768578750246406,1,1,0,1,0
2024-07-11,TikTok Ads,Video,E-commerce,Germany,180128,10555,0.0586,0.84,8866.2,707,12.54,200566.9,22.62,0.0669824727617243,22.62151767386253,0.069761821712117,12.101428539856089,0.04922166459406645,1,2,3,0,2
2024-06-23,Meta Ads,Display,EdTech,Australia,169849,5927,0.0349,0.94,5571.38,437,12.75,105321.92,18.9,0.0737303863674709,18.904099163941428,0.03712762007699992,12.04267097358873,0.03280195938745592,1,1,0,1,0
2024-03-01,Meta Ads,Video,Fintech,Australia,122974,2939,0.0239,1.85,5437.15,91,59.75,26004.98,4.78,0.030962912555290916,4.782832917980928,0.012918911935723278,11.719736361663541,0.044213817554930306,1,1,3,2,0
2024-08-02,Google Ads,Search,E-commerce,USA,28553,850,0.0298,2.06,1751.0,51,34.33,13010.72,7.43,0.06,7.430451170759565,0.014466012395139612,10.259552310349166,0.061324554337547715,1,0,1,0,6
2024-01-29,Meta Ads,Display,EdTech,UK,77447,906,0.0117,1.15,1041.9,29,35.93,8284.13,7.95,0.03200883002207505,7.9509837796333604,0.010173904196605047,11.257362022399908,0.013453071132516432,1,1,0,1,5
